"GeneID","Symbol","Ensembl","Entrez","logFC","AveExpr","t","P.Value","adj.P.Val","B"
"ENSG00000160179","ABCG1","ENSG00000160179","9619","1.7526370669095563","3.64968532444761617","13.081646046144698","0.00000005734352524106571","0.0001681043762841175","8.35328954100216770"
"ENSG00000168003","SLC3A2","ENSG00000168003","6520","0.6345945566022647","8.57470474823492168","10.831158906420040","0.00000038603838621998955","0.0003782650473841383","7.08662254606512576"
"ENSG00000051108","HERPUD1","ENSG00000051108","9709","0.5483753879603999","6.75268592257059908","10.760403211219920","0.00000041209111438661252","0.0003782650473841383","7.01120323650379795"
"ENSG00000165376","CLDN2","ENSG00000165376","9075","-1.4081823790405730","4.68385615874449712","-10.125671274036469","0.00000075278870889364023","0.0004525539949200431","6.42256676585357322"
"ENSG00000196878","LAMB3","ENSG00000196878","3914","0.7034740218767421","8.73125570896915626","10.064879010008301","0.00000079881279570418891","0.0004525539949200431","6.35635874445822324"
"ENSG00000187837","H1-2","ENSG00000187837","3006","1.1556328026152920","5.40628502868343563","9.296602504804262","0.00000173619865595686674","0.0005860247979754802","5.61305277791167256"
"ENSG00000006652","IFRD1","ENSG00000006652","3475","0.7323431894020668","4.77066326146195330","8.567209489607597","0.00000380959119448625827","0.0009671879762001580","4.85276995972198222"
"ENSG00000086548","CEACAM6","ENSG00000086548","4680","2.3484707057288352","0.96867139972422323","8.152116807212550","0.00000609815253492324420","0.0011737199496763496","2.97182343053751241"
"ENSG00000107738","VSIR","ENSG00000107738","64115","0.8478434934790600","3.06485662996091790","7.992003921412326","0.00000734672336986548288","0.0012854780296353819","4.11476159298787891"
"ENSG00000163584","RPL22L1","ENSG00000163584","200916","-0.5020536670238105","7.56991494185644154","-7.644836267444165","0.00001110856267865314982","0.0015314132029458790","3.61854146082672656"
"ENSG00000282937","PRSS22","ENSG00000282937","64063","0.8215115841504943","4.77458763576747724","7.374321763987833","0.00001547633753181083271","0.0016948988575685082","3.45656120584567761"
"ENSG00000185269","NOTUM","ENSG00000185269","147111","0.6488056832699667","3.38281165316353016","7.358382327072219","0.00001578587917167316828","0.0016948988575685082","3.45911921503259423"
"ENSG00000011028","MRC2","ENSG00000011028","9902","2.0652640668064968","-0.60824897746097872","7.320741254045982","0.00001654362519676297913","0.0016964646109640124","1.35914795107386865"
"ENSG00000285069","SESN2","ENSG00000285069","83667","0.7164613322984025","4.32221096817624861","7.309820085781725","0.00001677073449207550491","0.0016964646109640124","3.40564662711082944"
"ENSG00000162772","ATF3","ENSG00000162772","467","1.8146498001773570","2.62620060872411454","7.216519588653854","0.00001885341885365948659","0.0017669068064242570","3.13963845879164127"
"ENSG00000174844","DNAH12","ENSG00000174844","201625","2.0796763244713357","-0.47981902972441948","7.049051637774149","0.00002332284188383368468","0.0019112921310878387","1.23316734872171963"
"ENSG00000131016","AKAP12","ENSG00000131016","9590","0.5729477343071103","4.46751530295746502","7.000694378958258","0.00002481625178301762337","0.0019678842178299490","3.00649291945773101"
"ENSG00000136235","GPNMB","ENSG00000136235","10457","2.3689999963388000","-0.56068869770101526","6.906440922118344","0.00002803071894174113601","0.0021162538190194688","1.15810676784742927"
"ENSG00000175197","DDIT3","ENSG00000175197","1649","1.0330270739997081","3.91419399033180548","6.168645768426810","0.00007564081723422381629","0.0034853996496396070","1.94622361793008603"
"ENSG00000176046","NUPR1","ENSG00000176046","26471","1.6245505766939932","0.39950786585489895","6.153798474642256","0.00007722398324770432770","0.0034974352665069529","1.08932250332547942"
"ENSG00000124107","SLPI","ENSG00000124107","6590","0.6363566570842801","2.99999902306739186","6.129469923217004","0.00007989524102278112647","0.0035919568776492019","1.91639058908962112"
"ENSG00000105499","PLA2G4C","ENSG00000105499","8605","2.0000242290944832","-1.07911222330686507","6.060896918162740","0.00008797033852431905012","0.0037413255812861600","0.38168278606319017"
"ENSG00000184678","H2BC21","ENSG00000184678","8349","1.1167459389335916","3.37995462257531720","6.038895397729193","0.00009074268488081961158","0.0038136613579692518","1.79585398339749447"
"ENSG00000125775","SDCBP2","ENSG00000125775","27111","1.6040566842348385","1.57141723925062737","5.843346169973231","0.00011990842733309969696","0.0044424618125295887","1.29843240755984191"
"ENSG00000185950","IRS2","ENSG00000185950","8660","0.5081830386042219","4.52578630075877175","5.740711850326370","0.00013909044253341125387","0.0048025147997936245","1.26664488072725767"
"ENSG00000225553","PHF1","ENSG00000225553","5252","0.7902520131987876","5.15837407338925491","5.738584276119715","0.00013952114024863828605","0.0048045737338812998","1.17641237147380928"
"ENSG00000120885","CLU","ENSG00000120885","1191","0.8095582851476183","7.66044888101850763","5.682348196436681","0.00015143657862655234394","0.0050406190746956278","0.90313042360886531"
"ENSG00000141540","TTYH2","ENSG00000141540","94015","0.8472204453023378","1.58495301426715018","5.629843318698725","0.00016354379351381760437","0.0052545038174116867","1.07847093804133554"
"ENSG00000183696","UPP1","ENSG00000183696","7378","0.7530240211264666","3.16035900182557494","5.576963839319751","0.00017678520436308154729","0.0054747056585232323","1.16032418822851557"
"ENSG00000164867","NOS3","ENSG00000164867","4846","3.7664486853875703","-0.93461402870128152","5.495979003848595","0.00019932460566369450839","0.0058258577745677583","0.13456275571584975"
"ENSG00000211445","GPX3","ENSG00000211445","2878","0.7381804798215588","2.69558454569577099","5.335681188635045","0.00025345735590085903197","0.0067526046177043674","0.82718335739389937"
"ENSG00000197409","H3C4","ENSG00000197409","8351","1.8414786769856963","0.57352951265279284","5.239293946331119","0.00029336657778164949286","0.0074982936954842115","0.24296681833760927"
"ENSG00000102879","CORO1A","ENSG00000102879","11151","-0.6347955863399113","4.33526458597269126","-5.156457737905328","0.00033300221651575074352","0.0079405390413369078","0.41457699055692482"
"ENSG00000140961","OSGIN1","ENSG00000140961","29948","0.6905867488619118","3.05331240235692425","5.154425287049188","0.00033404334303404681957","0.0079507228044206589","0.55382583149319409"
"ENSG00000132837","DMGDH","ENSG00000132837","29958","1.6108342164935128","-0.11083207423739952","5.115639783913124","0.00035458690942187574661","0.0082270041752950645","-0.16153803409615008"
"ENSG00000161681","SHANK1","ENSG00000161681","50944","0.9594337944291373","2.24031977013935313","4.935563000003884","0.00046911875929969595704","0.0093398577739649581","0.24856605874361565"
"ENSG00000078081","LAMP3","ENSG00000078081","27074","1.0066590748586557","2.35117765127651124","4.927354504597836","0.00047519464554531833621","0.0093878013653801197","0.23953840475920707"
"ENSG00000059804","SLC2A3","ENSG00000059804","6515","0.9335163539663455","3.13415676934121690","4.836316045862292","0.00054844394357434216210","0.0100657609394079750","0.07125058747671531"
"ENSG00000183091","NEB","ENSG00000183091","4703","1.0160208053445385","2.46107180905745437","4.787064919325863","0.00059296123191175773189","0.0104457986813516167","0.03481639315855567"
"ENSG00000131480","AOC2","ENSG00000131480","314","1.0041222580513138","1.04004036859749993","4.778546133180799","0.00060104064580619276197","0.0105165868674305212","-0.12365195686751383"
"ENSG00000169994","MYO7B","ENSG00000169994","4648","0.7920608763854373","3.10895639863162332","4.765833873389007","0.00061331402157334077331","0.0106450267444123566","-0.03619712536995845"
"ENSG00000148346","LCN2","ENSG00000148346","3934","1.5006826841721819","1.04610555242217718","4.725100186927959","0.00065445477854405101088","0.0110820820856837882","-0.20387713085890713"
"ENSG00000137571","SLCO5A1","ENSG00000137571","81796","-0.8536965325307796","6.35343694883724108","-4.544284186815085","0.00087549339544365262396","0.0129253361700937090","-0.86939173796753189"
"ENSG00000163347","CLDN1","ENSG00000163347","9076","0.7686535929922406","1.81506830203549208","4.296695428543404","0.00131349268906133607310","0.0163290783373543150","-0.69452833833945959"
"ENSG00000087589","CASS4","ENSG00000087589","57091","1.1494337833869221","0.29105266792018913","4.293873438104834","0.00131964175044535850234","0.0163396250075043825","-0.91735583966610534"
"ENSG00000214212","C19orf38","ENSG00000214212","255809","1.1957621880202167","0.16355448815679322","4.291915994993064","0.00132392468836842604023","0.0163678120805380647","-0.95358235783410095"
"ENSG00000178226","PRSS36","ENSG00000178226","146547","0.9362634227322975","0.07508276876785371","4.251989338786112","0.00141453691920783862675","0.0171492734362388502","-1.01886082019018698"
"ENSG00000168237","GLYCTK","ENSG00000168237","132158","-0.6265319186804650","2.37531162850286126","-4.189325286650736","0.00157006665177609116765","0.0183476741942209635","-0.87244544434603455"
"ENSG00000196208","GREB1","ENSG00000196208","9687","1.5084559489872764","-0.47468963232896422","4.148913289388251","0.00167976836438750204601","0.0191038525547955994","-1.30759952362560727"
"ENSG00000173262","SLC2A14","ENSG00000173262","144195","0.9327261864283601","0.49047371204400736","4.069605753812101","0.00191897146044013307102","0.0203451998129661055","-1.15599400126984708"
"ENSG00000177602","HASPIN","ENSG00000177602","83903","-0.5923756428325042","3.53901676438881330","-3.934404482827738","0.00241212294534221471584","0.0232382201609308003","-1.43601437770976759"
"ENSG00000171346","KRT15","ENSG00000171346","3866","1.2128398922571120","0.31473623370478071","3.884824958563482","0.00262456589796564165873","0.0243604869153112025","-1.43479947815783748"
"ENSG00000135842","NIBAN1","ENSG00000135842","116496","1.3783411881308423","-0.65027877383585009","3.825864129715772","0.00290274080862341866613","0.0260101646990007034","-1.70963350997414176"
"ENSG00000178381","ZFAND2A","ENSG00000178381","90637","0.5027442799059632","3.31102646881346319","3.751827927342994","0.00329593320816866722223","0.0281178392582518213","-1.70651361732536810"
"ENSG00000118513","MYB","ENSG00000118513","4602","-0.5063558464637615","5.55712023761899410","-3.721533341998223","0.00347236752715101128566","0.0288761815938030075","-2.18371053852078045"
"ENSG00000186871","ERCC6L","ENSG00000186871","54821","-0.5337035392275475","3.67862274690775459","-3.711543757743129","0.00353266607179707160455","0.0292087869078087314","-1.83833104608156117"
"ENSG00000172602","RND1","ENSG00000172602","27289","1.0096717628651661","0.53911731589256162","3.637398618221814","0.00401544677379984255028","0.0316285292207601348","-1.73415845090832366"
"ENSG00000128965","CHAC1","ENSG00000128965","79094","1.0438704750597834","3.01061680813016341","3.635746051073712","0.00402695216796677100957","0.0316389421546321228","-1.84113963909053546"
"ENSG00000171476","HOPX","ENSG00000171476","84525","1.3204367510813046","-0.29355009547471478","3.631890669322012","0.00405392632716887121869","0.0317827132033968868","-1.87260385317825784"
"ENSG00000100739","BDKRB1","ENSG00000100739","623","1.1657367790935629","0.36043991973268547","3.604799573738291","0.00424880371580471476178","0.0327851671705837039","-1.80091998229980543"
"ENSG00000136425","CIB2","ENSG00000136425","10518","1.2017712654516866","0.57112497742003054","3.593619050841884","0.00433202290544891076979","0.0332096107636190019","-1.79396310159202499"
"ENSG00000171241","SHCBP1","ENSG00000171241","79801","-0.5810206808348185","3.68966408192128048","-3.492371012866590","0.00516655363435336838912","0.0372063696226819715","-2.21413514602778161"
"ENSG00000111886","GABRR2","ENSG00000111886","2570","0.9048339010115511","0.79357032337189770","3.427989290181606","0.00578163047913300004454","0.0399742195388365848","-2.01227604386665293"
"ENSG00000129810","SGO1","ENSG00000129810","151648","-0.5615156514598937","2.99078616146012166","-3.395247034307969","0.00612277487241044866828","0.0410552506721752891","-2.24949515995221772"
"ENSG00000057657","PRDM1","ENSG00000057657","639","0.6538474853420442","1.63255572830061624","3.383290768309295","0.00625243131745712409086","0.0415471812600749710","-2.09082805577223452"
"ENSG00000118523","CCN2","ENSG00000118523","1490","0.8948524174048744","0.99481339717241668","3.306145383679516","0.00715939448318242150499","0.0453050271021940010","-2.18736211616936327"
"ENSG00000174567","GOLT1A","ENSG00000174567","127845","0.6302068371465182","2.43262488908936758","3.281236360042555","0.00748011398838693310209","0.0464185010353357491","-2.34824850571425792"
"ENSG00000130477","UNC13A","ENSG00000130477","23025","0.8504527759029041","-0.20123734498981824","3.178545253968695","0.00896482734066921492511","0.0521927088160903663","-2.43327558583362391"
"ENSG00000128284","APOL3","ENSG00000128284","80833","1.2018527031543629","-0.33371510797044546","3.170272776167819","0.00909677394366928578073","0.0526766677203174896","-2.46231476929343795"
"ENSG00000110492","MDK","ENSG00000110492","4192","0.5597195094524247","2.58322958459412488","3.129770331022204","0.00977183544937086992488","0.0551791214123218410","-2.62620431775718544"
"ENSG00000129226","CD68","ENSG00000129226","968","1.4252117804598528","2.14715877465073168","3.124918358453787","0.00985604413085118535864","0.0555093777321709961","-2.54526738743638248"
"ENSG00000158406","H4C8","ENSG00000158406","8365","1.1697963519552839","-0.07853593035938991","3.120233215985411","0.00993805588168349476885","0.0557985149460624302","-2.50179027638351847"
"ENSG00000274641","H2BC17","ENSG00000274641","8348","0.7175432831140397","0.38544072838907806","3.113505940205000","0.01005702624076606176151","0.0563471985138204040","-2.47990524004630997"
"ENSG00000168779","SHOX2","ENSG00000168779","6474","0.9990817195343951","-0.53898589903254901","3.110907834353912","0.01010335875790233442495","0.0565578422815907408","-2.56072350473890520"
"ENSG00000164309","CMYA5","ENSG00000164309","202333","0.6631965593541909","1.81834269487544198","3.085587935749816","0.01056637716671677239277","0.0581937267352823223","-2.58132933015167554"
"ENSG00000127954","STEAP4","ENSG00000127954","79689","0.8375407973073022","1.95980368423884754","3.080883703068537","0.01065474150700571574768","0.0584979000290210688","-2.60502745079759812"
"ENSG00000174885","NLRP6","ENSG00000174885","171389","-0.6157347600813280","1.73684630970156362","-3.076750934188865","0.01073298863242267732476","0.0587631347722724837","-2.58532639396756281"
"ENSG00000113369","ARRDC3","ENSG00000113369","57561","0.5024455746029194","3.60965600322860025","3.037976531183506","0.01149603701548633158391","0.0613172858709677554","-2.98444588569445424"
"ENSG00000166341","DCHS1","ENSG00000166341","8642","0.6058699063387459","1.16116957188999592","2.973981279890214","0.01287722117006394849381","0.0660527376888488532","-2.69647358643935009"
"ENSG00000130203","APOE","ENSG00000130203","348","0.6943917150061591","0.56978799057125751","2.898138718466844","0.01473231895208604314007","0.0716581764806950017","-2.78749718980817107"
"ENSG00000276349","TBC1D3L","ENSG00000276349","729873","0.4847683752341539","1.50635955578553671","2.743986090057680","0.01937000660232564633323","0.0846734792325835317","-3.08734458845589321"
"ENSG00000174529","TMEM81","ENSG00000174529","388730","0.7295677013808685","0.17472215389956969","2.716317572005206","0.02034492779662669045826","0.0870542383049313778","-3.04437759820098774"
"ENSG00000134107","BHLHE40","ENSG00000134107","8553","0.6231062751099358","4.85627073707548362","2.632250066782379","0.02361608154706037326909","0.0952885708542654253","-3.95464518757662153"
"ENSG00000113070","HBEGF","ENSG00000113070","1839","0.6402892000614515","2.68454575187143973","2.592897120882379","0.02532123946190915214638","0.0992780361812278106","-3.53834797615126995"
"ENSG00000167601","AXL","ENSG00000167601","558","-0.5077251017098419","1.19565653317277820","-2.589728617363054","0.02546370196693406931510","0.0995483131243545538","-3.28796583009905774"
"ENSG00000112599","GUCA1B","ENSG00000112599","2979","0.8124491615237094","0.57722464918204264","2.576247091636967","0.02607874563724246405605","0.1010073582144826176","-3.25562422147349828"
"ENSG00000176170","SPHK1","ENSG00000176170","8877","1.0457794827072782","0.69541861904708324","2.488569747285404","0.03045074538463778124342","0.1110011968581897379","-3.38920345832722658"
"ENSG00000162733","DDR2","ENSG00000162733","4921","0.6374830225872113","0.21938377070848539","2.474032848931525","0.03124200995621148960191","0.1132020463345030370","-3.38446304702834722"
"ENSG00000110876","SELPLG","ENSG00000110876","6404","0.8903118431955642","0.08672171147284043","2.460339706488579","0.03200572513385213646586","0.1150180763344760826","-3.39815803113480452"
"ENSG00000197208","SLC22A4","ENSG00000197208","6583","0.6745699808659593","0.35996014261850040","2.457300690975328","0.03217768016567703476261","0.1153788704952529443","-3.41444647502482335"
"ENSG00000137699","TRIM29","ENSG00000137699","23650","0.6749812400088739","4.61401215543710119","2.447221740146679","0.03275445672431298582694","0.1168010756448373544","-4.21487838958601468"
"ENSG00000292098","DLX1","ENSG00000292098","1745","0.7631432021257054","-0.35550786904601406","2.444046759787094","0.03293822962694292061370","0.1172947873426790355","-3.41347337068123302"
"ENSG00000138166","DUSP5","ENSG00000138166","1847","1.0333285863582875","5.23038873457791986","2.431394414583054","0.03368061298127477537490","0.1187626843359329276","-4.36545751203131704"
"ENSG00000110944","IL23A","ENSG00000110944","51561","0.7791563659204397","0.64468361947817898","2.411113126022874","0.03490478737113602430986","0.1217858223878925256","-3.49938726513476572"
"ENSG00000204421","LY6G6C","ENSG00000204421","80740","0.5375117757558524","2.38682411248373816","2.371359209562914","0.03743118934167583705674","0.1275754250055327055","-3.83679801245469143"
"ENSG00000162496","DHRS3","ENSG00000162496","9249","0.5993695817633713","2.06347166671245308","2.359277286073181","0.03823358602862342997541","0.1293906094873539248","-3.78708318909397645"
"ENSG00000229341","TNXB","ENSG00000229341","7148","0.6077894732854277","2.21527469602655769","2.353997800460582","0.03858942624276574112629","0.1302544032824115849","-3.82661171873072670"
"ENSG00000131471","AOC3","ENSG00000131471","8639","0.8305348873571895","0.21905889595282751","2.350691004336591","0.03881393866106722101428","0.1307002803027038917","-3.55520830065587390"
"ENSG00000095752","IL11","ENSG00000095752","3589","0.6295910926242126","-0.20583994890768115","2.306073872043040","0.04196959188426586245813","0.1373703592676633334","-3.59777610774506895"
"ENSG00000149564","ESAM","ENSG00000149564","90952","0.5113522896763442","1.11862600490635433","2.287772728278548","0.04333443008134113538787","0.1403437220343183855","-3.73366829177561010"
"ENSG00000160183","TMPRSS3","ENSG00000160183","64699","0.5669269377991695","3.61867458904899575","2.272020189696115","0.04454336749588303639991","0.1427090286205074943","-4.27851136464007986"
"ENSG00000205426","KRT81","ENSG00000205426","3887","0.6353874439581129","-0.09826967494008365","2.228276351741947","0.04807298285177832863901","0.1502773978669303956","-3.70515233311943737"
