"Dataset","Plot_Category","Analysis_Name","GeneSet_Name","Denester_Rank","Pathway_ID","Description","NES","GSEA_P_Value","GSEA_P_Adjust","GSEA_Q_Value","Core_Gene_Count","Term_Size","Core_Density","Unexpected_Core_Gene_Fraction","Intersection_Size_With_MSP","Core_Genes_In_MSP_Intersection","Fraction_Core_In_MSP_Intersection","Fraction_Term_Overlap_With_MSP","Jaccard_With_MSP","Denester_P_Value","Reciprocal_P_Value","Denester_Status","Versus_Pathway_ID","Versus_Pathway_Name","Is_Reciprocal","Core_Enrichment_Matched","Core_Enrichment_Raw"
"GSE282081","ATF3_correlation","3D_organoid_none","C6","1","ERBB2_UP.V1_DN","ERBB2_UP.V1_DN","2.348422842843830","0.00000002014852348126765","0.000003808070937959587","0.000001882741534390733","88","197","0.4467005076142132","0.01123595505617977","0","0","0.00000000000000000","0.000000000000000000","0.000000000000000000","1.0000000000000000000","0.0000000000000000000","Keep","itself","",TRUE,"C2CD5/HS2ST1/MED17/ARHGAP29/STK17A/MPDZ/ADAM9/CAV1/AOPEP/CBR4/NRIP1/PLA2G12A/CUL5/PUS1/ZNF430/RMI1/DNAJB14/ALG13/TAF1D/ZNF84/XK/TTK/TIAM1/KLF10/HSPA13/ITPRID2/SLC7A2/STIL/MARCHF7/ACTR6/NOC3L/NCAPG/IFIH1/RECQL/PSPH/CYP26B1/DDX60/UBA6/RIF1/NOL8/NMRK1/AIRIM/ZCCHC2/RRN3/PMAIP1/GULP1/ZNF107/KCTD3/TVP23B/PRELID3B/TMED5/NRCAM/MYC/MYBL1/ASS1/SMAD7/MAD2L1/JAK2/IRS1/IGF1R/AMIGO2/ANXA3/ZBTB11/FBXO5/LTN1/RALGAPA1/IFIT5/RIGI/ICE1/WDR43/PEG10/GOLGA8A/HSPA4L/FKTN/EGR3/ECT2/ADD3/ERI2/CHD1/BTG3/PLK4/RAD51AP1/DLC1/ZNF267/PRMT3/CEBPZ/MBNL2/RASGRP1","C2CD5/HS2ST1/MED17/ARHGAP29/STK17A/MPDZ/ADAM9/CAV1/AOPEP/CBR4/NRIP1/PLA2G12A/CUL5/PUS1/ZNF430/RMI1/DNAJB14/ALG13/DCPH1/TAF1D/ZNF84/XK/TTK/TIAM1/KLF10/HSPA13/ITPRID2/SLC7A2/STIL/MARCHF7/ACTR6/NOC3L/NCAPG/IFIH1/RECQL/PSPH/CYP26B1/DDX60/UBA6/RIF1/NOL8/NMRK1/AIRIM/ZCCHC2/RRN3/PMAIP1/GULP1/ZNF107/KCTD3/TVP23B/PRELID3B/TMED5/NRCAM/MYC/MYBL1/ASS1/SMAD7/MAD2L1/JAK2/IRS1/IGF1R/AMIGO2/ANXA3/ZBTB11/FBXO5/LTN1/RALGAPA1/IFIT5/RIGI/ICE1/WDR43/PEG10/GOLGA8A/HSPA4L/FKTN/EGR3/ECT2/ADD3/ERI2/CHD1/BTG3/PLK4/RAD51AP1/DLC1/ZNF267/PRMT3/CEBPZ/MBNL2/RASGRP1"
"GSE282081","ATF3_correlation","3D_organoid_none","C6","2","TBK1.DF_DN","TBK1.DF_DN","2.082488344599092","0.00000089074435027593512","0.000084175341101075878","0.000041616979684579808","100","286","0.3496503496503496","0.00000000000000000","17","9","0.09000000000000000","0.059440559440559440","0.036480686695278972","0.0920937868384074237","0.3202962823352875632","Keep","ERBB2_UP.V1_DN","ERBB2_UP.V1_DN",FALSE,"NUP58/SUSD6/SLK/TTI1/CLOCK/SCARB1/ROCK2/CCNE2/CCNG2/MPDZ/PRKRA/LMO4/RIOX2/NSMAF/NRIP1/CUL5/DNAJB14/DSN1/UBXN8/KATNBL1/PANK3/HMBOX1/ZNF557/TTPAL/ZKSCAN1/YES1/VRK1/TEAD1/KLF5/SMARCA2/SLC22A5/SLC6A8/SOWAHC/BLMH/BDH1/RPS6KB1/RLF/RBM4/SHTN1/BACH1/DNAJC3/DDX60/IMPACT/C5orf22/MIS18BP1/UBE2W/ZNF654/RCBTB1/RIF1/RFWD3/RMND1/DCAF16/MFSD6/RRN3/ZNHIT6/PMAIP1/SERPINE2/GALNT7/RSF1/LUC7L3/NLK/ESF1/ANKFY1/YTHDF2/INSIG2/CEP83/KCTD3/ANGPTL4/GOLT1B/ATP2B1/NEK1/MYO6/MTAP/MBP/SMAD5/LETM1/TRIM23/ITGB6/ITGA2/IDE/AGFG1/SNX15/GTF2A1/TBK1/AFF4/ZZZ3/PNISR/GALNT3/FLRT3/PRKD3/KPNA6/FOS/ACAP2/MED13L/UFL1/DNAJC16/UBXN4/SMC5/DKK1/ELL2","NUP58/SUSD6/SLK/TTI1/CLOCK/SCARB1/ROCK2/CCNE2/CCNG2/MPDZ/PRKRA/LMO4/RIOX2/NSMAF/NRIP1/CUL5/DNAJB14/DSN1/UBXN8/KATNBL1/PANK3/HMBOX1/ZNF557/TTPAL/ZKSCAN1/YES1/VRK1/TEAD1/KLF5/SMARCA2/SLC22A5/SLC6A8/SOWAHC/BLMH/BDH1/RPS6KB1/RLF/RBM4/SHTN1/BACH1/DNAJC3/DDX60/IMPACT/C5orf22/MIS18BP1/UBE2W/ZNF654/RCBTB1/RIF1/RFWD3/RMND1/DCAF16/MFSD6/RRN3/ZNHIT6/PMAIP1/SERPINE2/GALNT7/RSF1/LUC7L3/NLK/ESF1/ANKFY1/YTHDF2/INSIG2/CEP83/KCTD3/ANGPTL4/GOLT1B/ATP2B1/NEK1/MYO6/MTAP/MBP/SMAD5/LETM1/TRIM23/ITGB6/ITGA2/IDE/AGFG1/SNX15/GTF2A1/TBK1/AFF4/ZZZ3/PNISR/GALNT3/FLRT3/PRKD3/KPNA6/FOS/ACAP2/MED13L/UFL1/DNAJC16/UBXN4/SMC5/DKK1/ELL2"
"GSE282081","ATF3_correlation","3D_organoid_none","C6","3","STK33_UP","STK33_UP","2.054718943493799","0.00000230786763088104435","0.000145395660745505767","0.000071884808309905776","111","286","0.3881118881118881","0.00000000000000000","8","5","0.04504504504504504","0.027972027972027972","0.014184397163120567","0.1524987679126003637","0.1025242383414027847","Keep","TBK1.DF_DN","TBK1.DF_DN",FALSE,"SLC12A6/CLEC2B/ZEB2/DOCK4/CREB5/GDF15/CD36/FOXQ1/CD101/SOCS6/CD9/CYTH2/LMBRD2/WDR20/ANKRD40/CLDN1/MIDN/KYNU/NRP1/SANBR/KBTBD8/LCOR/CPEB4/COQ10B/BTG2/ZFP36/WNT5A/MORN2/C5AR1/TFPI/ZFP36L1/SOS1/MTMR9/NBEAL1/SGK1/ATXN1/ARRDC3/NCEH1/PELI1/SULF2/CDC37L1/RNF121/UBE2W/GPATCH2/KLHL28/USP53/DYNC2LI1/ZNF117/GASK1B/RNF141/ASPH/KITLG/MFAP3/VWA5A/RND3/RHOB/TRIM23/JUNB/IL10RA/IL1B/CXCL3/CXCL2/DPY19L4/NKIRAS1/RNF149/BTBD8/MILR1/AFF4/GFPT1/GBP3/SETBP1/NECAP1/DNAAF9/RNF19A/PLCXD2/PANX1/STX12/SLC7A11/FOS/ATG14/ARL5B/SAMD9L/SMIM14/EMP1/EGR3/EGR2/EGR1/DUSP1/HBEGF/CCDC71L/SPRED1/NFXL1/CNIH3/CACUL1/SAMD8/CRK/HINT3/ADM/CPEB2/KLF6/RNF19B/BTN2A1/ABHD2/BTG3/ADAM28/ZBTB6/IRF9/CDKN1B/STX6/TRIB1/NAMPT","SLC12A6/CLEC2B/ZEB2/DOCK4/CREB5/GDF15/CD36/FOXQ1/CD101/SOCS6/CD9/CYTH2/LMBRD2/WDR20/ANKRD40/CLDN1/MIDN/KYNU/NRP1/SANBR/KBTBD8/LCOR/CPEB4/COQ10B/BTG2/ZFP36/WNT5A/MORN2/C5AR1/TFPI/ZFP36L1/SOS1/MTMR9/NBEAL1/SGK1/ATXN1/ARRDC3/NCEH1/PELI1/SULF2/CDC37L1/RNF121/UBE2W/GPATCH2/KLHL28/USP53/DYNC2LI1/ZNF117/GASK1B/RNF141/ASPH/KITLG/MFAP3/VWA5A/RND3/RHOB/TRIM23/JUNB/IL10RA/IL1B/CXCL3/CXCL2/DPY19L4/NKIRAS1/RNF149/BTBD8/MILR1/AFF4/GFPT1/GBP3/SETBP1/NECAP1/DNAAF9/RNF19A/PLCXD2/PANX1/STX12/SLC7A11/FOS/ATG14/ARL5B/SAMD9L/SMIM14/EMP1/EGR3/EGR2/EGR1/DUSP1/HBEGF/CCDC71L/SPRED1/NFXL1/CNIH3/CACUL1/SAMD8/CRK/HINT3/ADM/CPEB2/KLF6/RNF19B/BTN2A1/ABHD2/BTG3/ADAM28/ZBTB6/IRF9/CDKN1B/STX6/TRIB1/NAMPT"
"GSE282081","ATF3_correlation","3D_organoid_none","C6","4","JAK2_DN.V1_DN","JAK2_DN.V1_DN","2.226010538111817","0.00000577806395670955940","0.000237015782290150281","0.000117182548564307549","54","147","0.3673469387755102","0.00000000000000000","2","2","0.03703703703703703","0.013605442176870748","0.004640371229698376","0.1333519709253564722","0.1214574898785425044","Keep","TBK1.DF_DN","TBK1.DF_DN",FALSE,"DMTF1/ITGBL1/OXNAD1/ZNF160/ZNF551/SGCE/MPDZ/CEP295/DGKE/PEX3/REPS1/TRIM52/TNRC18/DBF4B/ABHD18/PGAP1/MYO15B/PHC3/DOCK5/SLC35E1/CEP97/NOL12/ZNF221/CAPRIN2/ANKRD36B/CCNL1/RUFY2/VEZT/TRIM36/VPS53/KIRREL1/ZNF280D/MBTD1/ADAMTSL4/CSAD/LRRC37A2/MYBL1/MGAT5/MROH7/CMKLR2/FBXO22/PNISR/DCAF13/GABRE/GABBR1/TMEM245/GOLGA8A/NSUN6/EREG/DSCAM/ZNF721/TENT2/ZNF550/DBH","DMTF1/ITGBL1/OXNAD1/ZNF160/ZNF551/SGCE/MPDZ/CEP295/DGKE/PEX3/REPS1/TRIM52/TNRC18/DBF4B/ABHD18/PGAP1/MYO15B/PHC3/DOCK5/SLC35E1/CEP97/NOL12/ZNF221/CAPRIN2/ANKRD36B/CCNL1/RUFY2/VEZT/TRIM36/VPS53/KIRREL1/ZNF280D/MBTD1/ADAMTSL4/CSAD/LRRC37A2/MYBL1/MGAT5/MROH7/CMKLR2/FBXO22/PNISR/DCAF13/GABRE/GABBR1/TMEM245/GOLGA8A/NSUN6/EREG/DSCAM/ZNF721/TENT2/ZNF550/DBH"
"GSE282081","ATF3_correlation","3D_organoid_none","C6","5","PGF_UP.V1_UP","PGF_UP.V1_UP","2.148876639599171","0.00000627025879074471702","0.000237015782290150281","0.000117182548564307549","85","190","0.4473684210526316","0.00000000000000000","16","12","0.14117647058823529","0.084210526315789472","0.034782608695652174","0.0109731052149307697","0.0009449158041745489","Keep","TBK1.DF_DN","TBK1.DF_DN",TRUE,"DMTF1/CLEC2B/BCLAF1/HS2ST1/NUP155/SLC4A7/RIPK2/ADAM9/RUNX1T1/PGAP1/ZC3H14/MAFK/TTR/ZNF354A/HSPA13/SP3/MARCHF7/MAP2K4/ZNF674/SAT1/RPGR/RNF6/RECQL/PTGS2/PSPH/BACH1/DNAJC3/MAPK6/TRMU/PRKACB/RIF1/PPID/PPAT/DHX29/PLA2G4A/PHEX/PEX1/TDP2/SPOUT1/ZNF117/TMED5/ITSN2/NRCAM/NEK1/DNAJB9/ITGA2/ACADM/GMFB/UPF2/ZZZ3/NECAP1/PISD/MTREX/UFL1/WASHC4/STK38L/DZIP1/MTF2/THSD7A/POLR1F/VCAN/SREK1/NEK7/CR2/IRAK1BP1/CRYBG3/COL8A1/RNF13/PDCD10/ASCC3/PAPOLA/BCAS2/CEBPZ/ARL4A/IL1RL1/PCDHA12/MMRN1/CDC27/KIAA0040/SOCS5/PPIG/AIMP1/CCPG1/SLC33A1/SCAF11","DMTF1/CLEC2B/BCLAF1/HS2ST1/NUP155/SLC4A7/RIPK2/ADAM9/RUNX1T1/PGAP1/ZC3H14/MAFK/TTR/ZNF354A/HSPA13/SP3/MARCHF7/MAP2K4/ZNF674/SAT1/RPGR/RNF6/RECQL/PTGS2/PSPH/BACH1/DNAJC3/MAPK6/TRMU/PRKACB/RIF1/PPID/PPAT/DHX29/PLA2G4A/PHEX/PEX1/TDP2/SPOUT1/ZNF117/TMED5/ITSN2/NRCAM/NEK1/DNAJB9/ITGA2/ACADM/GMFB/UPF2/ZZZ3/NECAP1/PISD/MTREX/UFL1/WASHC4/STK38L/DZIP1/MTF2/THSD7A/POLR1F/VCAN/SREK1/NEK7/CR2/IRAK1BP1/CRYBG3/COL8A1/RNF13/PDCD10/ASCC3/PAPOLA/BCAS2/CEBPZ/ARL4A/IL1RL1/PCDHA12/MMRN1/CDC27/KIAA0040/SOCS5/PPIG/AIMP1/CCPG1/SLC33A1/SCAF11"
"GSE282081","ATF3_correlation","3D_organoid_none","C6","6","KRAS.DF.V1_DN","KRAS.DF.V1_DN","2.100768454861154","0.00002268608403717668171","0.000714611647171065523","0.000353309865022955394","69","193","0.3575129533678756","0.00000000000000000","5","5","0.07246376811594203","0.025906735751295335","0.012987012987012988","0.0053061898953407636","0.0166756449581160968","Keep","ERBB2_UP.V1_DN","ERBB2_UP.V1_DN",TRUE,"POM121/URB1/HDAC9/SIGLEC6/HOMER2/KLF4/CLDN1/MAP7/PER2/NRP2/RNMT/RDH16/CBX4/KLF11/EPPK1/RNF39/ALG13/OGFRL1/GCC1/CAMKV/SLC30A3/KDM6A/TSPYL1/TAGLN/STX3/BMP4/MMP25/SMAP1/PAPPA2/PTPN14/PTGS2/CEP15/PSPH/LANCL2/MINDY1/ARFGAP1/THUMPD1/GPATCH2/TMEM45A/AIRIM/MXRA8/PCBP3/RAB6B/CDK18/PRELID3B/PAX5/PAK3/OMG/ATP2B1/MPP3/AFDN/SMAD7/SMAD6/VWA5A/LETM1/HRH2/TRA2A/FAM153A/PCLO/LAMP3/KLK5/COBL/ARHGAP26/KIF21B/FBN2/AHR/CYP1A1/ADRB2/CXADR","POM121/URB1/HDAC9/SIGLEC6/HOMER2/KLF4/CLDN1/MAP7/PER2/NRP2/RNMT/RDH16/CBX4/KLF11/EPPK1/RNF39/ALG13/OGFRL1/GCC1/CAMKV/SLC30A3/KDM6A/TSPYL1/TAGLN/STX3/BMP4/MMP25/SMAP1/PAPPA2/PTPN14/PTGS2/CEP15/PSPH/LANCL2/MINDY1/ARFGAP1/THUMPD1/GPATCH2/TMEM45A/AIRIM/MXRA8/PCBP3/RAB6B/CDK18/PRELID3B/PAX5/PAK3/OMG/ATP2B1/MPP3/AFDN/SMAD7/SMAD6/VWA5A/LETM1/HRH2/TRA2A/FAM153A/PCLO/LAMP3/KLK5/COBL/ARHGAP26/KIF21B/FBN2/AHR/CYP1A1/ADRB2/CXADR"
"GSE282081","ATF3_correlation","3D_organoid_none","C6","7","STK33_NOMO_UP","STK33_NOMO_UP","1.877048146335769","0.00006685558741374692622","0.001616798207750761926","0.000799358307146420398","107","290","0.3689655172413793","0.00000000000000000","186","74","0.69158878504672894","0.641379310344827536","0.476923076923076950","0.1077914407531135738","0.3703457314688844981","Keep","STK33_UP","STK33_UP",FALSE,"SLC12A6/CLEC2B/NR1D2/ARNT2/ZEB2/KIAA0232/DOCK4/GDF15/FOXQ1/STK17B/WDR20/MIDN/KYNU/IER3/NRP1/KBTBD8/LCOR/CPEB4/COQ10B/RETREG2/BTG2/ZFP36/YES1/WNT5A/MORN2/C5AR1/ZFP36L1/SOS1/MTMR9/CAPRIN2/SGK1/PTPN3/ARRDC3/NCEH1/PTGFRN/PELI1/CDC37L1/UBE2W/GPATCH2/KLHL28/USP53/TM6SF1/RAB8B/GASK1B/KCTD3/SAR1B/NRAS/SLC11A2/ASPH/KITLG/HACD4/VWA5A/LAMB3/RND3/RHOB/TRIM23/JUNB/IRS1/IL10RA/IL1B/ADGRE2/CXCL3/CXCL2/DPY19L4/NKIRAS1/RNF149/GNA12/GFPT1/GBP3/SETBP1/NECAP1/DNAAF9/RNF19A/PANX1/CADM1/STX12/FOS/PSD3/ATG14/ARL5B/TBCEL/SAMD9L/EPAS1/EMP1/EGR3/EGR2/EFNB2/DUSP1/CCDC71L/SPRED1/CNIH3/CACUL1/CRK/FAM199X/HINT3/MAP3K8/KLF6/FCRLB/MGAT4B/ABHD2/BTG3/ADAM28/CGRRF1/SEMA4D/STX6/FAM13A/NAMPT","SLC12A6/CLEC2B/NR1D2/ARNT2/ZEB2/KIAA0232/DOCK4/GDF15/FOXQ1/STK17B/WDR20/MIDN/KYNU/IER3/NRP1/KBTBD8/LCOR/CPEB4/COQ10B/RETREG2/BTG2/ZFP36/YES1/WNT5A/MORN2/C5AR1/ZFP36L1/SOS1/MTMR9/CAPRIN2/SGK1/PTPN3/ARRDC3/NCEH1/PTGFRN/PELI1/CDC37L1/UBE2W/GPATCH2/KLHL28/USP53/TM6SF1/RAB8B/GASK1B/KCTD3/SAR1B/NRAS/SLC11A2/ASPH/KITLG/HACD4/VWA5A/LAMB3/RND3/RHOB/TRIM23/JUNB/IRS1/IL10RA/IL1B/ADGRE2/CXCL3/CXCL2/DPY19L4/NKIRAS1/RNF149/GNA12/GFPT1/GBP3/SETBP1/NECAP1/DNAAF9/RNF19A/PANX1/CADM1/STX12/FOS/PSD3/ATG14/ARL5B/TBCEL/SAMD9L/EPAS1/EMP1/EGR3/EGR2/EFNB2/DUSP1/CCDC71L/SPRED1/CNIH3/CACUL1/CRK/FAM199X/HINT3/MAP3K8/KLF6/FCRLB/MGAT4B/ABHD2/BTG3/ADAM28/CGRRF1/SEMA4D/STX6/FAM13A/NAMPT"
"GSE282081","ATF3_correlation","3D_organoid_none","C6","8","GCNP_SHH_UP_EARLY.V1_UP","GCNP_SHH_UP_EARLY.V1_UP","2.009802147609341","0.00006843590297357723549","0.001616798207750761926","0.000799358307146420398","66","173","0.3815028901734104","0.00000000000000000","4","4","0.06060606060606061","0.023121387283236993","0.012658227848101266","0.0199966955177653359","0.0169372330887952761","Keep","JAK2_DN.V1_DN","JAK2_DN.V1_DN",TRUE,"SLC23A2/MATR3/DCAF1/RBM39/OXNAD1/NEK9/LATS1/MPDZ/RUNX1T1/SEH1L/ANKRD13C/FOSL1/MLLT10/SLC35E1/RNF103/ZNF708/XPO1/TNNC2/TMPRSS2/ICAM5/TIA1/TBP/UPF3B/ATL2/RYK/RRM1/RIMKLB/NUP107/DNAJC3/MCM10/GPATCH2/OXSM/MBTD1/KIF1A/CCNJ/ANLN/LUC7L3/AZIN1/RLIM/MRE11/MAN1A1/LBR/TNPO1/KCNJ4/IRF6/JMJD8/HMGCL/HLA-B/STRN3/MSH6/AFF4/GNL3/TINF2/ZZZ3/KIF4A/ARHGAP8/ABCB10/FNBP4/CD55/CXorf38/MAPK14/CR2/ADCY6/CHEK1/SRSF10/TRAIP","SLC23A2/MATR3/DCAF1/RBM39/OXNAD1/NEK9/LATS1/MPDZ/RUNX1T1/SEH1L/ANKRD13C/FOSL1/MLLT10/SLC35E1/RNF103/ZNF708/XPO1/TNNC2/TMPRSS2/ICAM5/TIA1/TBP/UPF3B/ATL2/RYK/RRM1/RIMKLB/NUP107/DNAJC3/MCM10/GPATCH2/OXSM/MBTD1/KIF1A/CCNJ/ANLN/LUC7L3/AZIN1/RLIM/MRE11/MAN1A1/LBR/TNPO1/KCNJ4/IRF6/JMJD8/HMGCL/HLA-B/STRN3/MSH6/AFF4/GNL3/TINF2/ZZZ3/KIF4A/ARHGAP8/ABCB10/FNBP4/CD55/CXorf38/MAPK14/CR2/ADCY6/CHEK1/SRSF10/TRAIP"
"GSE282081","ATF3_correlation","3D_organoid_none","C6","10","CSR_EARLY_UP.V1_UP","CSR_EARLY_UP.V1_UP","1.921800057054348","0.00064263966116311402842","0.012145889595982856807","0.006005027528907835518","62","153","0.4052287581699346","0.00000000000000000","4","3","0.04838709677419355","0.026143790849673203","0.011695906432748537","0.1822258216636253869","0.1313782933107935924","Keep","KRAS.DF.V1_DN","KRAS.DF.V1_DN",FALSE,"POM121/CD33/DDX21/MSANTD3/ZNF697/RIPK2/FAM107B/AMMECR1L/NRIP1/CSRNP2/BRPF1/SLC30A1/YWHAG/UGDH/TOP1/KLF10/TBX2/SRP72/SOX9/SLC16A1/SMTN/SHB/MRPS35/REST/TLNRD1/PTPN12/ZBTB2/PTGS2/UTP3/DHX33/THAP12/MAP2K3/YOD1/TRMT10C/NOP16/NMD3/SMAD7/KPNA4/ILF2/IL11/DNAJA1/HPCAL1/DNTTIP2/CD274/RGMB/AMD1/ZNF324/PANX1/GTPBP4/PHLPP2/DIS3/USP12/EIF4A1/HBEGF/DKC1/ZNF800/CTPS1/CHUK/TENT4A/SEC24A/TFG/NET1","POM121/CD33/DDX21/MSANTD3/ZNF697/RIPK2/FAM107B/AMMECR1L/NRIP1/CSRNP2/BRPF1/SLC30A1/YWHAG/UGDH/TOP1/KLF10/TBX2/SRP72/SOX9/SLC16A1/SMTN/SHB/MRPS35/REST/TLNRD1/PTPN12/ZBTB2/PTGS2/UTP3/DHX33/THAP12/MAP2K3/YOD1/TRMT10C/NOP16/NMD3/SMAD7/KPNA4/ILF2/IL11/DNAJA1/HPCAL1/DNTTIP2/CD274/RGMB/AMD1/ZNF324/PANX1/GTPBP4/PHLPP2/DIS3/USP12/EIF4A1/HBEGF/DKC1/ZNF800/CTPS1/CHUK/TENT4A/SEC24A/TFG/NET1"
"GSE282081","ATF3_correlation","3D_organoid_none","C6","11","HOXA9_DN.V1_UP","HOXA9_DN.V1_UP","1.765833654378540","0.00115221823659588979046","0.016700258881153329932","0.008256745092955717139","70","192","0.3645833333333333","0.00000000000000000","9","6","0.08571428571428572","0.046875000000000000","0.019189765458422176","0.0603828579939431551","0.0505285032430925832","Keep","TBK1.DF_DN","TBK1.DF_DN",FALSE,"USP15/NUP58/KIAA0232/ZFYVE16/HDAC4/ENTPD4/TP53I3/GDF15/PLAA/KLF4/TNFRSF10B/ADAM9/GAS7/ZNF394/NDFIP1/COQ10B/AKIRIN1/ROGDI/SLC30A1/CCR2/SORL1/SLC22A4/FNDC3B/PARP12/ZMAT3/CARD9/ATXN1/ANKRA2/SHTN1/UGGT2/UBE2W/RCBTB1/ZCCHC2/TRPM4/DHX29/GALNT7/ZNF107/SAR1B/KMT5B/OAT/JAK2/IL10RA/FAS/GPR18/STK39/SESN1/CYFIP2/FAM98A/GALC/SLC39A6/FYN/STX12/FOS/AGTPBP1/ARHGAP26/VASH1/FDXR/TYMP/GADD45A/PAQR3/VCAN/CSNK1G3/CHUK/ZNF277/ASCC3/PLK2/TRIM22/CDK8/TOB1/FRAT1","USP15/NUP58/KIAA0232/ZFYVE16/HDAC4/ENTPD4/TP53I3/GDF15/PLAA/KLF4/TNFRSF10B/ADAM9/GAS7/ZNF394/NDFIP1/COQ10B/AKIRIN1/ROGDI/SLC30A1/CCR2/SORL1/SLC22A4/FNDC3B/PARP12/ZMAT3/CARD9/ATXN1/ANKRA2/SHTN1/UGGT2/UBE2W/RCBTB1/ZCCHC2/TRPM4/DHX29/GALNT7/ZNF107/SAR1B/KMT5B/OAT/JAK2/IL10RA/FAS/GPR18/STK39/SESN1/CYFIP2/FAM98A/GALC/SLC39A6/FYN/STX12/FOS/AGTPBP1/ARHGAP26/VASH1/FDXR/TYMP/GADD45A/PAQR3/VCAN/CSNK1G3/CHUK/ZNF277/ASCC3/PLK2/TRIM22/CDK8/TOB1/FRAT1"
"GSE282081","ATF3_correlation","3D_organoid_none","C6","12","LTE2_UP.V1_DN","LTE2_UP.V1_DN","1.773512807351762","0.00119604924950045569607","0.016700258881153329932","0.008256745092955717139","81","195","0.4153846153846154","0.00000000000000000","13","9","0.11111111111111110","0.066666666666666666","0.027777777777777776","0.0362363671656419639","0.0108095856790724459","Keep","TBK1.DF_DN","TBK1.DF_DN",TRUE,"NUP58/ARHGAP12/PTER/KLF4/UBE2L6/MTMR6/NRP1/STC2/CAV1/CASP8/H4C8/NRIP1/DNAJB14/CBLL1/ALG13/ZMYM2/ZNF84/XK/HSPA13/SLC16A1/SLC1A1/PARP12/IFIH1/RNF6/PTPRK/EIF2AK2/DDX60/RIF1/RFWD3/NMRK1/SAMD9/RRN3/PMAIP1/ZNF107/HERC5/PCSK6/NFIL3/NCBP1/ATF3/MYO10/LAMA3/JAK2/IGF1R/AMIGO2/IFRD1/ANXA3/PSAT1/GRB10/PDLIM3/LAMP3/GART/LTN1/IFIT5/SLC7A11/RIGI/KAZN/PLCB1/PEG10/FKTN/EPB41L2/ELF4/EGR3/DSCAM/GADD45A/ADD3/CHD1/BTG3/UTP14A/ZNF273/CEBPG/N4BP2L2/DLC1/IRF9/CDK8/BCL2L11/ZNF43/ASCL1/IFI44L/AMMECR1/LPGAT1/TRIM14","NUP58/ARHGAP12/PTER/KLF4/UBE2L6/MTMR6/NRP1/STC2/CAV1/CASP8/H4C8/NRIP1/DNAJB14/CBLL1/ALG13/ZMYM2/ZNF84/XK/HSPA13/SLC16A1/SLC1A1/PARP12/IFIH1/RNF6/PTPRK/EIF2AK2/DDX60/RIF1/RFWD3/NMRK1/SAMD9/RRN3/PMAIP1/ZNF107/HERC5/PCSK6/NFIL3/NCBP1/ATF3/MYO10/LAMA3/JAK2/IGF1R/AMIGO2/IFRD1/ANXA3/PSAT1/GRB10/PDLIM3/LAMP3/GART/LTN1/IFIT5/SLC7A11/RIGI/KAZN/PLCB1/PEG10/FKTN/EPB41L2/ELF4/EGR3/DSCAM/GADD45A/ADD3/CHD1/BTG3/UTP14A/ZNF273/CEBPG/N4BP2L2/DLC1/IRF9/CDK8/BCL2L11/ZNF43/ASCL1/IFI44L/AMMECR1/LPGAT1/TRIM14"
"GSE282081","ATF3_correlation","3D_organoid_none","C6","13","BMI1_DN_MEL18_DN.V1_UP","BMI1_DN_MEL18_DN.V1_UP","1.839961288766204","0.00122472714696276563200","0.016700258881153329932","0.008256745092955717139","58","145","0.4000000000000000","0.00000000000000000","9","6","0.10344827586206896","0.062068965517241378","0.027355623100303952","0.0922669461093472559","0.0548790111424056828","Keep","KRAS.DF.V1_DN","KRAS.DF.V1_DN",FALSE,"C2CD2L/ZEB2/PIEZO1/CHST3/TNFRSF8/CLDN1/NRP2/TNFSF9/STC2/MICALL1/INHBE/FOSL1/ZC3H12A/ADM2/OGFRL1/WEE1/VEGFA/TIMP3/TAGLN/STX1A/SLC22A4/SLC6A9/BMP5/SLC1A4/RREB1/TRIB3/BMAL2/PODXL/ZNF639/CHST11/ATF3/ASPH/FADS3/LIF/LAMB3/ITGB6/APBB2/ANXA3/HAS2/PSAT1/FGF21/SLC7A11/ENTREP2/KIF21B/HBEGF/GADD45A/ADRB2/SIK1/ADM/COL7A1/MGLL/DUSP10/SCML2/LHFPL2/ARL4A/CDH13/VNN1/GDF5","C2CD2L/ZEB2/PIEZO1/CHST3/TNFRSF8/CLDN1/NRP2/TNFSF9/STC2/MICALL1/INHBE/FOSL1/ZC3H12A/ADM2/OGFRL1/WEE1/VEGFA/TIMP3/TAGLN/STX1A/SLC22A4/SLC6A9/BMP5/SLC1A4/RREB1/TRIB3/BMAL2/PODXL/ZNF639/CHST11/ATF3/ASPH/FADS3/LIF/LAMB3/ITGB6/APBB2/ANXA3/HAS2/PSAT1/FGF21/SLC7A11/ENTREP2/KIF21B/HBEGF/GADD45A/ADRB2/SIK1/ADM/COL7A1/MGLL/DUSP10/SCML2/LHFPL2/ARL4A/CDH13/VNN1/GDF5"
"GSE282081","ATF3_correlation","3D_organoid_none","C6","15","SRC_UP.V1_UP","SRC_UP.V1_UP","-1.687189568474307","0.00161226391085265096347","0.020314525276743402443","0.010043668070545037213","38","178","0.2134831460674157","0.00000000000000000","1","1","0.02631578947368421","0.005617977528089887","0.002673796791443850","0.2134831460674159187","0.4467005076142133158","Keep","ERBB2_UP.V1_DN","ERBB2_UP.V1_DN",FALSE,"CIMIP6/GPR55/ACY3/YIF1B/TMEM11/RFXANK/MBD3L1/TCEAL3/PRADC1/TMUB1/ABTB1/SUGCT/ASPSCR1/TMEM106C/SRC/MRPS34/SH3BGR/RNASE1/BCL2/PLAAT4/RAB3A/FMN2/PIN1/ATP6V1E1/PFKFB1/GINS2/OPRL1/MATK/LPO/SVBP/GPR15/GALK1/MAPK8IP2/PIK3R5/KCNH3/FBLN2/VWA3B/DLL3","CIMIP6/GPR55/ACY3/YIF1B/TMEM11/RFXANK/MBD3L1/TCEAL3/PRADC1/TMUB1/ABTB1/SUGCT/ASPSCR1/TMEM106C/SRC/MRPS34/SH3BGR/RNASE1/BCL2/PLAAT4/RAB3A/FMN2/PIN1/ATP6V1E1/PFKFB1/GINS2/OPRL1/MATK/LPO/SVBP/GPR15/GALK1/MAPK8IP2/PIK3R5/KCNH3/FBLN2/VWA3B/DLL3"
"GSE282081","ATF3_correlation","3D_organoid_none","C6","16","PDGF_ERK_DN.V1_DN","PDGF_ERK_DN.V1_DN","1.797275444040261","0.00233654778397775599388","0.026328794804296708210","0.013017172299595015927","57","149","0.3825503355704698","0.00000000000000000","7","6","0.10526315789473684","0.046979865771812082","0.023728813559322035","0.0128498673276803629","0.0179635566006986352","Keep","CSR_EARLY_UP.V1_UP","CSR_EARLY_UP.V1_UP",TRUE,"ZBTB5/C2CD2L/DHX34/BAG5/ANKRD40/CCNG2/DYRK2/FBXL18/BRPF1/ZNF202/ZSCAN9/KLF10/BTG1/TBX2/SULT1A1/ZFP36L2/SNAPC4/BCL9/PER1/NOP16/TMED5/NFKBIA/NFIL3/MYC/DNAJB9/SMAD7/EEIG1/RHOB/ARF6/JUNB/ITGB6/IL2RG/IDUA/DNAJB1/GRIN2B/EDRF1/ZNF324/PISD/MORC3/FRAT2/PPRC1/USP33/KDM2A/ERF/EGR1/EFNB2/EFNA3/DUSP6/DUSP1/IRAK1BP1/ADM/POLG2/PNRC1/CEBPB/TRAIP/CDKN1B/TRIB1","ZBTB5/C2CD2L/DHX34/BAG5/ANKRD40/CCNG2/DYRK2/FBXL18/BRPF1/ZNF202/ZSCAN9/KLF10/BTG1/TBX2/SULT1A1/ZFP36L2/SNAPC4/BCL9/PER1/NOP16/TMED5/NFKBIA/NFIL3/MYC/DNAJB9/SMAD7/EEIG1/RHOB/ARF6/JUNB/ITGB6/IL2RG/IDUA/DNAJB1/GRIN2B/EDRF1/ZNF324/PISD/MORC3/FRAT2/PPRC1/USP33/KDM2A/ERF/EGR1/EFNB2/EFNA3/DUSP6/DUSP1/IRAK1BP1/ADM/POLG2/PNRC1/CEBPB/TRAIP/CDKN1B/TRIB1"
"GSE282081","ATF3_correlation","3D_organoid_none","C6","19","MTOR_UP.N4.V1_DN","MTOR_UP.N4.V1_DN","1.712551171052227","0.00264681005969120324364","0.026328794804296708210","0.013017172299595015927","71","184","0.3858695652173913","0.01388888888888889","4","3","0.04225352112676056","0.021739130434782608","0.012158054711246201","0.1607644235123629195","0.1565380245163273676","Keep","PDGF_ERK_DN.V1_DN","PDGF_ERK_DN.V1_DN",FALSE,"NR1D2/SLC23A2/GCC2/ZNF682/ANGEL2/CCNG2/CEP295/ZNF394/TRMT1L/ZNF34/PCNX2/ZXDC/BTG2/ZSCAN26/ZNF180/VEZF1/ZBTB16/ZNF124/ZNF14/ZNF711/TPM2/TFPI/SLC2A11/ZFTA/REL/RAG2/ANKRD36B/ATF7IP/SMPD3/MIS18BP1/ECHDC2/DCAF16/GALNT7/TM7SF3/YPEL5/ZNF117/FAM13B/HSD17B11/KMT5B/MRE11/MME/TRIM23/TRA2A/EOGT/TMEM80/ZNF544/CHIC2/FBXL4/ZBTB20/CCDC28A/FRAT2/CEP68/SLC35D1/RNF44/MARCHF8/ELF2/ADORA2A/CLK1/EFHC1/ZNF277/PNRC1/TXNIP/ZNF443/FRAT1/VNN2/LRRC37A/MAML1/IFT140/GARRE1/MARF1/CEP135","NR1D2/SLC23A2/GCC2/ZNF682/ANGEL2/CCNG2/CEP295/ZNF394/TRMT1L/ZNF34/PCNX2/ZXDC/BTG2/ZSCAN26/ZNF180/VEZF1/ZBTB16/ZNF124/ZNF14/ZNF711/TPM2/TFPI/SLC2A11/ZFTA/REL/RAG2/ANKRD36B/ATF7IP/KRABD4/SMPD3/MIS18BP1/ECHDC2/DCAF16/GALNT7/TM7SF3/YPEL5/ZNF117/FAM13B/HSD17B11/KMT5B/MRE11/MME/TRIM23/TRA2A/EOGT/TMEM80/ZNF544/CHIC2/FBXL4/ZBTB20/CCDC28A/FRAT2/CEP68/SLC35D1/RNF44/MARCHF8/ELF2/ADORA2A/CLK1/EFHC1/ZNF277/PNRC1/TXNIP/ZNF443/FRAT1/VNN2/LRRC37A/MAML1/IFT140/GARRE1/MARF1/CEP135"
"GSE282081","ATF3_correlation","3D_organoid_none","C6","20","WNT_UP.V1_UP","WNT_UP.V1_UP","-1.581745307752361","0.00447769533907299913111","0.042314220954239839534","0.020920498221763818292","38","175","0.2171428571428571","0.00000000000000000","7","2","0.05263157894736842","0.040000000000000001","0.015418502202643172","0.4722593617917602571","0.8285770806528715005","Keep","STK33_UP","STK33_UP",FALSE,"KRT27/CD74/AURKB/CLDN6/CLDN8/PLA2G6/SNN/THRB/TGFB1I1/TCF3/CCL2/PTPRO/ADGRB1/POLD2/SERPINF1/PDC/OLR1/NF1/MFAP2/MAZ/INSRR/GRIN2D/SFN/GNMT/TPK1/TSPO2/ADGRG3/PLAC9/DHCR24/DCC/DBP/AP1B1/CCR3/AP2S1/CKMT2/FICD/RASGRP2/CDH5","KRT27/CD74/AURKB/CLDN6/CLDN8/PLA2G6/SNN/THRB/TGFB1I1/TCF3/CCL2/PTPRO/ADGRB1/POLD2/SERPINF1/PDC/OLR1/NF1/MFAP2/MAZ/INSRR/GRIN2D/SFN/GNMT/TPK1/TSPO2/ADGRG3/PLAC9/DHCR24/DCC/DBP/AP1B1/CCR3/AP2S1/CKMT2/FICD/RASGRP2/CDH5"
"GSE282081","ATF3_correlation","3D_organoid_none","C6","21","CSR_LATE_UP.V1_UP","CSR_LATE_UP.V1_UP","-1.565584644447892","0.00488738097504948145605","0.043986428775445340911","0.021747251496691922396","35","166","0.2108433734939759","0.00000000000000000","1","1","0.02857142857142857","0.006024096385542169","0.002941176470588235","0.2108433734939759718","0.2171428571428571930","Keep","WNT_UP.V1_UP","WNT_UP.V1_UP",FALSE,"CCND3/ACTL6A/HAT1/LMNB2/ALKBH7/SLC25A11/CRISPLD2/TUBG1/TUBA4A/TRPC4/SRM/SNRPA1/ST3GAL4/CXCL6/PSMC3/WSB2/LYAR/POLE3/POLR3K/JPT1/UTP18/PA2G4/MYBL2/MT1X/MAZ/HIP1/UHRF1/NSG1/EIF5A/DTYMK/TOMM34/PDLIM5/DRAP1/CDK5/PREB","CCND3/ACTL6A/HAT1/LMNB2/ALKBH7/SLC25A11/CRISPLD2/TUBG1/TUBA4A/TRPC4/SRM/SNRPA1/ST3GAL4/CXCL6/PSMC3/WSB2/LYAR/POLE3/POLR3K/JPT1/UTP18/PA2G4/MYBL2/MT1X/MAZ/HIP1/UHRF1/NSG1/EIF5A/DTYMK/TOMM34/PDLIM5/DRAP1/CDK5/PREB"
"GSE282081","ATF3_correlation","3D_organoid_none","C6","22","RB_P130_DN.V1_DN","RB_P130_DN.V1_DN","1.673120881002200","0.00520462474616182474429","0.044712458046572034487","0.022106206328732443817","53","136","0.3897058823529412","0.00000000000000000","2","2","0.03773584905660377","0.014705882352941176","0.007067137809187279","0.1501089324618736509","0.1447487756212588184","Keep","PDGF_ERK_DN.V1_DN","PDGF_ERK_DN.V1_DN",FALSE,"DDX46/SEC24C/SCAMP1/ARRDC4/SCEL/EIF3J/ATAD1/LLPH/SPOP/ARHGAP24/NECTIN4/VOPP1/WDR26/PYROXD1/GDPD3/CSDE1/STAT1/SLC2A1/TFB2M/RASA1/RAP2C/PPP4R3B/CHMP1B/HTRA1/TXLNG/PNRC2/LARP1B/PRPF38B/USP47/RAB8B/ESF1/ANKFY1/NAB1/ATP9B/HK2/C3orf70/EOGT/GJB2/MORC3/FBXO28/UBXN4/AVL9/C9orf72/SMIM14/HACD2/DDX3X/GADD45A/TYW5/CLU/ZMPSTE24/TXNDC9/BNC1/TMEM140","DDX46/SEC24C/SCAMP1/ARRDC4/SCEL/EIF3J/ATAD1/LLPH/SPOP/ARHGAP24/NECTIN4/VOPP1/WDR26/PYROXD1/GDPD3/CSDE1/STAT1/SLC2A1/TFB2M/RASA1/RAP2C/PPP4R3B/CHMP1B/HTRA1/TXLNG/PNRC2/LARP1B/PRPF38B/USP47/RAB8B/ESF1/ANKFY1/NAB1/ATP9B/HK2/C3orf70/EOGT/GJB2/MORC3/FBXO28/UBXN4/AVL9/C9orf72/SMIM14/HACD2/DDX3X/GADD45A/TYW5/CLU/ZMPSTE24/TXNDC9/BNC1/TMEM140"
"GSE282081","ATF3_correlation","3D_organoid_none","C6","23","PDGF_UP.V1_UP","PDGF_UP.V1_UP","1.696801663860720","0.00596103643188974473971","0.048984168940311371976","0.024218175263550058285","55","146","0.3767123287671233","0.00000000000000000","7","7","0.12727272727272726","0.047945205479452052","0.021148036253776436","0.0008369837817040832","0.0007016260598089128","Keep","HOXA9_DN.V1_UP","HOXA9_DN.V1_UP",TRUE,"CDC25A/JOSD1/ZBTB24/URB2/HDAC4/RNF14/TRIP12/PEX11A/ADAM9/MADD/CBX4/ZNF394/FOSL1/SLC30A1/KDM6A/KLF10/STK10/ATXN7/RNF4/SERINC1/ZNF304/UTP3/CLDND1/MAPK6/PAF1/DDIT4/SERPINI1/NRAS/NDN/ATF3/PPP1R12B/MMP17/AREG/AGFG1/HDLBP/GPSM2/ELP4/ACOT11/FAM98A/PANX1/ATP6V0A2/FOS/BICD2/ARC/ATF6/EGR3/EGR1/GADD45A/SIK1/RNF19B/CHKA/NEU3/ZNF460/FAM3C/DNAJA2","CDC25A/JOSD1/ZBTB24/URB2/HDAC4/RNF14/TRIP12/PEX11A/ADAM9/MADD/CBX4/ZNF394/FOSL1/SLC30A1/KDM6A/KLF10/STK10/ATXN7/RNF4/SERINC1/ZNF304/UTP3/CLDND1/MAPK6/PAF1/DDIT4/SERPINI1/NRAS/NDN/ATF3/PPP1R12B/MMP17/AREG/AGFG1/HDLBP/GPSM2/ELP4/ACOT11/FAM98A/PANX1/ATP6V0A2/FOS/BICD2/ARC/ATF6/EGR3/EGR1/GADD45A/SIK1/RNF19B/CHKA/NEU3/ZNF460/FAM3C/DNAJA2"
"GSE282081","ATF3_correlation","3D_organoid_none","C6","24","MYC_UP.V1_UP","MYC_UP.V1_UP","1.646013301583512","0.00671884659457052182963","0.052910916932242847699","0.026159591707713272801","61","181","0.3370165745856354","0.01612903225806452","2","2","0.03278688524590164","0.011049723756906077","0.004264392324093817","0.1123388581952117771","0.1353299128982221322","Keep","STK33_NOMO_UP","STK33_NOMO_UP",FALSE,"VPS9D1/TTYH2/TGFBRAP1/HS6ST2/UBE3D/NOP14/DGKD/UTP15/CAPS/PRR7/PRR3/PUS1/CAMKMT/SLC25A22/IPO4/DCTPP1/UNG/ICAM5/TAF4B/SORD/MMP25/TFB2M/S100A10/COQ8A/JPH1/CDCA7L/PUS7/PMM2/PLA2G4A/ESF1/MTFP1/MMP16/KLRG2/ADGRE2/UBIAD1/AMPD2/DCAF4/GEMIN5/ZNF549/FOS/RRP12/GPD1L/WDR43/PPRC1/PLD6/DDX10/MBLAC2/SCFD2/ZNF420/LYPD6/CCDC78/PRAP1/DIS3L/SLC25A26/CHKA/SLC27A2/UTP14A/RPP40/PRELID3A/MPHOSPH10/PRMT3","VPS9D1/TTYH2/TGFBRAP1/HS6ST2/UBE3D/NOP14/DGKD/UTP15/CAPS/PRR7/PRR3/PUS1/CAMKMT/SLC25A22/IPO4/DCTPP1/UNG/ICAM5/TAF4B/SORD/MMP25/TFB2M/S100A10/COQ8A/JPH1/CDCA7L/PUS7/PMM2/PLA2G4A/ESF1/MTFP1/MMP16/KLRG2/ADGRE2/UBIAD1/AMPD2/DCAF4/GEMIN5/ZNF549/FOS/RRP12/GPD1L/WDR43/PPRC1/PLD6/DDX10/MBLAC2/SCFD2/ZNF420/QTGAL/LYPD6/CCDC78/PRAP1/DIS3L/SLC25A26/CHKA/SLC27A2/UTP14A/RPP40/PRELID3A/MPHOSPH10/PRMT3"
"GSE282081","ATF3_correlation","3D_organoid_none","C6","25","RB_DN.V1_UP","RB_DN.V1_UP","-1.518200765331692","0.00942799787880025871867","0.071275663963729932182","0.035239273406942848987","28","116","0.2413793103448276","0.00000000000000000","5","3","0.10714285714285714","0.043103448275862072","0.018050541516245487","0.0900346287033474552","0.0636492467617656571","Keep","CSR_LATE_UP.V1_UP","CSR_LATE_UP.V1_UP",FALSE,"EI24/SLC7A7/CCNE1/TIMELESS/HAT1/PLA2G6/MRPL49/TUBG1/THRA/SNAP25/SMARCA1/ST3GAL4/RPA1/CTDSP1/PALMD/LCMT1/NME4/SLC35B2/SLC2A8/UBE2T/TKFC/EPHX1/ADGRE1/CRIP2/DDIT4L/TMEM54/SIVA1/ADA","EI24/SLC7A7/CCNE1/TIMELESS/HAT1/PLA2G6/MRPL49/TUBG1/THRA/SNAP25/SMARCA1/ST3GAL4/RPA1/CTDSP1/PALMD/LCMT1/NME4/SLC35B2/SLC2A8/UBE2T/TKFC/EPHX1/ADGRE1/CRIP2/DDIT4L/TMEM54/SIVA1/ADA"
"GSE282081","ATF3_correlation","3D_organoid_none","C6","26","BCAT_BILD_ET_AL_DN","BCAT_BILD_ET_AL_DN","1.719467391905532","0.01075292880311661501691","0.078165520914963065868","0.038645675246465255315","18","46","0.3913043478260870","0.00000000000000000","3","3","0.16666666666666666","0.065217391304347824","0.012500000000000001","0.0537549407114624248","0.0874467084764401770","Keep","ERBB2_UP.V1_DN","ERBB2_UP.V1_DN",FALSE,"PUM1/ARHGAP29/TAF1D/SECISBP2/SORL1/ZSWIM6/ATP10D/RIF1/PRPF38B/TUG1/PLAGL1/SMAD5/ATP9B/IRAK2/IL1RAP/GCLM/ZNF281/ISCU","PUM1/ARHGAP29/TAF1D/SECISBP2/SORL1/ZSWIM6/ATP10D/RIF1/PRPF38B/TUG1/PLAGL1/SMAD5/ATP9B/IRAK2/IL1RAP/GCLM/ZNF281/ISCU"
"GSE282081","ATF3_correlation","3D_organoid_none","C6","27","P53_DN.V1_UP","P53_DN.V1_UP","1.579145866283980","0.01128008352191805369058","0.078960584653426382773","0.039038761285900981657","69","194","0.3556701030927835","0.00000000000000000","8","6","0.08695652173913043","0.041237113402061855","0.021108179419525065","0.0249412267275571434","0.0256271644871343997","Keep","KRAS.DF.V1_DN","KRAS.DF.V1_DN",TRUE,"RABGAP1L/HDAC9/CD9/ZNF799/ZNF160/CAT/CALB1/ZNF165/YES1/CORO2A/VASP/USP1/UGT8/C4BPB/KLF5/SOX9/BMP4/SCNN1A/RNASE4/PTN/SMAGP/CEMIP/PRSS2/AZGP1/PPL/PODXL/SERPINB5/MTAP/ASS1/MEIS2/SMAD6/MARCKS/EPCAM/LOXL1/KRT15/AREG/ITGA2/CCN1/BIRC2/APBB2/GPSM2/GRIK2/TOX3/LAMP3/FYN/SUN1/DKK1/ENPP4/RRAS2/ELF4/AHR/EFNB2/DSC2/CXADR/ADORA2B/ADM/MISP/LRRC42/OIP5/CHKA/KHDRBS3/NEBL/KAT5/NDC80/MSLN/LHFPL2/ARL4A/CDH13/CD24","RABGAP1L/HDAC9/CD9/ZNF799/ZNF160/CAT/CALB1/ZNF165/YES1/CORO2A/VASP/USP1/UGT8/C4BPB/KLF5/SOX9/BMP4/SCNN1A/RNASE4/PTN/SMAGP/CEMIP/PRSS2/AZGP1/PPL/PODXL/SERPINB5/MTAP/ASS1/MEIS2/SMAD6/MARCKS/EPCAM/LOXL1/KRT15/AREG/ITGA2/CCN1/BIRC2/APBB2/GPSM2/GRIK2/TOX3/LAMP3/FYN/SUN1/DKK1/ENPP4/RRAS2/ELF4/AHR/EFNB2/DSC2/CXADR/ADORA2B/ADM/MISP/LRRC42/OIP5/CHKA/KHDRBS3/NEBL/KAT5/NDC80/MSLN/LHFPL2/ARL4A/CDH13/CD24"
"GSE282081","ATF3_correlation","3D_organoid_none","C6","30","CSR_EARLY_UP.V1_DN","CSR_EARLY_UP.V1_DN","1.528643230780425","0.01685029657635680674921","0.106156868431047879398","0.052484827255628002662","45","126","0.3571428571428572","0.02173913043478261","4","4","0.08888888888888889","0.031746031746031744","0.014981273408239701","0.0148859166011015027","0.0240158902130733001","Keep","BMI1_DN_MEL18_DN.V1_UP","BMI1_DN_MEL18_DN.V1_UP",TRUE,"PAN2/C2CD5/SLC25A46/KBTBD6/LDB1/STX16/STC2/ACCS/SLC9A7/NDNF/ZNF226/ZNF33A/WEE1/MPPE1/SLC7A14/ARRDC3/DENND11/C14orf132/ZNF302/GSDMB/MINDY1/ATF7IP/NDUFAF7/ANKZF1/ADAMTSL4/ZFYVE1/GRHL1/TCAIM/POLL/BBC3/NPHP3/ZNF337/LTN1/HEBP2/USP33/STOX1/ALDH1A1/ADM/COL1A1/CYP2R1/TXNIP/DDX17/APBB3/CDKN1B/GDF5","PAN2/C2CD5/SLC25A46/KBTBD6/LDB1/STX16/STC2/POFUT3/ACCS/SLC9A7/NDNF/ZNF226/ZNF33A/WEE1/MPPE1/SLC7A14/ARRDC3/DENND11/C14orf132/ZNF302/GSDMB/MINDY1/ATF7IP/NDUFAF7/ANKZF1/ADAMTSL4/ZFYVE1/GRHL1/TCAIM/POLL/BBC3/NPHP3/ZNF337/LTN1/HEBP2/USP33/STOX1/ALDH1A1/ADM/COL1A1/CYP2R1/TXNIP/DDX17/APBB3/CDKN1B/GDF5"
"GSE282081","ATF3_correlation","3D_organoid_none","C6","31","KRAS.50_UP.V1_DN","KRAS.50_UP.V1_DN","-1.612196877468794","0.01833392266396624559199","0.111777786564181288997","0.055263855326027004622","23","48","0.4791666666666667","0.00000000000000000","1","1","0.04347826086956522","0.020833333333333332","0.005102040816326530","0.4791666666666666297","0.3825503355704700237","Keep","PDGF_ERK_DN.V1_DN","PDGF_ERK_DN.V1_DN",FALSE,"KRT38/LY6D/PLBD1/TRPM2/TGM1/SLC6A3/ATP6V1B1/NTF3/KRT4/C5AR2/EPHX2/EPHB6/OLFML2A/SLC6A14/CDH16/THRB/ACKR3/TAS2R4/NOS1/MX2/KRT13/KIF25/NCR3","KRT38/LY6D/PLBD1/TRPM2/TGM1/SLC6A3/ATP6V1B1/NTF3/KRT4/C5AR2/EPHX2/EPHB6/OLFML2A/SLC6A14/CDH16/THRB/ACKR3/TAS2R4/NOS1/MX2/KRT13/KIF25/NCR3"
"GSE282081","ATF3_correlation","3D_organoid_none","C6","32","BCAT_BILD_ET_AL_UP","BCAT_BILD_ET_AL_UP","-1.666693540310881","0.02453493500247599240494","0.144909459858373806940","0.071644426599802607525","17","45","0.3777777777777778","0.00000000000000000","1","1","0.05882352941176471","0.022222222222222223","0.005181347150259068","0.3777777777777778789","0.3825503355704700237","Keep","PDGF_ERK_DN.V1_DN","PDGF_ERK_DN.V1_DN",FALSE,"CYP24A1/SIRPA/DTX2/SCAMP4/CD151/CALR/ACTN4/TCF3/RPL37A/RPL27A/PALMD/CNOT3/MTCH2/EEF2/CTSD/C4orf36/MYL9","CYP24A1/SIRPA/DTX2/SCAMP4/CD151/CALR/ACTN4/TCF3/RPL37A/RPL27A/PALMD/CNOT3/MTCH2/EEF2/CTSD/C4orf36/MYL9"
"GSE282081","ATF3_correlation","3D_organoid_none","C6","33","RB_P107_DN.V1_UP","RB_P107_DN.V1_UP","-1.423585909620824","0.02853189479786093565861","0.163409942933203544690","0.080791217313196689309","26","130","0.2000000000000000","0.00000000000000000","1","1","0.03846153846153846","0.007692307692307693","0.003289473684210526","0.2000000000000000666","0.2171428571428571930","Keep","WNT_UP.V1_UP","WNT_UP.V1_UP",FALSE,"TUBG1/TEK/BGN/RPA2/RPA1/RFC2/PTMA/SERPINF1/ANAPC11/TRPV2/MCM5/RBPMS2/HMGN2/ETHE1/NCAPH/FBN1/FBLN2/DHFR/PAQR4/TMEM45B/LYPD1/NRM/FSTL1/SIVA1/PRDX4/CDH11","TUBG1/TEK/BGN/RPA2/RPA1/RFC2/PTMA/SERPINF1/ANAPC11/TRPV2/MCM5/RBPMS2/HMGN2/ETHE1/NCAPH/FBN1/FBLN2/DHFR/PAQR4/TMEM45B/LYPD1/NRM/FSTL1/SIVA1/PRDX4/CDH11"
"GSE282081","ATF3_correlation","3D_organoid_none","C6","37","KRAS.LUNG.BREAST_UP.V1_DN","KRAS.LUNG.BREAST_UP.V1_DN","-1.430784712246988","0.03248423380863193349333","0.165932978103552286608","0.082038626614476514720","28","142","0.1971830985915493","0.00000000000000000","1","1","0.03571428571428571","0.007042253521126761","0.003021148036253776","0.1971830985915494772","0.4473684210526315264","Keep","PGF_UP.V1_UP","PGF_UP.V1_UP",FALSE,"CXCL14/CLDN8/TNFSF10/RBM17/H3C1/PGGHG/ADAMTS20/HCN2/PVALB/NYNRIN/ACKR3/PDE3A/SERPINA10/TAS2R4/P2RX1/NOS1/LGALS9/KRT13/KIF25/GAMT/NCR3/ADGRE1/CYP21A2/CRABP2/COL2A1/UPK3B/MYL9/PARP3","CXCL14/CLDN8/TNFSF10/RBM17/H3C1/PGGHG/ADAMTS20/HCN2/PVALB/NYNRIN/ACKR3/PDE3A/SERPINA10/TAS2R4/P2RX1/NOS1/LGALS9/KRT13/KIF25/GAMT/NCR3/ADGRE1/CYP21A2/CRABP2/COL2A1/UPK3B/MYL9/PARP3"
"GSE282081","ATF3_correlation","3D_organoid_none","C6","38","STK33_NOMO_DN","STK33_NOMO_DN","1.418324658028350","0.03647058823529410881426","0.174056377304830062203","0.086054901869284938787","90","282","0.3191489361702128","0.00000000000000000","2","2","0.02222222222222222","0.007092198581560284","0.004255319148936170","0.1010827591428787309","0.1988304093567251352","Keep","PGF_UP.V1_UP","PGF_UP.V1_UP",FALSE,"ZNF623/ACAP1/PSTPIP2/STX11/SLC43A1/GPT2/MAP3K21/SYDE2/PRAM1/USP44/SLC25A32/C1orf115/RTL10/BEND5/TMEM243/DHRS11/VARS1/KLF5/STAR/ST14/MTARC1/OXCT2/STEEP1/PSPH/JPH1/TEX15/NXT2/FERMT1/ZNF280C/NUDT11/TMEM45A/LPCAT2/MFSD6/VPS13C/RETREG1/HGH1/PAWR/MTHFD2L/ASNS/PLPP6/KIT/ITGB7/NHSL2/HOXD13/APBB2/ANXA3/LAMP3/GJB2/CYFIP2/GALT/BACE2/ST6GALNAC3/ZDHHC23/SLC39A14/FMR1/KAZN/HSPA4L/FDXR/SLC35F1/MTURN/FBN2/F13A1/ALCAM/DSG2/DPAGT1/TMTC2/MBLAC2/SLC16A14/FAM117B/MAPK14/CR2/WDR36/SLC9B2/FAM241A/JDP2/SLAIN1/MGAT4A/MTFR2/ADCY3/GJB6/PNMA2/KATNB1/RASGRP1/TSPAN2/CD24/RORB/SERPINB10/TRHDE/BHLHE22/FCGR3B","ZNF623/ACAP1/PSTPIP2/STX11/SLC43A1/GPT2/MAP3K21/SYDE2/PRAM1/USP44/SLC25A32/C1orf115/RTL10/BEND5/TMEM243/DHRS11/VARS1/KLF5/STAR/ST14/MTARC1/OXCT2/STEEP1/PSPH/JPH1/TEX15/NXT2/FERMT1/ZNF280C/NUDT11/TMEM45A/LPCAT2/MFSD6/VPS13C/RETREG1/HGH1/PAWR/MTHFD2L/ASNS/PLPP6/KIT/ITGB7/NHSL2/HOXD13/APBB2/ANXA3/LAMP3/GJB2/CYFIP2/GALT/BACE2/ST6GALNAC3/ZDHHC23/SLC39A14/FMR1/KAZN/HSPA4L/FDXR/SLC35F1/MTURN/FBN2/F13A1/ALCAM/DSG2/DPAGT1/TMTC2/MBLAC2/SLC16A14/FAM117B/MAPK14/CR2/WDR36/SLC9B2/FAM241A/JDP2/SLAIN1/MGAT4A/MTFR2/ADCY3/GJB6/PNMA2/KATNB1/RASGRP1/TSPAN2/CD24/RORB/SERPINB10/TRHDE/BHLHE22/FCGR3B"
"GSE282081","ATF3_correlation","3D_organoid_none","C6","41","GCNP_SHH_UP_LATE.V1_UP","GCNP_SHH_UP_LATE.V1_UP","1.407148049954228","0.03789731051344743389953","0.174697358220525955641","0.086371808096189189863","60","181","0.3314917127071823","0.00000000000000000","4","3","0.05000000000000000","0.022099447513812154","0.010840108401084011","0.1070050828081922922","0.1384200575610054218","Keep","HOXA9_DN.V1_UP","HOXA9_DN.V1_UP",FALSE,"SLC23A2/CDC25C/CDC25A/PAN2/CDK1/MATR3/DCAF1/ZMYM6/SPOP/CDCA7/COIL/FBXO11/ZKSCAN1/ZFX/XPO1/UNG/CCR2/TEAD3/HNF1A/RYK/RRM1/RAG2/SINHCAF/TM9SF3/MCM10/MIS18BP1/SIX4/LUC7L3/PCSK2/NUSAP1/PCNT/RLIM/P2RY2/LLGL2/LBR/STRN3/GNL3/GART/CLIC4/GALNT3/ARIH1/YTHDF3/TARDBP/PSME4/SACM1L/SLC29A1/ELAVL2/TIMM8A/DDX3X/VCAN/PLEKHA7/NAA30/CHEK1/DIDO1/SRSF10/PLK2/NOP56/MPHOSPH10/TNFSF11/SDC2","SLC23A2/CDC25C/CDC25A/PAN2/CDK1/MATR3/DCAF1/ZMYM6/SPOP/CDCA7/COIL/FBXO11/ZKSCAN1/ZFX/XPO1/UNG/CCR2/TEAD3/HNF1A/RYK/RRM1/RAG2/SINHCAF/TM9SF3/MCM10/MIS18BP1/SIX4/LUC7L3/PCSK2/NUSAP1/PCNT/RLIM/P2RY2/LLGL2/LBR/STRN3/GNL3/GART/CLIC4/GALNT3/ARIH1/YTHDF3/TARDBP/PSME4/SACM1L/SLC29A1/ELAVL2/TIMM8A/DDX3X/VCAN/PLEKHA7/NAA30/CHEK1/DIDO1/SRSF10/PLK2/NOP56/MPHOSPH10/TNFSF11/SDC2"
"GSE282081","ATF3_correlation","3D_organoid_none","C6","42","PRC2_EZH2_UP.V1_UP","PRC2_EZH2_UP.V1_UP","1.419892270136099","0.04044117647058825121276","0.181985294117647133927","0.089975023434619577634","96","192","0.5000000000000000","0.00000000000000000","12","9","0.09375000000000000","0.062500000000000000","0.025751072961373390","0.0666232457628482266","0.0107265715299943980","Keep","STK33_UP","STK33_UP",TRUE,"CLEC2B/NUP58/KLF4/ADGRG1/KYNU/PIR/KLF11/KIAA0319L/TMC7/MALL/SLC2A3/CDCP1/CARD9/SCML1/ATXN1/PCTP/ANKH/YOD1/TBC1D19/TRAPPC14/PPP2R1B/MTMR10/PCBP3/PIK3CB/ANGPTL4/SERPINB2/NR4A2/NTSR1/NPAS2/MTHFD2L/MAN2A1/VWA5A/L1CAM/DIPK1A/ITGA2/IL6R/POMT2/NPC1L1/SRPX2/DKK2/SETBP1/ZNF324/SLC16A8/PLCB1/ATF6/WDR37/F2RL1/EYA3/EREG/EPHB2/HBEGF/CNIH3/DCBLD2/COLEC10/SLC19A2/CORO2B/TRIB1/CDH13/IL1RL1/TUB/ADGRL4/TMEM35A/AMMECR1/GFPT2/KIAA0513/AATK/IL33/ALDH1A2/HYAL3/FZD1/CDADC1/ACTL8/CCDC68/CFAP69/TTLL7/YRDC/C3orf52/ZNF215/UCP1/TSPAN7/SRD5A1/BPGM/BMP2/ST6GAL1/POPDC3/ERAP2/UBE2O/CLIP1/SLC5A7/RGS16/PTBP2/PTPRB/PTHLH/PMEPA1/KLK7/PRSS3","CLEC2B/NUP58/KLF4/ADGRG1/KYNU/PIR/KLF11/KIAA0319L/TMC7/MALL/SLC2A3/CDCP1/CARD9/SCML1/ATXN1/PCTP/ANKH/YOD1/TBC1D19/TRAPPC14/PPP2R1B/MTMR10/PCBP3/PIK3CB/ANGPTL4/SERPINB2/NR4A2/NTSR1/NPAS2/MTHFD2L/MAN2A1/VWA5A/L1CAM/DIPK1A/ITGA2/IL6R/POMT2/NPC1L1/SRPX2/DKK2/SETBP1/ZNF324/SLC16A8/PLCB1/ATF6/WDR37/F2RL1/EYA3/EREG/EPHB2/HBEGF/CNIH3/DCBLD2/COLEC10/SLC19A2/CORO2B/TRIB1/CDH13/IL1RL1/TUB/ADGRL4/TMEM35A/AMMECR1/GFPT2/KIAA0513/AATK/IL33/ALDH1A2/HYAL3/FZD1/CDADC1/ACTL8/CCDC68/CFAP69/TTLL7/YRDC/C3orf52/ZNF215/UCP1/TSPAN7/SRD5A1/BPGM/BMP2/ST6GAL1/POPDC3/ERAP2/UBE2O/CLIP1/SLC5A7/RGS16/PTBP2/PTPRB/PTHLH/PMEPA1/KLK7/PRSS3"
"GSE282081","ATF3_correlation","3D_organoid_none","C6","43","CTIP_DN.V1_DN","CTIP_DN.V1_DN","-1.385934848571434","0.04517513779506960452936","0.198560489378329235732","0.098169936046894529236","43","134","0.3208955223880597","0.00000000000000000","6","4","0.09302325581395349","0.044776119402985072","0.034090909090909088","0.0834575797007511277","0.2932541646049810491","Keep","KRAS.50_UP.V1_DN","KRAS.50_UP.V1_DN",FALSE,"APBA1/HLA-DOB/CARD10/SACS/FAM169A/ABI3BP/DDAH2/FMO5/EPB41L3/DIP2C/TFEC/EDN1/OLFML2A/HIBADH/CDKN1C/CDH16/MYH1/KNG1/CRISP1/CD53/CD7/KCNH7/CYBRD1/MYH14/CX3CL1/RAC3/CTNNBIP1/NLGN3/SERPINB9/ABCB4/REEP2/TAS2R4/MAOB/BCAM/LAIR1/KRT13/HIP1/GZMB/GPR19/RBMXL2/LRRC32/CEP162/CMKLR1","APBA1/HLA-DOB/CARD10/SACS/FAM169A/ABI3BP/DDAH2/FMO5/EPB41L3/DIP2C/TFEC/EDN1/OLFML2A/HIBADH/CDKN1C/CDH16/MYH1/KNG1/CRISP1/CD53/CD7/KCNH7/CYBRD1/MYH14/CX3CL1/RAC3/CTNNBIP1/NLGN3/SERPINB9/ABCB4/REEP2/TAS2R4/MAOB/BCAM/LAIR1/KRT13/HIP1/GZMB/GPR19/RBMXL2/LRRC32/CEP162/CMKLR1"
"GSE282081","ATF3_correlation","3D_organoid_none","C6","44","MYC_UP.V1_DN","MYC_UP.V1_DN","1.461685932975147","0.04930467762326170427789","0.207509881422924952199","0.102594588944493761429","51","172","0.2965116279069768","0.00000000000000000","10","7","0.13725490196078433","0.058139534883720929","0.022321428571428572","0.0080160252359291889","0.0435485353028391906","Keep","STK33_UP","STK33_UP",TRUE,"JOSD1/CLSTN3/SPOCD1/MAP3K6/STPG1/GPRC5A/NRP1/SANBR/BCO2/PBX4/CCDC82/TOP6BL/ZBED2/CA7/CLIP2/TLR2/SYT1/VAMP1/ZFTA/SLC6A1/NBEAL1/SKIL/BCL9/RNASE4/ARRDC3/SMURF1/SAMD9/TRPM4/ANGPTL4/PBX3/PAK3/NGFR/IRAK2/GRHL1/CXCL3/ZNF789/GJB5/NR6A1/GBP3/RNF19A/POGZ/WDR47/FGD2/RNF152/EREG/SDR16C5/MEGF6/DUSP18/BANF2/PODN/MISP","JOSD1/CLSTN3/SPOCD1/MAP3K6/STPG1/GPRC5A/NRP1/SANBR/BCO2/PBX4/CCDC82/TOP6BL/ZBED2/CA7/CLIP2/TLR2/SYT1/VAMP1/ZFTA/SLC6A1/NBEAL1/SKIL/BCL9/RNASE4/ARRDC3/SMURF1/SAMD9/TRPM4/ANGPTL4/PBX3/PAK3/NGFR/IRAK2/GRHL1/CXCL3/ZNF789/GJB5/NR6A1/GBP3/RNF19A/POGZ/WDR47/FGD2/RNF152/EREG/SDR16C5/MEGF6/DUSP18/BANF2/PODN/MISP"
