Pathway ID	Name	pvalue	DEG number	DEG Density	Intersecton size	DEGs in Intersection	Result	Reciprocal pvalue	Filtered	Versus	Versus Name	Is Reciprocal	Top Genes
REACTOME_RIBOSOME_QUALITY_CONTROL_RQC_COMPLEX_EXTRACTS_AND_DEGRADES_NASCENT_PEPTIDE	REACTOME_RIBOSOME_QUALITY_CONTROL_RQC_COMPLEX_EXTRACTS_AND_DEGRADES_NASCENT_PEPTIDE	5.44e-06	68	0.6602	0	0	1	0	keep	itself		True	RPL23,RPL14,CUL2,UBB,RPL38,RPL36AL,RPL31,RPL30,RPL27,RPL22,RPL21,RPL17,RPL15,RPL11,RPL7A,RPL6,RPL5,PSMD13,PSMD2,PSMC5
REACTOME_RIBOSOME_ASSOCIATED_QUALITY_CONTROL	REACTOME_RIBOSOME_ASSOCIATED_QUALITY_CONTROL	1.02e-05	87	0.6	103	68	0.017	1	exclude	REACTOME_RIBOSOME_QUALITY_CONTROL_RQC_COMPLEX_EXTRACTS_AND_DEGRADES_NASCENT_PEPTIDE	REACTOME_RIBOSOME_QUALITY_CONTROL_RQC_COMPLEX_EXTRACTS_AND_DEGRADES_NASCENT_PEPTIDE	False	RPL23,RPL14,CUL2,UBB,RPS26,RPS25,RPS24,RPS23,RPS20,RPS12,RPS8,RPS7,RPS3A,RPL38,RPL36AL,RPL31,RPL30,RPL27,RPL22,RPL21
REACTOME_SRP_DEPENDENT_COTRANSLATIONAL_PROTEIN_TARGETING_TO_MEMBRANE	REACTOME_SRP_DEPENDENT_COTRANSLATIONAL_PROTEIN_TARGETING_TO_MEMBRANE	1.24e-05	30	0.2655	0	0	1	0	keep	itself		True	RPL23,RPL14,SSR2,SRP72,SRP54,RPS26,RPS25,RPS24,RPS23,RPS20,RPS12,RPS8,RPS7,RPS3A,RPN2,RPN1,RPL38,RPL36AL,RPL31,RPL30
REACTOME_SIGNALING_BY_ROBO_RECEPTORS	REACTOME_SIGNALING_BY_ROBO_RECEPTORS	1.59e-05	112	0.5463	92	62	7.20e-04	0.2972	exclude	REACTOME_RIBOSOME_QUALITY_CONTROL_RQC_COMPLEX_EXTRACTS_AND_DEGRADES_NASCENT_PEPTIDE	REACTOME_RIBOSOME_QUALITY_CONTROL_RQC_COMPLEX_EXTRACTS_AND_DEGRADES_NASCENT_PEPTIDE	False	SLIT2,RPL23,RPL14,LHX4,CUL2,UBB,SOS2,SLIT3,UPF3A,RPS26,RPS25,RPS24,RPS23,RPS20,RPS12,RPS8,RPS7,RPS3A,RPL38,RPL36AL
REACTOME_REGULATION_OF_EXPRESSION_OF_SLITS_AND_ROBOS	REACTOME_REGULATION_OF_EXPRESSION_OF_SLITS_AND_ROBOS	2.69e-05	91	0.5723	92	62	0.002	0.2972	exclude	REACTOME_RIBOSOME_QUALITY_CONTROL_RQC_COMPLEX_EXTRACTS_AND_DEGRADES_NASCENT_PEPTIDE	REACTOME_RIBOSOME_QUALITY_CONTROL_RQC_COMPLEX_EXTRACTS_AND_DEGRADES_NASCENT_PEPTIDE	False	SLIT2,RPL23,RPL14,LHX4,CUL2,UBB,UPF3A,RPS26,RPS25,RPS24,RPS23,RPS20,RPS12,RPS8,RPS7,RPS3A,RPL38,RPL36AL,RPL31,RPL30
REACTOME_DEGRADATION_OF_GLI1_BY_THE_PROTEASOME	REACTOME_DEGRADATION_OF_GLI1_BY_THE_PROTEASOME	5.15e-05	36	0.766	37	28	0.7509	0.0903	keep	REACTOME_RIBOSOME_QUALITY_CONTROL_RQC_COMPLEX_EXTRACTS_AND_DEGRADES_NASCENT_PEPTIDE	REACTOME_RIBOSOME_QUALITY_CONTROL_RQC_COMPLEX_EXTRACTS_AND_DEGRADES_NASCENT_PEPTIDE	False	NUMB,CUL1,ITCH,UBB,PSMD13,PSMD2,PSMC5,PSMC2,PSMB7,PSMB3,PSMB2,PSMA5,PRKACA,SUFU,GLI1,PSMD14,PSMD6,SEM1,UBC,RPS27A
REACTOME_DEGRADATION_OF_AXIN	REACTOME_DEGRADATION_OF_AXIN	6.38e-05	32	0.7619	36	28	0.4434	0.05	keep	REACTOME_RIBOSOME_QUALITY_CONTROL_RQC_COMPLEX_EXTRACTS_AND_DEGRADES_NASCENT_PEPTIDE	REACTOME_RIBOSOME_QUALITY_CONTROL_RQC_COMPLEX_EXTRACTS_AND_DEGRADES_NASCENT_PEPTIDE	True	TNKS,UBB,PSMD13,PSMD2,PSMC5,PSMC2,PSMB7,PSMB3,PSMB2,PSMA5,PSMD14,PSMD6,RNF146,TNKS2,SEM1,UBC,SMURF2,RPS27A,PSMD12,PSMD11
REACTOME_EUKARYOTIC_TRANSLATION_INITIATION	REACTOME_EUKARYOTIC_TRANSLATION_INITIATION	1.14e-04	29	0.2417	88	24	0.1399	0.4812	keep	REACTOME_SRP_DEPENDENT_COTRANSLATIONAL_PROTEIN_TARGETING_TO_MEMBRANE	REACTOME_SRP_DEPENDENT_COTRANSLATIONAL_PROTEIN_TARGETING_TO_MEMBRANE	False	EIF5B,RPL23,RPL14,EIF2B5,EIF3H,EIF3F,EIF3D,RPS26,RPS25,RPS24,RPS23,RPS20,RPS12,RPS8,RPS7,RPS3A,RPL38,RPL36AL,RPL31,RPL30
REACTOME_MAPK6_MAPK4_SIGNALING	REACTOME_MAPK6_MAPK4_SIGNALING	1.20e-04	50	0.625	39	31	0.0021	0.2711	exclude	REACTOME_DEGRADATION_OF_GLI1_BY_THE_PROTEASOME	REACTOME_DEGRADATION_OF_GLI1_BY_THE_PROTEASOME	False	CCND3,CDC14B,MAPKAPK5,NCOA3,UBB,TNRC6C,PSMD13,PSMD2,PSMC5,PSMC2,PSMB7,PSMB3,PSMB2,PSMA5,PRKACA,PAK1,MOV10,TNRC6B,FOXO1,AGO3
REACTOME_REGULATION_OF_APOPTOSIS	REACTOME_REGULATION_OF_APOPTOSIS	1.79e-04	30	0.75	36	28	0.2559	0.05	keep	REACTOME_RIBOSOME_QUALITY_CONTROL_RQC_COMPLEX_EXTRACTS_AND_DEGRADES_NASCENT_PEPTIDE	REACTOME_RIBOSOME_QUALITY_CONTROL_RQC_COMPLEX_EXTRACTS_AND_DEGRADES_NASCENT_PEPTIDE	True	UBB,PSMD13,PSMD2,PSMC5,PSMC2,PSMB7,PSMB3,PSMB2,PSMA5,OPA1,PSMD14,PSMD6,SEM1,ARHGAP10,UBC,RPS27A,PSMD12,PSMD11,PSMD1,PSMC6
REACTOME_CDK_MEDIATED_PHOSPHORYLATION_AND_REMOVAL_OF_CDC6	REACTOME_CDK_MEDIATED_PHOSPHORYLATION_AND_REMOVAL_OF_CDC6	1.85e-04	41	0.6833	37	29	0.0338	0.037	keep	REACTOME_RIBOSOME_QUALITY_CONTROL_RQC_COMPLEX_EXTRACTS_AND_DEGRADES_NASCENT_PEPTIDE	REACTOME_RIBOSOME_QUALITY_CONTROL_RQC_COMPLEX_EXTRACTS_AND_DEGRADES_NASCENT_PEPTIDE	True	CDC6,CCNE1,CDC16,UBE2E1,UBB,PSMD13,PSMD2,PSMC5,PSMC2,PSMB7,PSMB3,PSMB2,PSMA5,ANAPC7,ANAPC4,CDC26,PSMD14,CDK2,CDC27,PSMD6
REACTOME_FBXL7_DOWN_REGULATES_AURKA_DURING_MITOTIC_ENTRY_AND_IN_EARLY_MITOSIS	REACTOME_FBXL7_DOWN_REGULATES_AURKA_DURING_MITOTIC_ENTRY_AND_IN_EARLY_MITOSIS	1.89e-04	31	0.7381	36	28	0.1735	0.4434	keep	REACTOME_DEGRADATION_OF_AXIN	REACTOME_DEGRADATION_OF_AXIN	False	CUL1,UBB,PSMD13,PSMD2,PSMC5,PSMC2,PSMB7,PSMB3,PSMB2,PSMA5,PSMD14,PSMD6,FBXL18,SEM1,UBC,AURKA,RPS27A,PSMD12,PSMD11,PSMD1
REACTOME_AMINE_LIGAND_BINDING_RECEPTORS	REACTOME_AMINE_LIGAND_BINDING_RECEPTORS	2.02e-04	14	0.3333	0	0	1	0	keep	itself		True	ADRB2,ADRA1D,CHRM3,ADRB3,ADRA1A,HTR1D,DRD4,DRD2,ADRB1,ADRA2C,ADRA2B,CHRM4,CHRM1,HRH3
REACTOME_RAF_ACTIVATION	REACTOME_RAF_ACTIVATION	2.68e-04	28	0.8235	0	0	1	0	keep	itself		True	KSR1,CAMK2A,PPP2R5B,PPP2R1B,PHB1,MARK3,BRAP,CAMK2G,CAMK2D,CAMK2B,SHOC2,YWHAB,BRAF,RAF1,MAP2K1,PPP2R5E,PPP2R5D,PPP2R5C,PPP2R5A,PPP2CB
REACTOME_EUKARYOTIC_TRANSLATION_ELONGATION	REACTOME_EUKARYOTIC_TRANSLATION_ELONGATION	3.30e-04	24	0.2553	88	24	0.161	0.4812	keep	REACTOME_SRP_DEPENDENT_COTRANSLATIONAL_PROTEIN_TARGETING_TO_MEMBRANE	REACTOME_SRP_DEPENDENT_COTRANSLATIONAL_PROTEIN_TARGETING_TO_MEMBRANE	False	RPL23,RPL14,RPS26,RPS25,RPS24,RPS23,RPS20,RPS12,RPS8,RPS7,RPS3A,RPL38,RPL36AL,RPL31,RPL30,RPL27,RPL22,RPL21,RPL17,RPL15
REACTOME_DOPAMINE_RECEPTORS	REACTOME_DOPAMINE_RECEPTORS	3.88e-04	2	0.4	0	0	1	0	keep	itself		True	DRD4,DRD2
REACTOME_SELENOAMINO_ACID_METABOLISM	REACTOME_SELENOAMINO_ACID_METABOLISM	3.89e-04	28	0.2373	88	24	0.0933	0.4812	keep	REACTOME_SRP_DEPENDENT_COTRANSLATIONAL_PROTEIN_TARGETING_TO_MEMBRANE	REACTOME_SRP_DEPENDENT_COTRANSLATIONAL_PROTEIN_TARGETING_TO_MEMBRANE	False	RPL23,PAPSS2,RPL14,TXNRD1,RPS26,RPS25,RPS24,RPS23,RPS20,RPS12,RPS8,RPS7,RPS3A,RPL38,RPL36AL,RPL31,RPL30,RPL27,RPL22,RPL21
REACTOME_PTEN_REGULATION	REACTOME_PTEN_REGULATION	3.90e-04	67	0.5317	36	28	3.78e-04	0.5077	exclude	REACTOME_DEGRADATION_OF_GLI1_BY_THE_PROTEASOME	REACTOME_DEGRADATION_OF_GLI1_BY_THE_PROTEASOME	False	MTA2,USP13,TNKS,PHC3,USP7,UBB,TP53,SNAI1,RRAGC,RNF2,RING1,RHEB,RBBP4,TNRC6C,MTA3,GATAD2B,PSMD13,SALL4,PSMD2,PSMC5
REACTOME_SPOP_MEDIATED_PROTEASOMAL_DEGRADATION_OF_PD_L1_CD274	REACTOME_SPOP_MEDIATED_PROTEASOMAL_DEGRADATION_OF_PD_L1_CD274	4.06e-04	33	0.7174	36	28	0.0946	0.4434	keep	REACTOME_DEGRADATION_OF_AXIN	REACTOME_DEGRADATION_OF_AXIN	False	SPOP,UBB,PSMD13,PSMD2,PSMC5,PSMC2,PSMB7,PSMB3,PSMB2,PSMA5,CSNK2B,CSNK2A2,PSMD14,PSMD6,CUL3,SEM1,YWHAG,UBC,RPS27A,PSMD12
REACTOME_GPCR_LIGAND_BINDING	REACTOME_GPCR_LIGAND_BINDING	4.43e-04	84	0.1806	42	11	0.1128	1	keep	REACTOME_AMINE_LIGAND_BINDING_RECEPTORS	REACTOME_AMINE_LIGAND_BINDING_RECEPTORS	False	GLP2R,QRFPR,WNT2,PROK2,RGR,NPS,PTH,PPY,RXFP3,NMBR,GHRH,TAS2R40,ADRB3,ADRA1A,CRH,ADCYAP1R1,MRGPRD,CGA,CCR9,CYSLTR1
REACTOME_CHROMATIN_ORGANIZATION	REACTOME_CHROMATIN_ORGANIZATION	4.60e-04	122	0.4251	0	0	1	0	keep	itself		True	SUPT7L,JADE3,H2AZ2,MTA2,H2BC11,KAT2B,NCOA1,OGT,ING5,ARID5B,H3C10,H3C3,H2BC10,H2BC8,H2AC6,H2AC14,TRRAP,KDM5C,DPF3,KMT2D
REACTOME_ANTIGEN_PROCESSING_UBIQUITINATION_PROTEASOME_DEGRADATION	REACTOME_ANTIGEN_PROCESSING_UBIQUITINATION_PROTEASOME_DEGRADATION	4.62e-04	140	0.4746	41	30	3.14e-04	1	exclude	REACTOME_DEGRADATION_OF_GLI1_BY_THE_PROTEASOME	REACTOME_DEGRADATION_OF_GLI1_BY_THE_PROTEASOME	False	UBE3C,DZIP3,RNF14,NPEPPS,LRSAM1,UBE3D,HERC2,TRIM4,CDC16,FBXL20,CUL1,CUL2,ITCH,RNF34,UBE2E1,UBE2B,UBB,RNF25,RBBP6,RNF213
REACTOME_AMPK_INDUCED_ERAD_AND_LYSOSOME_MEDIATED_DEGRADATION_OF_PD_L1_CD274	REACTOME_AMPK_INDUCED_ERAD_AND_LYSOSOME_MEDIATED_DEGRADATION_OF_PD_L1_CD274	5.73e-04	38	0.6909	37	29	0.0353	0.037	keep	REACTOME_RIBOSOME_QUALITY_CONTROL_RQC_COMPLEX_EXTRACTS_AND_DEGRADES_NASCENT_PEPTIDE	REACTOME_RIBOSOME_QUALITY_CONTROL_RQC_COMPLEX_EXTRACTS_AND_DEGRADES_NASCENT_PEPTIDE	True	UBB,PSMD13,PSMD2,PSMC5,PSMC2,PSMB7,PSMB3,PSMB2,PSMA5,PRKAB2,PRKAG3,PRKAG2,DERL2,ERLIN1,PSMD14,PSMD6,SEM1,VCP,UBC,SEL1L
REACTOME_P53_DEPENDENT_G1_DNA_DAMAGE_RESPONSE	REACTOME_P53_DEPENDENT_G1_DNA_DAMAGE_RESPONSE	5.90e-04	35	0.6604	36	28	0.0109	0.5077	exclude	REACTOME_DEGRADATION_OF_GLI1_BY_THE_PROTEASOME	REACTOME_DEGRADATION_OF_GLI1_BY_THE_PROTEASOME	False	CCNE1,UBB,TP53,PSMD13,PSMD2,PSMC5,PSMC2,PSMB7,PSMB3,PSMB2,PSMA5,MDM4,CDKN1B,PSMD14,CDK2,PSMD6,CCNA2,SEM1,UBC,COP1
REACTOME_HH_MUTANTS_ABROGATE_LIGAND_SECRETION	REACTOME_HH_MUTANTS_ABROGATE_LIGAND_SECRETION	6.07e-04	33	0.7174	37	29	0.0572	0.037	keep	REACTOME_RIBOSOME_QUALITY_CONTROL_RQC_COMPLEX_EXTRACTS_AND_DEGRADES_NASCENT_PEPTIDE	REACTOME_RIBOSOME_QUALITY_CONTROL_RQC_COMPLEX_EXTRACTS_AND_DEGRADES_NASCENT_PEPTIDE	True	UBB,PSMD13,PSMD2,PSMC5,PSMC2,PSMB7,PSMB3,PSMB2,PSMA5,DERL2,PSMD14,PSMD6,SYVN1,SEM1,VCP,UBC,SEL1L,RPS27A,PSMD12,PSMD11
REACTOME_DEGRADATION_OF_DVL	REACTOME_DEGRADATION_OF_DVL	6.14e-04	31	0.7045	36	28	0.0375	0.4434	exclude	REACTOME_DEGRADATION_OF_AXIN	REACTOME_DEGRADATION_OF_AXIN	False	UBB,PSMD13,PSMD2,PSMC5,PSMC2,PSMB7,PSMB3,PSMB2,PSMA5,HECW1,DVL3,PSMD14,PSMD6,CUL3,SEM1,UBC,RPS27A,PSMD12,PSMD11,PSMD1
REACTOME_REGULATION_OF_ENDOGENOUS_RETROELEMENTS_BY_KRAB_ZFP_PROTEINS	REACTOME_REGULATION_OF_ENDOGENOUS_RETROELEMENTS_BY_KRAB_ZFP_PROTEINS	7.17e-04	45	0.4206	70	33	0.1033	0.2224	keep	REACTOME_CHROMATIN_ORGANIZATION	REACTOME_CHROMATIN_ORGANIZATION	False	H2AZ2,MTA2,H2BC11,H3C10,H3C3,H2BC10,H2BC8,H2AC6,H2AC14,ZNF93,ZNF224,ZNF136,ZNF28,RBBP4,ZNF317,MTA3,GATAD2B,H2AJ,ZNF331,ZNF680
REACTOME_VIF_MEDIATED_DEGRADATION_OF_APOBEC3G	REACTOME_VIF_MEDIATED_DEGRADATION_OF_APOBEC3G	7.21e-04	30	0.7317	36	28	0.1096	0.4434	keep	REACTOME_DEGRADATION_OF_AXIN	REACTOME_DEGRADATION_OF_AXIN	False	UBB,PSMD13,PSMD2,PSMC5,PSMC2,PSMB7,PSMB3,PSMB2,PSMA5,PSMD14,PSMD6,CUL5,SEM1,UBC,ELOC,RPS27A,PSMD12,PSMD11,PSMD1,PSMC6
REACTOME_AUF1_HNRNP_D0_BINDS_AND_DESTABILIZES_MRNA	REACTOME_AUF1_HNRNP_D0_BINDS_AND_DESTABILIZES_MRNA	7.25e-04	30	0.7143	36	28	0.0458	0.5077	exclude	REACTOME_DEGRADATION_OF_GLI1_BY_THE_PROTEASOME	REACTOME_DEGRADATION_OF_GLI1_BY_THE_PROTEASOME	False	UBB,PSMD13,PSMD2,PSMC5,PSMC2,PSMB7,PSMB3,PSMB2,PSMA5,HSPA1A,EIF4G1,PSMD14,PSMD6,SEM1,UBC,RPS27A,PSMD12,PSMD11,PSMD1,PSMC6
REACTOME_ASYMMETRIC_LOCALIZATION_OF_PCP_PROTEINS	REACTOME_ASYMMETRIC_LOCALIZATION_OF_PCP_PROTEINS	7.60e-04	36	0.7059	37	29	0.0529	0.3405	keep	REACTOME_DEGRADATION_OF_AXIN	REACTOME_DEGRADATION_OF_AXIN	False	FZD1,UBB,PSMD13,PSMD2,PSMC5,PSMC2,PSMB7,PSMB3,PSMB2,PSMA5,PSMD14,PSMD6,FZD8,FZD4,SEM1,FZD3,WNT5A,UBC,SMURF2,RPS27A
REACTOME_INTRACELLULAR_SIGNALING_BY_SECOND_MESSENGERS	REACTOME_INTRACELLULAR_SIGNALING_BY_SECOND_MESSENGERS	7.80e-04	75	0.2475	0	0	1	0	keep	itself		True	GAB2,NRG2,KL,MTA2,USP13,IRS2,TNKS,PIP4K2B,PIP5K1B,CAMK2A,PHC3,PIP4K2C,USP7,UBB,TP53,SNAI1,SGK1,RRAGC,RNF2,RING1
REACTOME_ANTIGEN_PROCESSING_UB_ATP_INDEPENDENT_PROTEASOMAL_DEGRADATION	REACTOME_ANTIGEN_PROCESSING_UB_ATP_INDEPENDENT_PROTEASOMAL_DEGRADATION	8.06e-04	16	0.8421	14	13	0.1548	0.0177	keep	REACTOME_RIBOSOME_QUALITY_CONTROL_RQC_COMPLEX_EXTRACTS_AND_DEGRADES_NASCENT_PEPTIDE	REACTOME_RIBOSOME_QUALITY_CONTROL_RQC_COMPLEX_EXTRACTS_AND_DEGRADES_NASCENT_PEPTIDE	True	PSMB9,PSMB8,PSMB7,PSMB3,PSMB2,PSMA5,PSME1,PSMB6,PSMB5,PSMB4,PSMB1,PSMA7,PSMA4,PSMA3,PSMA2,PSMA1
REACTOME_NONSENSE_MEDIATED_DECAY_NMD	REACTOME_NONSENSE_MEDIATED_DECAY_NMD	8.21e-04	26	0.2241	88	24	0.019	0.4812	exclude	REACTOME_SRP_DEPENDENT_COTRANSLATIONAL_PROTEIN_TARGETING_TO_MEMBRANE	REACTOME_SRP_DEPENDENT_COTRANSLATIONAL_PROTEIN_TARGETING_TO_MEMBRANE	False	SMG7,RPL23,RPL14,UPF3A,RPS26,RPS25,RPS24,RPS23,RPS20,RPS12,RPS8,RPS7,RPS3A,RPL38,RPL36AL,RPL31,RPL30,RPL27,RPL22,RPL21
REACTOME_DEFECTIVE_ST3GAL3_CAUSES_MCT12_AND_EIEE15	REACTOME_DEFECTIVE_ST3GAL3_CAUSES_MCT12_AND_EIEE15	8.77e-04	3	0.375	0	0	1	0	keep	itself		True	ST3GAL3,LUM,FMOD
REACTOME_SCF_SKP2_MEDIATED_DEGRADATION_OF_P27_P21	REACTOME_SCF_SKP2_MEDIATED_DEGRADATION_OF_P27_P21	9.42e-04	34	0.68	38	29	0.0317	0.6866	exclude	REACTOME_DEGRADATION_OF_GLI1_BY_THE_PROTEASOME	REACTOME_DEGRADATION_OF_GLI1_BY_THE_PROTEASOME	False	CCNE1,CUL1,UBB,PSMD13,PSMD2,PSMC5,PSMC2,PSMB7,PSMB3,PSMB2,PSMA5,CDKN1B,PSMD14,CDK2,PSMD6,CCNA2,SEM1,UBC,SKP2,RPS27A
REACTOME_CLASS_A_1_RHODOPSIN_LIKE_RECEPTORS	REACTOME_CLASS_A_1_RHODOPSIN_LIKE_RECEPTORS	9.81e-04	59	0.1777	42	11	0.0981	1	keep	REACTOME_AMINE_LIGAND_BINDING_RECEPTORS	REACTOME_AMINE_LIGAND_BINDING_RECEPTORS	False	QRFPR,PROK2,RGR,NPS,PPY,RXFP3,NMBR,ADRB3,ADRA1A,MRGPRD,CGA,CCR9,CYSLTR1,LPAR2,CCRL2,TRHR,TBXA2R,SSTR4,SSTR3,PLPPR2
REACTOME_DARPP_32_EVENTS	REACTOME_DARPP_32_EVENTS	9.98e-04	10	0.4167	0	0	1	0	keep	itself		True	PPP1R1B,PRKAR2A,PRKACA,PPP3R1,PPP3CB,PPP2R1B,PDE4D,PDE4C,PDE4B,PDE4A
REACTOME_G2_M_CHECKPOINTS	REACTOME_G2_M_CHECKPOINTS	0.0011	86	0.5513	36	28	0.0014	0.5077	exclude	REACTOME_DEGRADATION_OF_GLI1_BY_THE_PROTEASOME	REACTOME_DEGRADATION_OF_GLI1_BY_THE_PROTEASOME	False	CDC6,RNF8,H2BC11,HERC2,MCM8,BRIP1,H2BC10,H2BC8,BRCC3,UBB,TP53,BRCA1,RFC2,PSMD13,PSMD2,PSMC5,PSMC2,PSMB7,PSMB3,PSMB2
REACTOME_NEGATIVE_REGULATION_OF_NOTCH4_SIGNALING	REACTOME_NEGATIVE_REGULATION_OF_NOTCH4_SIGNALING	0.0011	31	0.7045	36	28	0.0375	0.4434	exclude	REACTOME_DEGRADATION_OF_AXIN	REACTOME_DEGRADATION_OF_AXIN	False	CUL1,UBB,PSMD13,PSMD2,PSMC5,PSMC2,PSMB7,PSMB3,PSMB2,PSMA5,FBXW7,PSMD14,PSMD6,SEM1,YWHAZ,UBC,RPS27A,PSMD12,PSMD11,PSMD1
REACTOME_STABILIZATION_OF_P53	REACTOME_STABILIZATION_OF_P53	0.0011	31	0.7045	36	28	0.0375	0.5077	exclude	REACTOME_DEGRADATION_OF_GLI1_BY_THE_PROTEASOME	REACTOME_DEGRADATION_OF_GLI1_BY_THE_PROTEASOME	False	UBB,TP53,PSMD13,PSMD2,PSMC5,PSMC2,PSMB7,PSMB3,PSMB2,PSMA5,MDM4,PSMD14,PSMD6,SEM1,UBC,COP1,RPS27A,PSMD12,PSMD11,PSMD1
REACTOME_ORC1_REMOVAL_FROM_CHROMATIN	REACTOME_ORC1_REMOVAL_FROM_CHROMATIN	0.0011	38	0.6552	37	28	0.0312	0.0903	exclude	REACTOME_RIBOSOME_QUALITY_CONTROL_RQC_COMPLEX_EXTRACTS_AND_DEGRADES_NASCENT_PEPTIDE	REACTOME_RIBOSOME_QUALITY_CONTROL_RQC_COMPLEX_EXTRACTS_AND_DEGRADES_NASCENT_PEPTIDE	False	CDC6,CUL1,MCM8,UBB,PSMD13,PSMD2,PSMC5,PSMC2,PSMB7,PSMB3,PSMB2,PSMA5,ORC2,MCM6,MCM3,ORC3,PSMD14,CDK2,PSMD6,CCNA2
REACTOME_CLASS_I_MHC_MEDIATED_ANTIGEN_PROCESSING_PRESENTATION	REACTOME_CLASS_I_MHC_MEDIATED_ANTIGEN_PROCESSING_PRESENTATION	0.0011	167	0.4477	41	30	9.57e-05	1	exclude	REACTOME_DEGRADATION_OF_GLI1_BY_THE_PROTEASOME	REACTOME_DEGRADATION_OF_GLI1_BY_THE_PROTEASOME	False	UBE3C,DZIP3,SEC24C,RNF14,NPEPPS,VAMP3,LRSAM1,UBE3D,HERC2,TRIM4,CDC16,FBXL20,CUL1,CUL2,ITCH,RNF34,UBE2E1,UBE2B,UBB,TLR4
REACTOME_HEDGEHOG_OFF_STATE	REACTOME_HEDGEHOG_OFF_STATE	0.0012	58	0.58	47	36	3.55e-04	1	exclude	REACTOME_DEGRADATION_OF_GLI1_BY_THE_PROTEASOME	REACTOME_DEGRADATION_OF_GLI1_BY_THE_PROTEASOME	False	NUMB,OFD1,TUBA1C,CUL1,ITCH,TUBB1,IFT88,UBB,WDR19,PSMD13,PSMD2,PSMC5,PSMC2,PSMB7,PSMB3,PSMB2,PSMA5,PRKAR2A,PRKACA,SUFU
REACTOME_HATS_ACETYLATE_HISTONES	REACTOME_HATS_ACETYLATE_HISTONES	0.0013	61	0.4296	53	23	0.5365	0.4672	keep	REACTOME_REGULATION_OF_ENDOGENOUS_RETROELEMENTS_BY_KRAB_ZFP_PROTEINS	REACTOME_REGULATION_OF_ENDOGENOUS_RETROELEMENTS_BY_KRAB_ZFP_PROTEINS	False	SUPT7L,JADE3,H2BC11,KAT2B,NCOA1,OGT,ING5,H3C10,H3C3,H2BC10,H2BC8,H2AC6,H2AC14,TRRAP,KAT6A,SAP130,BRPF1,ATXN7,KAT14,YEATS2
REACTOME_RESPONSE_OF_EIF2AK4_GCN2_TO_AMINO_ACID_DEFICIENCY	REACTOME_RESPONSE_OF_EIF2AK4_GCN2_TO_AMINO_ACID_DEFICIENCY	0.0014	24	0.2353	88	24	0.0172	0.4812	exclude	REACTOME_SRP_DEPENDENT_COTRANSLATIONAL_PROTEIN_TARGETING_TO_MEMBRANE	REACTOME_SRP_DEPENDENT_COTRANSLATIONAL_PROTEIN_TARGETING_TO_MEMBRANE	False	RPL23,RPL14,RPS26,RPS25,RPS24,RPS23,RPS20,RPS12,RPS8,RPS7,RPS3A,RPL38,RPL36AL,RPL31,RPL30,RPL27,RPL22,RPL21,RPL17,RPL15
REACTOME_INFLUENZA_VIRAL_RNA_TRANSCRIPTION_AND_REPLICATION	REACTOME_INFLUENZA_VIRAL_RNA_TRANSCRIPTION_AND_REPLICATION	0.0014	31	0.2263	88	24	0.0608	0.4812	keep	REACTOME_SRP_DEPENDENT_COTRANSLATIONAL_PROTEIN_TARGETING_TO_MEMBRANE	REACTOME_SRP_DEPENDENT_COTRANSLATIONAL_PROTEIN_TARGETING_TO_MEMBRANE	False	RPL23,RPL14,NUP214,TPR,RPS26,RPS25,RPS24,RPS23,RPS20,RPS12,RPS8,RPS7,RPS3A,RPL38,RPL36AL,RPL31,RPL30,RPL27,RPL22,RPL21
REACTOME_REGULATION_OF_PTEN_STABILITY_AND_ACTIVITY	REACTOME_REGULATION_OF_PTEN_STABILITY_AND_ACTIVITY	0.0015	35	0.625	36	28	0.002	0.5077	exclude	REACTOME_DEGRADATION_OF_GLI1_BY_THE_PROTEASOME	REACTOME_DEGRADATION_OF_GLI1_BY_THE_PROTEASOME	False	USP13,TNKS,UBB,PSMD13,PSMD2,PSMC5,PSMC2,PSMB7,PSMB3,PSMB2,PSMA5,MKRN1,CSNK2B,CSNK2A2,PSMD14,PSMD6,RNF146,TNKS2,SEM1,UBC
REACTOME_SWITCHING_OF_ORIGINS_TO_A_POST_REPLICATIVE_STATE	REACTOME_SWITCHING_OF_ORIGINS_TO_A_POST_REPLICATIVE_STATE	0.0017	48	0.6076	38	29	0.0059	0.0693	exclude	REACTOME_RIBOSOME_QUALITY_CONTROL_RQC_COMPLEX_EXTRACTS_AND_DEGRADES_NASCENT_PEPTIDE	REACTOME_RIBOSOME_QUALITY_CONTROL_RQC_COMPLEX_EXTRACTS_AND_DEGRADES_NASCENT_PEPTIDE	False	CDC6,CCNE1,CDC16,CUL1,MCM8,UBE2E1,UBB,PSMD13,PSMD2,PSMC5,PSMC2,PSMB7,PSMB3,PSMB2,PSMA5,ANAPC7,ORC2,MCM6,MCM3,ANAPC4
REACTOME_CROSS_PRESENTATION_OF_SOLUBLE_EXOGENOUS_ANTIGENS_ENDOSOMES	REACTOME_CROSS_PRESENTATION_OF_SOLUBLE_EXOGENOUS_ANTIGENS_ENDOSOMES	0.0017	28	0.6667	32	25	0.0085	0.0627	exclude	REACTOME_RIBOSOME_QUALITY_CONTROL_RQC_COMPLEX_EXTRACTS_AND_DEGRADES_NASCENT_PEPTIDE	REACTOME_RIBOSOME_QUALITY_CONTROL_RQC_COMPLEX_EXTRACTS_AND_DEGRADES_NASCENT_PEPTIDE	False	PSMD13,PSMD2,PSMC5,PSMC2,PSMB9,PSMB8,PSMB7,PSMB3,PSMB2,PSMA5,PSMD14,PSMD6,SEM1,PSME1,PSMD12,PSMD11,PSMD1,PSMC6,PSMC1,PSMB6
REACTOME_M_PHASE	REACTOME_M_PHASE	0.0018	193	0.4777	37	29	6.98e-05	0.4295	exclude	REACTOME_DEGRADATION_OF_GLI1_BY_THE_PROTEASOME	REACTOME_DEGRADATION_OF_GLI1_BY_THE_PROTEASOME	False	IST1,CEP135,KIF23,H2AZ2,ZW10,NEK9,CENPL,H2BC11,CDC16,DYNLL1,OFD1,TUBA1C,H3C10,H3C3,H2BC10,H2BC8,H2AC6,H2AC14,KIF18A,NDEL1
REACTOME_SIGNALING_BY_NOTCH4	REACTOME_SIGNALING_BY_NOTCH4	0.0019	42	0.5833	37	28	0.0022	0.0903	exclude	REACTOME_RIBOSOME_QUALITY_CONTROL_RQC_COMPLEX_EXTRACTS_AND_DEGRADES_NASCENT_PEPTIDE	REACTOME_RIBOSOME_QUALITY_CONTROL_RQC_COMPLEX_EXTRACTS_AND_DEGRADES_NASCENT_PEPTIDE	False	MAML1,KAT2B,CUL1,MAML2,UBB,PSMD13,PSMD2,PSMC5,PSMC2,PSMB7,PSMB3,PSMB2,PSMA5,PSEN2,PSEN1,MAML3,FBXW7,NOTCH2,HEY1,NCSTN
REACTOME_SIGNALING_BY_HEDGEHOG	REACTOME_SIGNALING_BY_HEDGEHOG	0.0021	72	0.5255	47	36	3.74e-05	1	exclude	REACTOME_DEGRADATION_OF_GLI1_BY_THE_PROTEASOME	REACTOME_DEGRADATION_OF_GLI1_BY_THE_PROTEASOME	False	BOC,NUMB,PTCH2,OFD1,TUBA1C,CUL1,SPOP,ITCH,TUBB1,IFT88,UBB,WDR19,PSMD13,PSMD2,PSMC5,PSMC2,PSMB7,PSMB3,PSMB2,PSMA5
REACTOME_PCP_CE_PATHWAY	REACTOME_PCP_CE_PATHWAY	0.0021	47	0.5949	36	28	0.0023	0.5077	exclude	REACTOME_DEGRADATION_OF_GLI1_BY_THE_PROTEASOME	REACTOME_DEGRADATION_OF_GLI1_BY_THE_PROTEASOME	False	FZD6,FZD1,UBB,PSMD13,PSMD2,PSMC5,PSMC2,PSMB7,PSMB3,PSMB2,PSMA5,PRKCA,WNT4,ROR1,DVL3,AP2B1,PSMD14,PSMD6,FZD8,FZD4
REACTOME_UBIQUITIN_DEPENDENT_DEGRADATION_OF_CYCLIN_D	REACTOME_UBIQUITIN_DEPENDENT_DEGRADATION_OF_CYCLIN_D	0.0021	28	0.7179	36	28	0.0181	0.5077	exclude	REACTOME_DEGRADATION_OF_GLI1_BY_THE_PROTEASOME	REACTOME_DEGRADATION_OF_GLI1_BY_THE_PROTEASOME	False	UBB,PSMD13,PSMD2,PSMC5,PSMC2,PSMB7,PSMB3,PSMB2,PSMA5,PSMD14,PSMD6,SEM1,UBC,RPS27A,PSMD12,PSMD11,PSMD1,PSMC6,PSMC1,PSMB6
REACTOME_VOLTAGE_GATED_POTASSIUM_CHANNELS	REACTOME_VOLTAGE_GATED_POTASSIUM_CHANNELS	0.0021	22	0.5116	0	0	1	0	keep	itself		True	KCNS2,KCNS1,KCNQ2,KCNQ1,KCNH2,KCNC1,KCNB1,KCNA7,KCNA6,KCNG2,KCNH3,KCNH4,KCNV2,KCNH8,KCNG4,KCNAB3,KCNH6,KCNQ5,KCNF1,KCND2
REACTOME_GSK3B_MEDIATED_PROTEASOMAL_DEGRADATION_OF_PD_L1_CD274	REACTOME_GSK3B_MEDIATED_PROTEASOMAL_DEGRADATION_OF_PD_L1_CD274	0.0022	30	0.6818	37	28	0.0252	0.0903	exclude	REACTOME_RIBOSOME_QUALITY_CONTROL_RQC_COMPLEX_EXTRACTS_AND_DEGRADES_NASCENT_PEPTIDE	REACTOME_RIBOSOME_QUALITY_CONTROL_RQC_COMPLEX_EXTRACTS_AND_DEGRADES_NASCENT_PEPTIDE	False	CUL1,UBB,PSMD13,PSMD2,PSMC5,PSMC2,PSMB7,PSMB3,PSMB2,PSMA5,COPS5,PSMD14,PSMD6,SEM1,UBC,RPS27A,PSMD12,PSMD11,PSMD1,PSMC6
REACTOME_ADRENOCEPTORS	REACTOME_ADRENOCEPTORS	0.0022	7	0.7778	0	0	1	0	keep	itself		True	ADRB2,ADRA1D,ADRB3,ADRA1A,ADRB1,ADRA2C,ADRA2B
REACTOME_SLBP_DEPENDENT_PROCESSING_OF_REPLICATION_DEPENDENT_HISTONE_PRE_MRNAS	REACTOME_SLBP_DEPENDENT_PROCESSING_OF_REPLICATION_DEPENDENT_HISTONE_PRE_MRNAS	0.0022	7	0.6364	0	0	1	0	keep	itself		True	SLBP,SNRPF,SNRPE,SNRPD3,NCBP1,ZNF473,NCBP2
REACTOME_HEDGEHOG_LIGAND_BIOGENESIS	REACTOME_HEDGEHOG_LIGAND_BIOGENESIS	0.0022	35	0.6731	36	28	0.0192	0.5077	exclude	REACTOME_DEGRADATION_OF_GLI1_BY_THE_PROTEASOME	REACTOME_DEGRADATION_OF_GLI1_BY_THE_PROTEASOME	False	UBB,PSMD13,PSMD2,PSMC5,PSMC2,PSMB7,PSMB3,PSMB2,PSMA5,DERL2,PSMD14,PSMD6,DISP2,SYVN1,SEM1,VCP,UBC,ADAM17,SEL1L,RPS27A
REACTOME_SIGNALING_BY_PDGFRA_TRANSMEMBRANE_JUXTAMEMBRANE_AND_KINASE_DOMAIN_MUTANTS	REACTOME_SIGNALING_BY_PDGFRA_TRANSMEMBRANE_JUXTAMEMBRANE_AND_KINASE_DOMAIN_MUTANTS	0.0023	12	1	0	0	1	0	keep	itself		True	STAT1,PIK3R1,PDGFRA,GRB2,STAT3,SOS1,PIK3R2,PIK3CB,PIK3CA,NRAS,KRAS,HRAS
REACTOME_RUNX1_REGULATES_TRANSCRIPTION_OF_GENES_INVOLVED_IN_DIFFERENTIATION_OF_HSCS	REACTOME_RUNX1_REGULATES_TRANSCRIPTION_OF_GENES_INVOLVED_IN_DIFFERENTIATION_OF_HSCS	0.0023	62	0.5345	37	29	1.89e-04	0.4295	exclude	REACTOME_DEGRADATION_OF_GLI1_BY_THE_PROTEASOME	REACTOME_DEGRADATION_OF_GLI1_BY_THE_PROTEASOME	False	H2AZ2,CCNH,H2BC11,ITCH,H3C10,H3C3,H2BC10,H2BC8,H2AC6,H2AC14,UBB,TCF12,TAL1,PSMD13,PSMD2,PSMC5,PSMC2,PSMB7,PSMB3,PSMB2
REACTOME_HEDGEHOG_ON_STATE	REACTOME_HEDGEHOG_ON_STATE	0.0024	43	0.589	37	28	0.0031	0.0903	exclude	REACTOME_RIBOSOME_QUALITY_CONTROL_RQC_COMPLEX_EXTRACTS_AND_DEGRADES_NASCENT_PEPTIDE	REACTOME_RIBOSOME_QUALITY_CONTROL_RQC_COMPLEX_EXTRACTS_AND_DEGRADES_NASCENT_PEPTIDE	False	BOC,NUMB,PTCH2,SPOP,ITCH,UBB,PSMD13,PSMD2,PSMC5,PSMC2,PSMB7,PSMB3,PSMB2,PSMA5,SUFU,CDON,GLI3,GLI1,IQCE,PSMD14
REACTOME_INTRA_GOLGI_TRAFFIC	REACTOME_INTRA_GOLGI_TRAFFIC	0.0024	23	0.5227	0	0	1	0	keep	itself		True	GOSR2,CYTH3,COG7,MAN1A1,GOLIM4,RAB30,COG4,COG2,VTI1A,COG5,STX6,GOLGA5,RGP1,GOSR1,COG1,SNAP29,TRIP11,CYTH1,NAPG,STX16
REACTOME_GLUTATHIONE_CONJUGATION	REACTOME_GLUTATHIONE_CONJUGATION	0.0026	18	0.5	0	0	1	0	keep	itself		True	CHAC2,MGST1,GSTT2,GSTP1,GSTM4,GSS,GCLC,GGT6,GSTO1,GSTZ1,GSTM3,GSTA4,OPLAH,GGT7,GGT1,ESD,GSTO2,AKR1A1
REACTOME_FGFR2B_LIGAND_BINDING_AND_ACTIVATION	REACTOME_FGFR2B_LIGAND_BINDING_AND_ACTIVATION	0.0027	6	0.6	7	5	0.3333	0.0114	keep	REACTOME_INTRACELLULAR_SIGNALING_BY_SECOND_MESSENGERS	REACTOME_INTRACELLULAR_SIGNALING_BY_SECOND_MESSENGERS	True	FGFR2,FGF3,FGF1,FGFBP3,FGF22,FGF7
REACTOME_CREB_PHOSPHORYLATION	REACTOME_CREB_PHOSPHORYLATION	0.0029	6	0.8571	0	0	1	0	keep	itself		True	RPS6KA5,RPS6KA3,RPS6KA2,ATF1,CREB1,MAPKAPK2
REACTOME_DNA_REPLICATION_PRE_INITIATION	REACTOME_DNA_REPLICATION_PRE_INITIATION	0.0029	77	0.5168	36	28	2.55e-04	0.5077	exclude	REACTOME_DEGRADATION_OF_GLI1_BY_THE_PROTEASOME	REACTOME_DEGRADATION_OF_GLI1_BY_THE_PROTEASOME	False	CDC6,H2AZ2,H2BC11,CDC16,MCM8,H3C10,H3C3,H2BC10,H2BC8,H2AC6,H2AC14,UBE2E1,UBB,PSMD13,PSMD2,PSMC5,PSMC2,PSMB7,PSMB3,PSMB2
REACTOME_FLT3_SIGNALING_IN_DISEASE	REACTOME_FLT3_SIGNALING_IN_DISEASE	0.0032	20	0.7143	7	7	0.0655	1	keep	REACTOME_SIGNALING_BY_PDGFRA_TRANSMEMBRANE_JUXTAMEMBRANE_AND_KINASE_DOMAIN_MUTANTS	REACTOME_SIGNALING_BY_PDGFRA_TRANSMEMBRANE_JUXTAMEMBRANE_AND_KINASE_DOMAIN_MUTANTS	False	GAB2,ZMYM2,UBB,SPTBN1,PIK3R1,PIM1,GRB2,GOLGB1,ETV6,TRIP11,CBL,UBC,SOS1,RPS27A,BCL2L1,PTPN11,PIK3CA,NRAS,KRAS,HRAS
REACTOME_CELL_CYCLE_CHECKPOINTS	REACTOME_CELL_CYCLE_CHECKPOINTS	0.0032	147	0.5069	40	29	0.0023	1	exclude	REACTOME_DEGRADATION_OF_GLI1_BY_THE_PROTEASOME	REACTOME_DEGRADATION_OF_GLI1_BY_THE_PROTEASOME	False	CDC6,ZW10,CENPL,RNF8,CCNE1,H2BC11,HERC2,CDC16,DYNLL1,CUL1,MCM8,BRIP1,H2BC10,H2BC8,KIF18A,NDEL1,BRCC3,CENPO,MIS12,UBE2E1
REACTOME_REGULATION_OF_ENDOGENOUS_RETROELEMENTS	REACTOME_REGULATION_OF_ENDOGENOUS_RETROELEMENTS	0.0033	64	0.4507	94	45	0.2237	0.124	keep	REACTOME_CHROMATIN_ORGANIZATION	REACTOME_CHROMATIN_ORGANIZATION	False	H2AZ2,MTA2,H2BC11,H3C10,H3C3,H2BC10,H2BC8,H2AC6,H2AC14,ZNF93,DPF3,ZNF224,ZNF136,ZNF28,SMARCD1,SMARCC1,RBBP4,ZNF317,MTA3,GATAD2B
REACTOME_ASSEMBLY_OF_ACTIVE_LPL_AND_LIPC_LIPASE_COMPLEXES	REACTOME_ASSEMBLY_OF_ACTIVE_LPL_AND_LIPC_LIPASE_COMPLEXES	0.0033	12	0.6316	0	0	1	0	keep	itself		True	MBTPS2,PCSK5,ANGPTL4,FURIN,LIPC,ANGPTL3,APOA5,LMF2,CREB3L3,ANGPTL8,PCSK6,APOC2
REACTOME_RRNA_PROCESSING	REACTOME_RRNA_PROCESSING	0.0034	58	0.2736	88	25	0.4457	0.2854	keep	REACTOME_SRP_DEPENDENT_COTRANSLATIONAL_PROTEIN_TARGETING_TO_MEMBRANE	REACTOME_SRP_DEPENDENT_COTRANSLATIONAL_PROTEIN_TARGETING_TO_MEMBRANE	False	RPL23,RPL14,RRP36,NOP14,UTP4,RPUSD4,NOL9,RPS26,RPS25,RPS24,RPS23,RPS20,RPS12,RPS8,RPS7,RPS3A,RPL38,RPL36AL,RPL31,RPL30
REACTOME_ER_TO_GOLGI_ANTEROGRADE_TRANSPORT	REACTOME_ER_TO_GOLGI_ANTEROGRADE_TRANSPORT	0.0035	57	0.3654	0	0	1	0	keep	itself		True	CD59,SEC24C,GOSR2,COG7,SEC22C,SEC16B,DYNLL1,TUBA1C,DCTN5,TUBB1,TRAPPC10,SPTBN1,GORASP1,TRAPPC2,TRAPPC1,PPP6C,SERPINA1,TRAPPC4,DYNC1LI1,MIA2
REACTOME_REGULATION_OF_GLYCOLYSIS_BY_FRUCTOSE_2_6_BISPHOSPHATE_METABOLISM	REACTOME_REGULATION_OF_GLYCOLYSIS_BY_FRUCTOSE_2_6_BISPHOSPHATE_METABOLISM	0.0036	11	0.9167	0	0	1	0	keep	itself		True	PRKACA,PPP2R1B,PFKFB3,PRKACG,PRKACB,PPP2R5D,PPP2CB,PPP2CA,PFKFB4,PFKFB2,PFKFB1
REACTOME_EPIGENETIC_REGULATION_OF_GENE_EXPRESSION	REACTOME_EPIGENETIC_REGULATION_OF_GENE_EXPRESSION	0.0036	128	0.4	144	69	0.0062	0.0408	keep	REACTOME_CHROMATIN_ORGANIZATION	REACTOME_CHROMATIN_ORGANIZATION	True	MED12,H2AZ2,ADIPOQ,MTA2,BAZ1B,CCNH,TAF1B,H2BC11,KAT2B,NCOA1,OGT,SMARCA5,DGAT2,H3C10,H3C3,H2BC10,H2BC8,H2AC6,H2AC14,NCOA3
REACTOME_COLLAGEN_CHAIN_TRIMERIZATION	REACTOME_COLLAGEN_CHAIN_TRIMERIZATION	0.0037	20	0.4545	0	0	1	0	keep	itself		True	COL26A1,COL16A1,COL13A1,COL11A2,COL10A1,COL9A2,COL6A1,COL5A1,COL4A5,COL4A2,COL4A1,COL1A2,COL6A6,COL27A1,COL20A1,COL15A1,COL9A3,COL4A6,COL4A4,COL1A1
REACTOME_CYCLIN_A_CDK2_ASSOCIATED_EVENTS_AT_S_PHASE_ENTRY	REACTOME_CYCLIN_A_CDK2_ASSOCIATED_EVENTS_AT_S_PHASE_ENTRY	0.0037	44	0.5867	38	29	0.0017	0.6866	exclude	REACTOME_DEGRADATION_OF_GLI1_BY_THE_PROTEASOME	REACTOME_DEGRADATION_OF_GLI1_BY_THE_PROTEASOME	False	CCNH,CCNE1,CUL1,UBB,TFDP2,RBBP4,PSMD13,PSMD2,PSMC5,PSMC2,PSMB7,PSMB3,PSMB2,PSMA5,CDKN1B,PSMD14,CDK2,CDC25B,PSMD6,LIN52
REACTOME_DNA_DOUBLE_STRAND_BREAK_REPAIR	REACTOME_DNA_DOUBLE_STRAND_BREAK_REPAIR	0.0039	79	0.4647	0	0	1	0	keep	itself		True	BAZ1B,RNF8,H2BC11,HERC2,SMARCA5,SLX4,BRIP1,H2BC10,H2BC8,BRCC3,XRCC2,UBB,TP53,BRCA1,RFC2,RAD52,RAD51B,POLE4,MAPK8,PRKDC
REACTOME_NUCLEAR_RNA_DECAY	REACTOME_NUCLEAR_RNA_DECAY	0.004	13	0.3714	15	7	0.2554	0.0791	keep	REACTOME_RRNA_PROCESSING	REACTOME_RRNA_PROCESSING	False	YTHDC1,ZCCHC7,PAPOLG,YTHDC2,EXOSC4,EXOSC10,NCBP1,MTREX,EXOSC2,EXOSC7,NCBP2,DIS3,XRN2
REACTOME_SCF_BETA_TRCP_MEDIATED_DEGRADATION_OF_EMI1	REACTOME_SCF_BETA_TRCP_MEDIATED_DEGRADATION_OF_EMI1	0.0041	29	0.6905	39	29	0.0249	0.9038	exclude	REACTOME_DEGRADATION_OF_GLI1_BY_THE_PROTEASOME	REACTOME_DEGRADATION_OF_GLI1_BY_THE_PROTEASOME	False	CUL1,UBB,PSMD13,PSMD2,PSMC5,PSMC2,PSMB7,PSMB3,PSMB2,PSMA5,PSMD14,PSMD6,SEM1,UBC,RPS27A,PSMD12,PSMD11,PSMD1,PSMC6,PSMC1
REACTOME_PROCESSING_OF_CAPPED_INTRON_CONTAINING_PRE_MRNA	REACTOME_PROCESSING_OF_CAPPED_INTRON_CONTAINING_PRE_MRNA	0.0042	73	0.2483	8	6	0.0036	0.2788	exclude	REACTOME_SLBP_DEPENDENT_PROCESSING_OF_REPLICATION_DEPENDENT_HISTONE_PRE_MRNAS	REACTOME_SLBP_DEPENDENT_PROCESSING_OF_REPLICATION_DEPENDENT_HISTONE_PRE_MRNAS	False	THOC1,ZC3H11A,DHX38,RBM39,PRPF3,RBM17,NSRP1,NUP214,PRKRIP1,DDX39B,SLBP,RNF113A,UBB,TPR,SNRPF,SNRPE,SNRPD3,PAPOLG,DHX35,RBBP6
REACTOME_RUNX1_REGULATES_GENES_INVOLVED_IN_MEGAKARYOCYTE_DIFFERENTIATION_AND_PLATELET_FUNCTION	REACTOME_RUNX1_REGULATES_GENES_INVOLVED_IN_MEGAKARYOCYTE_DIFFERENTIATION_AND_PLATELET_FUNCTION	0.0043	41	0.4271	71	32	0.2916	0.3565	keep	REACTOME_CHROMATIN_ORGANIZATION	REACTOME_CHROMATIN_ORGANIZATION	False	H2AZ2,H2BC11,KAT2B,H3C10,H3C3,H2BC10,H2BC8,H2AC6,H2AC14,KMT2D,RBBP5,TNRC6C,PRKCQ,H2AJ,MOV10,KMT2A,ITGA2B,HDAC1,H2AC8,TNRC6B
REACTOME_SIGNALING_BY_THE_B_CELL_RECEPTOR_BCR	REACTOME_SIGNALING_BY_THE_B_CELL_RECEPTOR_BCR	0.0044	52	0.3399	39	29	1.91e-09	0.9038	exclude	REACTOME_DEGRADATION_OF_GLI1_BY_THE_PROTEASOME	REACTOME_DEGRADATION_OF_GLI1_BY_THE_PROTEASOME	False	CD79B,CD79A,CD22,CUL1,UBB,STIM1,PSMD13,PSMD2,PSMC5,PSMC2,PSMB7,PSMB3,PSMB2,PSMA5,PPP3R1,PPP3CB,PPIA,PIK3R1,NFATC2,NCK1
REACTOME_REGULATION_OF_RUNX3_EXPRESSION_AND_ACTIVITY	REACTOME_REGULATION_OF_RUNX3_EXPRESSION_AND_ACTIVITY	0.0046	31	0.6889	36	28	0.0171	0.5077	exclude	REACTOME_DEGRADATION_OF_GLI1_BY_THE_PROTEASOME	REACTOME_DEGRADATION_OF_GLI1_BY_THE_PROTEASOME	False	UBB,PSMD13,PSMD2,PSMC5,PSMC2,PSMB7,PSMB3,PSMB2,PSMA5,PSMD14,PSMD6,CBFB,SEM1,UBC,SMURF2,RPS27A,PSMD12,PSMD11,SMURF1,PSMD1
REACTOME_DEGRADATION_OF_BETA_CATENIN_BY_THE_DESTRUCTION_COMPLEX	REACTOME_DEGRADATION_OF_BETA_CATENIN_BY_THE_DESTRUCTION_COMPLEX	0.0046	45	0.625	37	28	0.0162	0.0903	exclude	REACTOME_RIBOSOME_QUALITY_CONTROL_RQC_COMPLEX_EXTRACTS_AND_DEGRADES_NASCENT_PEPTIDE	REACTOME_RIBOSOME_QUALITY_CONTROL_RQC_COMPLEX_EXTRACTS_AND_DEGRADES_NASCENT_PEPTIDE	False	CUL1,UBB,PSMD13,PSMD2,PSMC5,PSMC2,PSMB7,PSMB3,PSMB2,PSMA5,PPP2R5B,PPP2R1B,LEF1,HDAC1,FRAT2,AMER1,PSMD14,PSMD6,TCF7L1,SEM1
REACTOME_INTERLEUKIN_1_FAMILY_SIGNALING	REACTOME_INTERLEUKIN_1_FAMILY_SIGNALING	0.0046	68	0.4892	40	29	3.60e-04	1	exclude	REACTOME_DEGRADATION_OF_GLI1_BY_THE_PROTEASOME	REACTOME_DEGRADATION_OF_GLI1_BY_THE_PROTEASOME	False	CUL1,NLRC5,CASP8,IL1R2,UBB,TP53,MAP2K4,PTPN14,PTPN12,PTPN9,PSMD13,PELI1,PSMD2,PSMC5,PSMC2,PSMB7,PSMB3,PSMB2,PSMA5,IL36G
REACTOME_FC_EPSILON_RECEPTOR_FCERI_SIGNALING	REACTOME_FC_EPSILON_RECEPTOR_FCERI_SIGNALING	0.0047	74	0.4277	39	29	6.40e-06	0.9038	exclude	REACTOME_DEGRADATION_OF_GLI1_BY_THE_PROTEASOME	REACTOME_DEGRADATION_OF_GLI1_BY_THE_PROTEASOME	False	GAB2,CUL1,UBB,TEC,SHC1,MAP2K4,PSMD13,PSMD2,PSMC5,PSMC2,PSMB7,PSMB3,PSMB2,PSMA5,MAPK8,PRKCQ,PPP3R1,PPP3CB,PLCG1,PIK3R1
REACTOME_CELLULAR_RESPONSE_TO_HYPOXIA	REACTOME_CELLULAR_RESPONSE_TO_HYPOXIA	0.0048	39	0.629	42	32	0.0022	0.0541	exclude	REACTOME_RIBOSOME_QUALITY_CONTROL_RQC_COMPLEX_EXTRACTS_AND_DEGRADES_NASCENT_PEPTIDE	REACTOME_RIBOSOME_QUALITY_CONTROL_RQC_COMPLEX_EXTRACTS_AND_DEGRADES_NASCENT_PEPTIDE	False	CUL2,VEGFA,UBB,PSMD13,PSMD2,PSMC5,PSMC2,PSMB7,PSMB3,PSMB2,PSMA5,HIF1AN,EPO,EPAS1,EGLN3,PSMD14,PSMD6,LIMD1,SEM1,UBE2D3
REACTOME_APC_C_MEDIATED_DEGRADATION_OF_CELL_CYCLE_PROTEINS	REACTOME_APC_C_MEDIATED_DEGRADATION_OF_CELL_CYCLE_PROTEINS	0.0048	46	0.6133	39	29	0.0146	0.9038	exclude	REACTOME_DEGRADATION_OF_GLI1_BY_THE_PROTEASOME	REACTOME_DEGRADATION_OF_GLI1_BY_THE_PROTEASOME	False	CDC16,CUL1,UBE2E1,UBB,PSMD13,PSMD2,PSMC5,PSMC2,PSMB7,PSMB3,PSMB2,PSMA5,ANAPC7,ANAPC4,CDC26,PSMD14,CDK2,CDC27,PSMD6,CDK1
REACTOME_BETA_CATENIN_INDEPENDENT_WNT_SIGNALING	REACTOME_BETA_CATENIN_INDEPENDENT_WNT_SIGNALING	0.005	68	0.5113	36	28	1.48e-04	0.5077	exclude	REACTOME_DEGRADATION_OF_GLI1_BY_THE_PROTEASOME	REACTOME_DEGRADATION_OF_GLI1_BY_THE_PROTEASOME	False	FZD6,FZD1,CAMK2A,UBB,TNRC6C,PSMD13,PSMD2,PSMC5,PSMC2,PSMB7,PSMB3,PSMB2,PSMA5,GNG12,PRKG1,PRKCA,PPP3R1,PPP3CB,WNT4,PLCB2
REACTOME_INFECTION_WITH_MYCOBACTERIUM_TUBERCULOSIS	REACTOME_INFECTION_WITH_MYCOBACTERIUM_TUBERCULOSIS	0.0054	10	0.3704	0	0	1	0	keep	itself		True	RAB7A,UBB,TLR2,SFPQ,RAB5A,RNF213,B2M,NOS2,KPNA1,GSK3A
REACTOME_CYTOSOLIC_IRON_SULFUR_CLUSTER_ASSEMBLY	REACTOME_CYTOSOLIC_IRON_SULFUR_CLUSTER_ASSEMBLY	0.0055	7	0.5385	0	0	1	0	keep	itself		True	CIAO3,MMS19,CIAPIN1,POLD1,CIAO2B,NDOR1,NUBP2
REACTOME_REGULATION_OF_PD_L1_CD274_EXPRESSION	REACTOME_REGULATION_OF_PD_L1_CD274_EXPRESSION	0.0055	96	0.4824	40	29	5.00e-04	1	exclude	REACTOME_DEGRADATION_OF_GLI1_BY_THE_PROTEASOME	REACTOME_DEGRADATION_OF_GLI1_BY_THE_PROTEASOME	False	H2AZ2,H2BC11,CUL1,SPOP,H3C10,H3C3,H2BC10,H2BC8,H2AC6,H2AC14,UBB,STAT1,RPN2,RPN1,RBBP5,RBBP4,TNRC6C,PSMD13,PSMD2,PSMC5
REACTOME_DNA_DOUBLE_STRAND_BREAK_RESPONSE	REACTOME_DNA_DOUBLE_STRAND_BREAK_RESPONSE	0.0056	36	0.4615	0	0	1	0	keep	itself		True	BAZ1B,RNF8,H2BC11,HERC2,SMARCA5,H2BC10,H2BC8,BRCC3,UBB,TP53,BRCA1,MAPK8,MRE11,APBB1,EYA3,EYA1,H4C16,RAD50,H2BC3,EYA4
REACTOME_PLASMA_LIPOPROTEIN_REMODELING	REACTOME_PLASMA_LIPOPROTEIN_REMODELING	0.0057	18	0.5294	19	12	0.1594	1	keep	REACTOME_ASSEMBLY_OF_ACTIVE_LPL_AND_LIPC_LIPASE_COMPLEXES	REACTOME_ASSEMBLY_OF_ACTIVE_LPL_AND_LIPC_LIPASE_COMPLEXES	False	MBTPS2,PCSK5,ANGPTL4,FURIN,P4HB,LIPC,LCAT,ANGPTL3,APOA5,APOA2,ABCG1,LMF2,CREB3L3,ANGPTL8,PLTP,PCSK6,APOE,APOC2
REACTOME_DNA_REPLICATION	REACTOME_DNA_REPLICATION	0.0057	90	0.4891	39	29	2.86e-04	0.9038	exclude	REACTOME_DEGRADATION_OF_GLI1_BY_THE_PROTEASOME	REACTOME_DEGRADATION_OF_GLI1_BY_THE_PROTEASOME	False	CDC6,H2AZ2,CCNE1,H2BC11,CDC16,CUL1,MCM8,H3C10,H3C3,H2BC10,H2BC8,H2AC6,H2AC14,UBE2E1,UBB,RFC2,PSMD13,PSMD2,PSMC5,PSMC2
REACTOME_FORMATION_OF_PARAXIAL_MESODERM	REACTOME_FORMATION_OF_PARAXIAL_MESODERM	0.0059	35	0.5932	32	25	0.0015	0.0627	exclude	REACTOME_RIBOSOME_QUALITY_CONTROL_RQC_COMPLEX_EXTRACTS_AND_DEGRADES_NASCENT_PEPTIDE	REACTOME_RIBOSOME_QUALITY_CONTROL_RQC_COMPLEX_EXTRACTS_AND_DEGRADES_NASCENT_PEPTIDE	False	MAML1,KAT2B,HES7,MAML2,BMP4,PSMD13,PSMD2,PSMC5,PSMC2,PSMB7,PSMB3,PSMB2,PSMA5,MAML3,LEF1,SNW1,PSMD14,MAMLD1,PSMD6,WNT3A
REACTOME_NCAM1_INTERACTIONS	REACTOME_NCAM1_INTERACTIONS	0.006	17	0.4048	18	9	0.2202	0.4219	keep	REACTOME_COLLAGEN_CHAIN_TRIMERIZATION	REACTOME_COLLAGEN_CHAIN_TRIMERIZATION	False	NCAN,COL9A2,COL6A1,COL5A1,COL4A5,COL4A2,COL4A1,GFRA4,COL6A6,CACNA1G,CACNA1H,CACNA1I,ST8SIA4,PSPN,AGRN,COL9A3,COL4A4
REACTOME_CYTOCHROME_P450_ARRANGED_BY_SUBSTRATE_TYPE	REACTOME_CYTOCHROME_P450_ARRANGED_BY_SUBSTRATE_TYPE	0.0061	22	0.3438	0	0	1	0	keep	itself		True	CYP27A1,CYP2J2,CYP1B1,CYP1A1,CYP4F22,CYP2U1,FDX2,CYP46A1,CYP3A43,CYP4B1,CYP2C18,CYP2A7,RXRA,CYP2W1,POR,FDXR,CYP51A1,CYP27B1,CYP26A1,CYP11A1
REACTOME_DISEASES_ASSOCIATED_WITH_SURFACTANT_METABOLISM	REACTOME_DISEASES_ASSOCIATED_WITH_SURFACTANT_METABOLISM	0.0061	4	0.4	0	0	1	0	keep	itself		True	SFTPB,SFTPA2,SFTPD,ABCA3
REACTOME_DEFECTIVE_PYROPTOSIS	REACTOME_DEFECTIVE_PYROPTOSIS	0.0062	32	0.4444	62	29	0.2615	0.2662	keep	REACTOME_CHROMATIN_ORGANIZATION	REACTOME_CHROMATIN_ORGANIZATION	False	H2AZ2,H2BC11,H3C10,H3C3,H2BC10,H2BC8,H2AC6,H2AC14,RBBP4,H2AJ,PRIM2,PRIM1,H2AC8,EZH2,GSDME,H4C16,H2AB1,H2BC3,EED,H2BC12
REACTOME_ERCC6_CSB_AND_EHMT2_G9A_POSITIVELY_REGULATE_RRNA_EXPRESSION	REACTOME_ERCC6_CSB_AND_EHMT2_G9A_POSITIVELY_REGULATE_RRNA_EXPRESSION	0.0065	33	0.44	69	32	0.1655	0.2716	keep	REACTOME_CHROMATIN_ORGANIZATION	REACTOME_CHROMATIN_ORGANIZATION	False	H2AZ2,MTA2,H2BC11,H3C10,H3C3,H2BC10,H2BC8,H2AC6,H2AC14,TTF1,RBBP4,MTA3,GATAD2B,H2AJ,HDAC1,H2AC8,H4C16,CHD3,H2AB1,H2BC3
REACTOME_APC_C_CDH1_MEDIATED_DEGRADATION_OF_CDC20_AND_OTHER_APC_C_CDH1_TARGETED_PROTEINS_IN_LATE_MITOSIS_EARLY_G1	REACTOME_APC_C_CDH1_MEDIATED_DEGRADATION_OF_CDC20_AND_OTHER_APC_C_CDH1_TARGETED_PROTEINS_IN_LATE_MITOSIS_EARLY_G1	0.0066	40	0.6557	36	28	0.0166	0.5077	exclude	REACTOME_DEGRADATION_OF_GLI1_BY_THE_PROTEASOME	REACTOME_DEGRADATION_OF_GLI1_BY_THE_PROTEASOME	False	CDC16,UBE2E1,UBB,PSMD13,PSMD2,PSMC5,PSMC2,PSMB7,PSMB3,PSMB2,PSMA5,ANAPC7,ANAPC4,CDC26,PSMD14,CDC27,PSMD6,CDC23,SEM1,UBE2D1
REACTOME_TRIGLYCERIDE_METABOLISM	REACTOME_TRIGLYCERIDE_METABOLISM	0.0069	13	0.3421	0	0	1	0	keep	itself		True	CAV1,DGAT2,LPIN3,PRKACA,ABHD5,GPD2,LPIN1,FABP5,FABP3,MOGAT1,MGLL,FABP12,FABP9
REACTOME_SIGNALING_BY_FLT3_FUSION_PROTEINS	REACTOME_SIGNALING_BY_FLT3_FUSION_PROTEINS	0.0071	8	0.4211	0	0	1	0	keep	itself		True	GAB2,ZMYM2,SPTBN1,PIK3R1,PIM1,GRB2,GOLGB1,ETV6
REACTOME_RETROGRADE_TRANSPORT_AT_THE_TRANS_GOLGI_NETWORK	REACTOME_RETROGRADE_TRANSPORT_AT_THE_TRANS_GOLGI_NETWORK	0.0071	24	0.4898	17	12	0.0277	0.0518	exclude	REACTOME_INTRA_GOLGI_TRAFFIC	REACTOME_INTRA_GOLGI_TRAFFIC	False	RAB9A,VAMP3,COG7,VAMP4,TMF1,VPS52,RAB6B,ARL1,RAB43,GOLGA4,COG4,COG2,VTI1A,TGOLN2,COG5,STX6,RGP1,USP6NL,GCC2,COG1
REACTOME_SIGNALING_BY_ALK_IN_CANCER	REACTOME_SIGNALING_BY_ALK_IN_CANCER	0.0071	26	0.2796	0	0	1	0	keep	itself		True	EIF2AK3,CUL1,VCL,UBB,TPR,TP53,STAT1,SHC1,RANBP2,TNRC6C,RNF213,BIRC6,MAPK8,PLCG1,PIK3R1,MSN,MOV10,MECP2,LMO7,IRF4
REACTOME_TRANS_GOLGI_NETWORK_VESICLE_BUDDING	REACTOME_TRANS_GOLGI_NETWORK_VESICLE_BUDDING	0.0072	34	0.4722	0	0	1	0	keep	itself		True	VAMP7,SNX2,SH3GL2,RAB5C,TBC1D8B,OCRL,GOLGB1,GNS,FTL,FTH1,DNASE2,AP1G1,SH3D19,CTSZ,CPD,CLVS2,AP1S3,TGOLN2,CLVS1,PUM1
REACTOME_RHOV_GTPASE_CYCLE	REACTOME_RHOV_GTPASE_CYCLE	0.0073	23	0.6216	0	0	1	0	keep	itself		True	GIT2,VANGL1,PEAK1,CEP97,SPTBN1,DST,PIK3R1,PAK1,NCK1,MYO9A,WDR6,CCP110,ARHGAP12,DLG5,WASL,ARHGEF7,IQGAP1,PARD6B,NCK2,USP9X
REACTOME_MITOTIC_METAPHASE_AND_ANAPHASE	REACTOME_MITOTIC_METAPHASE_AND_ANAPHASE	0.0073	114	0.5112	36	28	3.59e-04	0.5077	exclude	REACTOME_DEGRADATION_OF_GLI1_BY_THE_PROTEASOME	REACTOME_DEGRADATION_OF_GLI1_BY_THE_PROTEASOME	False	IST1,ZW10,CENPL,CDC16,DYNLL1,TUBA1C,KIF18A,NDEL1,TUBB1,CENPO,MIS12,VRK2,VRK1,UBE2E1,UBB,CENPK,RANBP2,PSMD13,PSMD2,PSMC5
REACTOME_EPIGENETIC_REGULATION_BY_WDR5_CONTAINING_HISTONE_MODIFYING_COMPLEXES	REACTOME_EPIGENETIC_REGULATION_BY_WDR5_CONTAINING_HISTONE_MODIFYING_COMPLEXES	0.0076	63	0.3795	95	41	0.0749	0.4873	keep	REACTOME_CHROMATIN_ORGANIZATION	REACTOME_CHROMATIN_ORGANIZATION	False	MED12,H2AZ2,ADIPOQ,H2BC11,KAT2B,NCOA1,OGT,DGAT2,H3C10,H3C3,H2BC10,H2BC8,H2AC6,H2AC14,NCOA3,KMT2D,SCD5,SCD,RBBP5,KAT14
REACTOME_REGULATION_OF_TP53_ACTIVITY_THROUGH_ACETYLATION	REACTOME_REGULATION_OF_TP53_ACTIVITY_THROUGH_ACETYLATION	0.0076	10	0.3333	18	6	0.6559	0.8557	keep	REACTOME_CHROMATIN_ORGANIZATION	REACTOME_CHROMATIN_ORGANIZATION	False	MTA2,ING5,PIP4K2B,KAT6A,PIP4K2C,BRPF1,TP53,RBBP4,GATAD2B,MAP2K6
REACTOME_TRANSPORT_TO_THE_GOLGI_AND_SUBSEQUENT_MODIFICATION	REACTOME_TRANSPORT_TO_THE_GOLGI_AND_SUBSEQUENT_MODIFICATION	0.0079	65	0.3476	156	57	0.1742	1	keep	REACTOME_ER_TO_GOLGI_ANTEROGRADE_TRANSPORT	REACTOME_ER_TO_GOLGI_ANTEROGRADE_TRANSPORT	False	CD59,SEC24C,GOSR2,COG7,SEC22C,SEC16B,B4GALT3,DYNLL1,TUBA1C,DCTN5,TUBB1,MANEA,TRAPPC10,SPTBN1,ST6GAL1,GORASP1,TRAPPC2,TRAPPC1,PPP6C,SERPINA1
REACTOME_REGULATION_OF_PD_L1_CD274_POST_TRANSLATIONAL_MODIFICATION	REACTOME_REGULATION_OF_PD_L1_CD274_POST_TRANSLATIONAL_MODIFICATION	0.0079	49	0.5698	38	29	0.0012	0.0693	exclude	REACTOME_RIBOSOME_QUALITY_CONTROL_RQC_COMPLEX_EXTRACTS_AND_DEGRADES_NASCENT_PEPTIDE	REACTOME_RIBOSOME_QUALITY_CONTROL_RQC_COMPLEX_EXTRACTS_AND_DEGRADES_NASCENT_PEPTIDE	False	CUL1,SPOP,UBB,RPN2,RPN1,PSMD13,PSMD2,PSMC5,PSMC2,PSMB7,PSMB3,PSMB2,PSMA5,PRKAB2,PRKAG3,PRKAG2,DERL2,DAD1,CSNK2B,CSNK2A2
REACTOME_REGULATION_OF_MRNA_STABILITY_BY_PROTEINS_THAT_BIND_AU_RICH_ELEMENTS	REACTOME_REGULATION_OF_MRNA_STABILITY_BY_PROTEINS_THAT_BIND_AU_RICH_ELEMENTS	0.0079	43	0.5811	36	28	8.42e-04	0.5077	exclude	REACTOME_DEGRADATION_OF_GLI1_BY_THE_PROTEASOME	REACTOME_DEGRADATION_OF_GLI1_BY_THE_PROTEASOME	False	NUP214,UBB,PSMD13,PSMD2,PSMC5,PSMC2,PSMB7,PSMB3,PSMB2,PSMA5,DCP1A,PRKCA,EXOSC4,HSPA1A,EXOSC2,EXOSC7,DIS3,EIF4G1,PSMD14,PSMD6
REACTOME_TRANSLATION	REACTOME_TRANSLATION	0.0081	166	0.4474	103	68	2.82e-07	1	exclude	REACTOME_RIBOSOME_QUALITY_CONTROL_RQC_COMPLEX_EXTRACTS_AND_DEGRADES_NASCENT_PEPTIDE	REACTOME_RIBOSOME_QUALITY_CONTROL_RQC_COMPLEX_EXTRACTS_AND_DEGRADES_NASCENT_PEPTIDE	False	EIF5B,MTRF1,RPL23,MARS2,MRRF,KGD4,RPL14,EIF2B5,EIF3H,EIF3F,EIF3D,CUL2,MRPL45,UBB,SSR2,SRP72,SRP54,MRPL36,MRPL38,MRPS9
REACTOME_MITOCHONDRIAL_TRANSLATION_ELONGATION	REACTOME_MITOCHONDRIAL_TRANSLATION_ELONGATION	0.0081	22	0.2444	0	0	1	0	keep	itself		True	MRPL24,MRPS34,MRPL44,MRPL34,MRPL40,MRPS11,MRPS26,MRPL17,MRPS12,MRPL12,AURKAIP1,MRPS17,MRPL35,MRPL30,MRPL51,MRPS2,MRPL2,MRPL46,ERAL1,MRPL55
REACTOME_REGULATION_OF_TP53_ACTIVITY_THROUGH_PHOSPHORYLATION	REACTOME_REGULATION_OF_TP53_ACTIVITY_THROUGH_PHOSPHORYLATION	0.0084	47	0.5054	42	24	0.1717	0.0779	keep	REACTOME_DNA_DOUBLE_STRAND_BREAK_REPAIR	REACTOME_DNA_DOUBLE_STRAND_BREAK_REPAIR	False	NUAK1,MAPKAPK5,BRIP1,TAF15,UBB,TP53,TAF11,TAF7,TAF2,TAF1,SSRP1,BRCA1,RFC2,PRKAB2,PRKAG3,PRKAG2,MRE11,MDM4,CSNK2B,CSNK2A2
REACTOME_POTASSIUM_CHANNELS	REACTOME_POTASSIUM_CHANNELS	0.0087	44	0.4272	43	22	0.103	1	keep	REACTOME_VOLTAGE_GATED_POTASSIUM_CHANNELS	REACTOME_VOLTAGE_GATED_POTASSIUM_CHANNELS	False	KCNS2,KCNS1,KCNQ2,KCNQ1,KCNMB1,KCNK3,KCNJ9,KCNJ6,KCNH2,KCNC1,KCNB1,KCNA7,KCNA6,HCN1,GNGT1,GNG7,GNB3,GNB2,KCNMB4,KCNG2
REACTOME_REGULATION_OF_HOMOTYPIC_CELL_CELL_ADHESION	REACTOME_REGULATION_OF_HOMOTYPIC_CELL_CELL_ADHESION	0.0089	102	0.4574	36	28	2.21e-05	0.5077	exclude	REACTOME_DEGRADATION_OF_GLI1_BY_THE_PROTEASOME	REACTOME_DEGRADATION_OF_GLI1_BY_THE_PROTEASOME	False	CDH1,ARHGAP32,H2AZ2,FOXP2,KLF4,H2BC11,H3C10,H3C3,H2BC10,H2BC8,H2AC6,H2AC14,CBLL1,ZNF217,ZMYM2,VCL,UBB,TFAP2A,TCF12,SP1
REACTOME_MITOTIC_PROPHASE	REACTOME_MITOTIC_PROPHASE	0.0089	55	0.3873	59	26	0.1773	0.3939	keep	REACTOME_REGULATION_OF_ENDOGENOUS_RETROELEMENTS_BY_KRAB_ZFP_PROTEINS	REACTOME_REGULATION_OF_ENDOGENOUS_RETROELEMENTS_BY_KRAB_ZFP_PROTEINS	False	H2AZ2,NEK9,H2BC11,H3C10,H3C3,H2BC10,H2BC8,H2AC6,H2AC14,NUP214,MCPH1,VRK2,VRK1,TPR,LPIN3,GORASP1,RANBP2,PRKCA,H2AJ,NDC1
REACTOME_ADHERENS_JUNCTIONS_INTERACTIONS	REACTOME_ADHERENS_JUNCTIONS_INTERACTIONS	0.009	109	0.4431	36	28	1.14e-05	0.5077	exclude	REACTOME_DEGRADATION_OF_GLI1_BY_THE_PROTEASOME	REACTOME_DEGRADATION_OF_GLI1_BY_THE_PROTEASOME	False	CDH1,ARHGAP32,H2AZ2,FOXP2,KLF4,H2BC11,H3C10,H3C3,H2BC10,H2BC8,H2AC6,H2AC14,CBLL1,ZNF217,ZMYM2,VCL,UBB,TFAP2A,TCF12,SP1
REACTOME_SYNTHESIS_OF_PIPS_AT_THE_PLASMA_MEMBRANE	REACTOME_SYNTHESIS_OF_PIPS_AT_THE_PLASMA_MEMBRANE	0.009	31	0.5849	0	0	1	0	keep	itself		True	MTMR2,MTMR3,MTMR1,PLEKHA8,PIP4K2B,PIP5K1B,RUFY1,PIP4K2C,RAB5A,PI4K2B,PIK3R1,INPP5K,OCRL,PIK3R5,BMX,MTMR6,SYNJ2,SYNJ1,PIP5K1A,SBF2
REACTOME_DECTIN_1_MEDIATED_NONCANONICAL_NF_KB_SIGNALING	REACTOME_DECTIN_1_MEDIATED_NONCANONICAL_NF_KB_SIGNALING	0.0094	32	0.6531	39	29	0.0133	0.9038	exclude	REACTOME_DEGRADATION_OF_GLI1_BY_THE_PROTEASOME	REACTOME_DEGRADATION_OF_GLI1_BY_THE_PROTEASOME	False	CUL1,UBB,PSMD13,PSMD2,PSMC5,PSMC2,PSMB7,PSMB3,PSMB2,PSMA5,PSMD14,CCL17,PSMD6,UBE2M,UBA3,SEM1,UBC,RPS27A,PSMD12,PSMD11
REACTOME_COLLAGEN_BIOSYNTHESIS_AND_MODIFYING_ENZYMES	REACTOME_COLLAGEN_BIOSYNTHESIS_AND_MODIFYING_ENZYMES	0.0094	24	0.3582	44	20	0.0203	1	exclude	REACTOME_COLLAGEN_CHAIN_TRIMERIZATION	REACTOME_COLLAGEN_CHAIN_TRIMERIZATION	False	COL26A1,COL16A1,COL13A1,COL11A2,COL10A1,COL9A2,COL6A1,COL5A1,COL4A5,COL4A2,COL4A1,COL1A2,COL6A6,COL27A1,COLGALT1,COL20A1,PLOD2,PCOLCE2,COL15A1,COL9A3
REACTOME_PROTEASOME_ASSEMBLY	REACTOME_PROTEASOME_ASSEMBLY	0.0096	33	0.6346	32	25	0.0066	0.0627	exclude	REACTOME_RIBOSOME_QUALITY_CONTROL_RQC_COMPLEX_EXTRACTS_AND_DEGRADES_NASCENT_PEPTIDE	REACTOME_RIBOSOME_QUALITY_CONTROL_RQC_COMPLEX_EXTRACTS_AND_DEGRADES_NASCENT_PEPTIDE	False	PSMG3,PSMD13,PSMD10,PSMD2,PSMC5,PSMC2,PSMB9,PSMB8,PSMB7,PSMB3,PSMB2,PSMA5,POMP,PSME4,PSMD14,PSMD6,SEM1,PSME1,PSMD12,PSMD11
REACTOME_HOMOLOGY_DIRECTED_REPAIR	REACTOME_HOMOLOGY_DIRECTED_REPAIR	0.0097	65	0.4643	61	29	0.4755	0.4263	keep	REACTOME_DNA_DOUBLE_STRAND_BREAK_RESPONSE	REACTOME_DNA_DOUBLE_STRAND_BREAK_RESPONSE	False	RNF8,H2BC11,HERC2,SLX4,BRIP1,H2BC10,H2BC8,BRCC3,XRCC2,UBB,BRCA1,RFC2,RAD52,RAD51B,POLE4,POLH,POLE3,POLK,MRE11,SPIDR
REACTOME_OXIDATIVE_STRESS_INDUCED_SENESCENCE	REACTOME_OXIDATIVE_STRESS_INDUCED_SENESCENCE	0.0097	48	0.384	63	29	0.0563	0.309	keep	REACTOME_CHROMATIN_ORGANIZATION	REACTOME_CHROMATIN_ORGANIZATION	False	MAP4K4,H2AZ2,H2BC11,MAPKAPK5,H3C10,H3C3,H2BC10,H2BC8,H2AC6,H2AC14,PHC3,UBB,TXN,TP53,TFDP2,MAP2K4,RNF2,RING1,RBBP4,TNRC6C
REACTOME_CELLULAR_RESPONSE_TO_STARVATION	REACTOME_CELLULAR_RESPONSE_TO_STARVATION	0.0099	29	0.1847	54	15	0.0267	1	exclude	REACTOME_RIBOSOME_QUALITY_CONTROL_RQC_COMPLEX_EXTRACTS_AND_DEGRADES_NASCENT_PEPTIDE	REACTOME_RIBOSOME_QUALITY_CONTROL_RQC_COMPLEX_EXTRACTS_AND_DEGRADES_NASCENT_PEPTIDE	False	RPL23,ATP6V0D1,RPL14,WDR59,CASTOR2,RRAGC,RPS26,RPS25,RPS24,RPS23,RPS20,RPS12,RPS8,RPS7,RPS3A,RPL38,RPL36AL,RPL31,RPL30,RPL27
REACTOME_POSITIVE_EPIGENETIC_REGULATION_OF_RRNA_EXPRESSION	REACTOME_POSITIVE_EPIGENETIC_REGULATION_OF_RRNA_EXPRESSION	0.0099	42	0.4	73	33	0.0754	0.3426	keep	REACTOME_CHROMATIN_ORGANIZATION	REACTOME_CHROMATIN_ORGANIZATION	False	H2AZ2,MTA2,BAZ1B,TAF1B,H2BC11,KAT2B,SMARCA5,H3C10,H3C3,H2BC10,H2BC8,H2AC6,H2AC14,TTF1,RBBP4,MTA3,GATAD2B,H2AJ,POLR1D,HDAC1
REACTOME_CONSTITUTIVE_SIGNALING_BY_LIGAND_RESPONSIVE_EGFR_CANCER_VARIANTS	REACTOME_CONSTITUTIVE_SIGNALING_BY_LIGAND_RESPONSIVE_EGFR_CANCER_VARIANTS	0.01	17	0.8947	7	7	0.386	1	keep	REACTOME_SIGNALING_BY_PDGFRA_TRANSMEMBRANE_JUXTAMEMBRANE_AND_KINASE_DOMAIN_MUTANTS	REACTOME_SIGNALING_BY_PDGFRA_TRANSMEMBRANE_JUXTAMEMBRANE_AND_KINASE_DOMAIN_MUTANTS	False	UBB,SHC1,PLCG1,PIK3R1,GRB2,CBL,UBC,SOS1,RPS27A,PIK3CA,NRAS,KRAS,HSP90AA1,HRAS,GAB1,EGFR,EGF
REACTOME_REGULATION_OF_RUNX2_EXPRESSION_AND_ACTIVITY	REACTOME_REGULATION_OF_RUNX2_EXPRESSION_AND_ACTIVITY	0.0102	36	0.6102	37	28	0.0033	0.0903	exclude	REACTOME_RIBOSOME_QUALITY_CONTROL_RQC_COMPLEX_EXTRACTS_AND_DEGRADES_NASCENT_PEPTIDE	REACTOME_RIBOSOME_QUALITY_CONTROL_RQC_COMPLEX_EXTRACTS_AND_DEGRADES_NASCENT_PEPTIDE	False	CUL1,UBB,STAT1,PSMD13,PSMD2,PSMC5,PSMC2,PSMB7,PSMB3,PSMB2,PSMA5,PSMD14,PSMD6,CBFB,RUNX2,SEM1,UBC,SKP2,RPS27A,HIVEP3
REACTOME_TCF_DEPENDENT_SIGNALING_IN_RESPONSE_TO_WNT	REACTOME_TCF_DEPENDENT_SIGNALING_IN_RESPONSE_TO_WNT	0.0103	110	0.4955	38	28	8.73e-04	0.9309	exclude	REACTOME_DEGRADATION_OF_GLI1_BY_THE_PROTEASOME	REACTOME_DEGRADATION_OF_GLI1_BY_THE_PROTEASOME	False	H2AZ2,H2BC11,TNKS,CAV1,PIP5K1B,H3C10,H3C3,H2BC10,H2BC8,H2AC6,H2AC14,FZD6,FZD1,TRRAP,CXXC4,WNT9A,UBB,TERT,RBBP5,CHD8
REACTOME_ACTIVATION_OF_APC_C_AND_APC_C_CDC20_MEDIATED_DEGRADATION_OF_MITOTIC_PROTEINS	REACTOME_ACTIVATION_OF_APC_C_AND_APC_C_CDC20_MEDIATED_DEGRADATION_OF_MITOTIC_PROTEINS	0.0106	40	0.625	36	28	0.0045	0.5077	exclude	REACTOME_DEGRADATION_OF_GLI1_BY_THE_PROTEASOME	REACTOME_DEGRADATION_OF_GLI1_BY_THE_PROTEASOME	False	CDC16,UBE2E1,UBB,PSMD13,PSMD2,PSMC5,PSMC2,PSMB7,PSMB3,PSMB2,PSMA5,ANAPC7,ANAPC4,CDC26,PSMD14,CDC27,PSMD6,CDK1,CCNA2,CDC23
REACTOME_GLYCOSAMINOGLYCAN_PROTEIN_LINKAGE_REGION_BIOSYNTHESIS	REACTOME_GLYCOSAMINOGLYCAN_PROTEIN_LINKAGE_REGION_BIOSYNTHESIS	0.0106	16	0.5517	0	0	1	0	keep	itself		True	HSPG2,GPC3,GPC2,NCAN,B3GALT6,B4GALT7,CSPG5,SDC3,XYLT2,BCAN,SDC1,AGRN,GPC1,B3GAT1,B3GAT3,VCAN
REACTOME_ACTIVATED_PKN1_STIMULATES_TRANSCRIPTION_OF_AR_ANDROGEN_RECEPTOR_REGULATED_GENES_KLK2_AND_KLK3	REACTOME_ACTIVATED_PKN1_STIMULATES_TRANSCRIPTION_OF_AR_ANDROGEN_RECEPTOR_REGULATED_GENES_KLK2_AND_KLK3	0.0107	29	0.4394	59	27	0.327	0.3362	keep	REACTOME_CHROMATIN_ORGANIZATION	REACTOME_CHROMATIN_ORGANIZATION	False	H2AZ2,H2BC11,H3C10,H3C3,H2BC10,H2BC8,H2AC6,H2AC14,H2AJ,KLK2,KLK3,H2AC8,KDM4C,H4C16,H2AB1,H2BC3,H2BC12,H4C5,H4C8,H4C12
REACTOME_RHO_GTPASES_ACTIVATE_RHOTEKIN_AND_RHOPHILINS	REACTOME_RHO_GTPASES_ACTIVATE_RHOTEKIN_AND_RHOPHILINS	0.0108	7	0.7778	0	0	1	0	keep	itself		True	RHOC,TAX1BP3,RHPN1,LIN7B,RTKN,ROPN1,RHOB
REACTOME_ASSEMBLY_OF_THE_ORC_COMPLEX_AT_THE_ORIGIN_OF_REPLICATION	REACTOME_ASSEMBLY_OF_THE_ORC_COMPLEX_AT_THE_ORIGIN_OF_REPLICATION	0.0109	30	0.4412	56	26	0.3085	0.3037	keep	REACTOME_CHROMATIN_ORGANIZATION	REACTOME_CHROMATIN_ORGANIZATION	False	H2AZ2,H2BC11,H3C10,H3C3,H2BC10,H2BC8,H2AC6,H2AC14,H2AJ,ORC2,KPNA1,H2AC8,KPNA6,ORC3,H4C16,H2AB1,H2BC3,H2BC12,H4C5,H4C8
REACTOME_METABOLISM_OF_STEROID_HORMONES	REACTOME_METABOLISM_OF_STEROID_HORMONES	0.0114	21	0.5833	0	0	1	0	keep	itself		True	TSPO,STAR,SRD5A1,POMC,HSD17B14,HSD17B12,AKR1B15,LHB,HSD17B1,HSD11B2,HSD3B1,CYP17A1,STARD6,FDX2,CGA,TSPOAP1,SERPINA6,STS,FDXR,CYP11A1
REACTOME_EPH_EPHRIN_MEDIATED_REPULSION_OF_CELLS	REACTOME_EPH_EPHRIN_MEDIATED_REPULSION_OF_CELLS	0.0115	24	0.4706	0	0	1	0	keep	itself		True	EPHB2,EPHB1,EPHA8,EPHA1,EFNB2,EFNB1,EFNA5,EFNA4,DNM1,AP2A2,AP2A1,CLTB,CLTA,AP2M1,VAV3,TIAM1,PSENEN,FYN,EPHB6,EPHB4
REACTOME_SYNTHESIS_OF_DNA	REACTOME_SYNTHESIS_OF_DNA	0.0116	58	0.537	39	29	0.001	0.9038	exclude	REACTOME_DEGRADATION_OF_GLI1_BY_THE_PROTEASOME	REACTOME_DEGRADATION_OF_GLI1_BY_THE_PROTEASOME	False	CDC6,CCNE1,CDC16,CUL1,MCM8,UBE2E1,UBB,RFC2,PSMD13,PSMD2,PSMC5,PSMC2,PSMB7,PSMB3,PSMB2,PSMA5,POLE4,PRIM2,PRIM1,POLE3
REACTOME_REGULATION_OF_CDH1_FUNCTION	REACTOME_REGULATION_OF_CDH1_FUNCTION	0.0118	34	0.5667	36	28	6.37e-05	0.5077	exclude	REACTOME_DEGRADATION_OF_GLI1_BY_THE_PROTEASOME	REACTOME_DEGRADATION_OF_GLI1_BY_THE_PROTEASOME	False	CDH1,CBLL1,VCL,UBB,PSMD13,PSMD2,PSMC5,PSMC2,PSMB7,PSMB3,PSMB2,PSMA5,CTSL,CTSB,PSMD14,PSMD6,SEM1,UBC,RPS27A,ACTA1
REACTOME_ANTIGEN_ACTIVATES_B_CELL_RECEPTOR_BCR_LEADING_TO_GENERATION_OF_SECOND_MESSENGERS	REACTOME_ANTIGEN_ACTIVATES_B_CELL_RECEPTOR_BCR_LEADING_TO_GENERATION_OF_SECOND_MESSENGERS	0.0118	10	0.1163	0	0	1	0	keep	itself		True	CD79B,CD79A,CD22,STIM1,PIK3R1,NCK1,LYN,ITPR2,SH3KBP1,GRB2
REACTOME_TRANSCRIPTIONAL_REGULATION_BY_RUNX1	REACTOME_TRANSCRIPTIONAL_REGULATION_BY_RUNX1	0.012	103	0.4598	37	29	1.29e-05	0.4295	exclude	REACTOME_DEGRADATION_OF_GLI1_BY_THE_PROTEASOME	REACTOME_DEGRADATION_OF_GLI1_BY_THE_PROTEASOME	False	H2AZ2,CCNH,H2BC11,CCND3,KAT2B,ITCH,H3C10,H3C3,H2BC10,H2BC8,H2AC6,H2AC14,KMT2D,PHC3,UBB,TCF12,TAL1,SMARCD1,SMARCC1,RNF2
REACTOME_SARS_COV_2_MODULATES_HOST_TRANSLATION_MACHINERY	REACTOME_SARS_COV_2_MODULATES_HOST_TRANSLATION_MACHINERY	0.0125	13	0.2549	35	9	0.6219	0.6376	keep	REACTOME_SRP_DEPENDENT_COTRANSLATIONAL_PROTEIN_TARGETING_TO_MEMBRANE	REACTOME_SRP_DEPENDENT_COTRANSLATIONAL_PROTEIN_TARGETING_TO_MEMBRANE	False	GEMIN2,SNRPF,SNRPE,SNRPD3,RPS26,RPS25,RPS24,RPS23,RPS20,RPS12,RPS8,RPS7,RPS3A
REACTOME_METABOLISM_OF_FOLATE_AND_PTERINES	REACTOME_METABOLISM_OF_FOLATE_AND_PTERINES	0.0132	10	0.5882	0	0	1	0	keep	itself		True	MTHFD1L,DHFR,MTHFD2,MTHFS,FOLR2,SLC19A1,FPGS,DHFR2,ALDH1L2,ALDH1L1
REACTOME_TRANSPORT_OF_MATURE_TRANSCRIPT_TO_CYTOPLASM	REACTOME_TRANSPORT_OF_MATURE_TRANSCRIPT_TO_CYTOPLASM	0.0136	40	0.4762	0	0	1	0	keep	itself		True	THOC1,ZC3H11A,DHX38,NUP214,DDX39B,SLBP,TPR,RANBP2,NDC1,CPSF2,CDC40,NCBP1,GLE1,NUP205,NCBP2,CPSF4,NUP50,SLU7,NXF1,SRRM1
REACTOME_REGULATION_OF_TP53_ACTIVITY	REACTOME_REGULATION_OF_TP53_ACTIVITY	0.0138	44	0.2733	30	12	0.0696	0	keep	REACTOME_REGULATION_OF_TP53_ACTIVITY_THROUGH_ACETYLATION	REACTOME_REGULATION_OF_TP53_ACTIVITY_THROUGH_ACETYLATION	True	NUAK1,MTA2,MAPKAPK5,ING5,BRIP1,PIP4K2B,TAF15,RNF34,KAT6A,PIP4K2C,USP7,BRPF1,UBB,TP53,TAF11,TAF7,TAF2,TAF1,SSRP1,BRCA1
REACTOME_NEDDYLATION	REACTOME_NEDDYLATION	0.0138	120	0.5172	40	29	0.003	1	exclude	REACTOME_DEGRADATION_OF_GLI1_BY_THE_PROTEASOME	REACTOME_DEGRADATION_OF_GLI1_BY_THE_PROTEASOME	False	COPS3,FBXL20,CUL1,CUL2,CUL4A,UBB,BRCA1,RBBP5,PSMD13,PSMD2,PSMC5,PSMC2,PSMB7,PSMB3,PSMB2,PSMA5,DCAF6,FBXL8,FBXW7,ASB4
REACTOME_CONDENSATION_OF_PROMETAPHASE_CHROMOSOMES	REACTOME_CONDENSATION_OF_PROMETAPHASE_CHROMOSOMES	0.014	7	0.6364	0	0	1	0	keep	itself		True	NCAPG,CSNK2B,CSNK2A2,SMC4,NCAPD2,CDK1,CCNB2
REACTOME_INFLUENZA_INFECTION	REACTOME_INFLUENZA_INFECTION	0.0141	31	0.195	88	24	0.0045	0.4812	exclude	REACTOME_SRP_DEPENDENT_COTRANSLATIONAL_PROTEIN_TARGETING_TO_MEMBRANE	REACTOME_SRP_DEPENDENT_COTRANSLATIONAL_PROTEIN_TARGETING_TO_MEMBRANE	False	RPL23,RPL14,NUP214,TPR,RPS26,RPS25,RPS24,RPS23,RPS20,RPS12,RPS8,RPS7,RPS3A,RPL38,RPL36AL,RPL31,RPL30,RPL27,RPL22,RPL21
REACTOME_DEFECTIVE_B4GALT7_CAUSES_EDS_PROGEROID_TYPE	REACTOME_DEFECTIVE_B4GALT7_CAUSES_EDS_PROGEROID_TYPE	0.0145	12	0.6	0	0	1	0	keep	itself		True	HSPG2,GPC3,GPC2,NCAN,B4GALT7,CSPG5,SDC3,BCAN,SDC1,AGRN,GPC1,VCAN
REACTOME_HDACS_DEACETYLATE_HISTONES	REACTOME_HDACS_DEACETYLATE_HISTONES	0.0147	41	0.4362	64	29	0.3984	0.264	keep	REACTOME_REGULATION_OF_ENDOGENOUS_RETROELEMENTS_BY_KRAB_ZFP_PROTEINS	REACTOME_REGULATION_OF_ENDOGENOUS_RETROELEMENTS_BY_KRAB_ZFP_PROTEINS	False	MTA2,H2BC11,H3C10,H3C3,H2BC10,H2BC8,H2AC6,H2AC14,RBBP4,ARID4A,MTA3,GATAD2B,HDAC8,ARID4B,PHF21A,H2BC18,HDAC1,H2AC8,H4C16,CHD3
REACTOME_RRNA_MODIFICATION_IN_THE_NUCLEUS_AND_CYTOSOL	REACTOME_RRNA_MODIFICATION_IN_THE_NUCLEUS_AND_CYTOSOL	0.015	20	0.3333	0	0	1	0	keep	itself		True	RRP36,NOP14,UTP4,RPS7,PWP2,UTP3,UTP6,NAT10,HEATR1,DDX47,UTP11,DIMT1,UTP25,DCAF13,DKC1,DDX52,WDR3,UTP14A,NOP56,MPHOSPH10
REACTOME_SARS_COV_1_TARGETS_HOST_INTRACELLULAR_SIGNALLING_AND_REGULATORY_PATHWAYS	REACTOME_SARS_COV_1_TARGETS_HOST_INTRACELLULAR_SIGNALLING_AND_REGULATORY_PATHWAYS	0.0152	13	0.8125	0	0	1	0	keep	itself		True	CAV1,SP1,YWHAZ,YWHAH,YWHAG,YWHAE,YWHAB,UBE2I,PSMC6,PDPK1,SERPINE1,SMAD4,SMAD3
REACTOME_DOWNSTREAM_SIGNALING_EVENTS_OF_B_CELL_RECEPTOR_BCR	REACTOME_DOWNSTREAM_SIGNALING_EVENTS_OF_B_CELL_RECEPTOR_BCR	0.0153	38	0.5588	39	29	4.13e-04	0.9038	exclude	REACTOME_DEGRADATION_OF_GLI1_BY_THE_PROTEASOME	REACTOME_DEGRADATION_OF_GLI1_BY_THE_PROTEASOME	False	CUL1,UBB,PSMD13,PSMD2,PSMC5,PSMC2,PSMB7,PSMB3,PSMB2,PSMA5,PPP3R1,PPP3CB,PPIA,NFATC2,FKBP1A,PSMD14,RASGRP1,PSMD6,BCL10,SEM1
REACTOME_COPII_MEDIATED_VESICLE_TRANSPORT	REACTOME_COPII_MEDIATED_VESICLE_TRANSPORT	0.0153	20	0.2899	0	0	1	0	keep	itself		True	CD59,SEC24C,GOSR2,SEC22C,SEC16B,TRAPPC10,GORASP1,TRAPPC2,TRAPPC1,PPP6C,SERPINA1,TRAPPC4,TRAPPC3,SEC22A,SEC31B,SCFD1,CTSZ,COL7A1,SEC24B,TFG
REACTOME_RHOBTB1_GTPASE_CYCLE	REACTOME_RHOBTB1_GTPASE_CYCLE	0.0156	15	0.6522	0	0	1	0	keep	itself		True	RHOBTB1,ROCK1,RBBP6,RNF20,COPS4,MYO6,SPEN,SRRM1,ROCK2,COPS2,PDE5A,CUL3,CPSF7,VIM,TRA2B
REACTOME_CA2_PATHWAY	REACTOME_CA2_PATHWAY	0.0163	18	0.2903	0	0	1	0	keep	itself		True	FZD6,CAMK2A,TNRC6C,GNG12,PRKG1,PRKCA,PPP3R1,PPP3CB,PLCB2,NLK,PDE6A,LEF1,MOV10,ITPR2,GNG11,GNG5,TNRC6B,AGO3
REACTOME_THE_ROLE_OF_GTSE1_IN_G2_M_PROGRESSION_AFTER_G2_CHECKPOINT	REACTOME_THE_ROLE_OF_GTSE1_IN_G2_M_PROGRESSION_AFTER_G2_CHECKPOINT	0.0164	38	0.5758	36	28	3.05e-04	0.5077	exclude	REACTOME_DEGRADATION_OF_GLI1_BY_THE_PROTEASOME	REACTOME_DEGRADATION_OF_GLI1_BY_THE_PROTEASOME	False	TUBA1C,TUBB1,UBB,TP53,PSMD13,PSMD2,PSMC5,PSMC2,PSMB7,PSMB3,PSMB2,PSMA5,HSP90AB1,PSMD14,TUBB8B,PSMD6,CDK1,CCNB2,TUBA4B,SEM1
REACTOME_TBC_RABGAPS	REACTOME_TBC_RABGAPS	0.0168	16	0.3636	0	0	1	0	keep	itself		True	RABEP1,RAB11A,MAP1LC3B,RAB7A,RAB5C,RAB5A,TBC1D14,RAB6B,ARF6,TBC1D10C,RABGAP1,GGA2,GABARAPL2,GABARAP,OPTN,TBC1D3
REACTOME_DISEASES_OF_SIGNAL_TRANSDUCTION_BY_GROWTH_FACTOR_RECEPTORS_AND_SECOND_MESSENGERS	REACTOME_DISEASES_OF_SIGNAL_TRANSDUCTION_BY_GROWTH_FACTOR_RECEPTORS_AND_SECOND_MESSENGERS	0.0168	99	0.2181	19	8	0.0345	1	exclude	REACTOME_SIGNALING_BY_FLT3_FUSION_PROTEINS	REACTOME_SIGNALING_BY_FLT3_FUSION_PROTEINS	False	GAB2,MAML1,FAM131B,NRG2,EIF2AK3,KL,LRRFIP1,KAT2B,KSR1,IRS2,TNKS,CUL1,MAML2,FZD6,CAMK2A,ZMYM2,VCL,UBB,TPR,TP53
REACTOME_CALCINEURIN_ACTIVATES_NFAT	REACTOME_CALCINEURIN_ACTIVATES_NFAT	0.0169	5	0.5556	0	0	1	0	keep	itself		True	PPP3R1,PPP3CB,PPIA,NFATC2,FKBP1A
REACTOME_CONDENSATION_OF_PROPHASE_CHROMOSOMES	REACTOME_CONDENSATION_OF_PROPHASE_CHROMOSOMES	0.017	31	0.4247	58	26	0.3081	0.3993	keep	REACTOME_CHROMATIN_ORGANIZATION	REACTOME_CHROMATIN_ORGANIZATION	False	H2AZ2,H2BC11,H3C10,H3C3,H2BC10,H2BC8,H2AC6,H2AC14,MCPH1,H2AJ,NCAPG2,H2AC8,NCAPD3,H4C16,SMC4,H2AB1,H2BC3,CDK1,H2BC12,H4C5
REACTOME_PROCESSING_OF_DNA_DOUBLE_STRAND_BREAK_ENDS	REACTOME_PROCESSING_OF_DNA_DOUBLE_STRAND_BREAK_ENDS	0.017	49	0.5052	40	23	0.172	2.45e-06	keep	REACTOME_REGULATION_OF_TP53_ACTIVITY	REACTOME_REGULATION_OF_TP53_ACTIVITY	True	RNF8,H2BC11,HERC2,BRIP1,H2BC10,H2BC8,BRCC3,UBB,BRCA1,RFC2,MRE11,PPP4R2,H4C16,RMI2,TOPBP1,CDK2,RAD50,H2BC3,MDC1,EXO1
REACTOME_CD22_MEDIATED_BCR_REGULATION	REACTOME_CD22_MEDIATED_BCR_REGULATION	0.017	4	0.0656	0	0	1	0	keep	itself		True	CD79B,CD79A,CD22,LYN
REACTOME_SIGNALING_BY_PDGFR_IN_DISEASE	REACTOME_SIGNALING_BY_PDGFR_IN_DISEASE	0.0171	16	0.8	12	12	0.0144	1	exclude	REACTOME_SIGNALING_BY_PDGFRA_TRANSMEMBRANE_JUXTAMEMBRANE_AND_KINASE_DOMAIN_MUTANTS	REACTOME_SIGNALING_BY_PDGFRA_TRANSMEMBRANE_JUXTAMEMBRANE_AND_KINASE_DOMAIN_MUTANTS	False	STAT1,PIK3R1,PDGFRA,GRB2,GOLGA4,ETV6,STRN,STAT3,SOS1,WDR48,PIK3R2,PIK3CB,PIK3CA,NRAS,KRAS,HRAS
REACTOME_CONSTITUTIVE_SIGNALING_BY_EGFRVIII	REACTOME_CONSTITUTIVE_SIGNALING_BY_EGFRVIII	0.0172	14	0.9333	8	8	0.4667	0.0405	keep	REACTOME_FLT3_SIGNALING_IN_DISEASE	REACTOME_FLT3_SIGNALING_IN_DISEASE	True	SHC1,PLCG1,PIK3R1,GRB2,CBL,SOS1,PIK3CA,NRAS,KRAS,HSP90AA1,HRAS,GAB1,EGFR,EGF
REACTOME_CO_INHIBITION_BY_PD_1	REACTOME_CO_INHIBITION_BY_PD_1	0.0176	100	0.4464	40	29	8.74e-05	1	exclude	REACTOME_DEGRADATION_OF_GLI1_BY_THE_PROTEASOME	REACTOME_DEGRADATION_OF_GLI1_BY_THE_PROTEASOME	False	H2AZ2,CD4,CD3G,CD3E,H2BC11,CUL1,SPOP,H3C10,H3C3,H2BC10,H2BC8,H2AC6,H2AC14,UBB,STAT1,RPN2,RPN1,RBBP5,RBBP4,TNRC6C
REACTOME_L1CAM_INTERACTIONS	REACTOME_L1CAM_INTERACTIONS	0.0177	32	0.2645	0	0	1	0	keep	itself		True	RPS6KA5,NUMB,CNTNAP1,TUBA1C,TUBB1,EZR,SPTBN1,SH3GL2,SCN8A,RPS6KA3,RPS6KA2,RDX,SHTN1,SCN3B,PAK1,MSN,LAMC1,LAMB1,ITGA5,ITGA2B
REACTOME_RNA_POLYMERASE_II_TRANSCRIPTION_TERMINATION	REACTOME_RNA_POLYMERASE_II_TRANSCRIPTION_TERMINATION	0.0178	33	0.4925	11	8	0.0841	0	keep	REACTOME_SLBP_DEPENDENT_PROCESSING_OF_REPLICATION_DEPENDENT_HISTONE_PRE_MRNAS	REACTOME_SLBP_DEPENDENT_PROCESSING_OF_REPLICATION_DEPENDENT_HISTONE_PRE_MRNAS	True	THOC1,ZC3H11A,DHX38,DDX39B,SLBP,SNRPF,SNRPE,SNRPD3,CPSF2,CDC40,NCBP1,ZNF473,NCBP2,CLP1,CPSF4,SLU7,SRRM1,EIF4A3,SRSF11,THOC5
REACTOME_POSITIVE_REGULATION_OF_CDH1_GENE_TRANSCRIPTION	REACTOME_POSITIVE_REGULATION_OF_CDH1_GENE_TRANSCRIPTION	0.018	5	0.4167	0	0	1	0	keep	itself		True	CDH1,FOXP2,KLF4,TFAP2A,SP1
REACTOME_ANCHORING_FIBRIL_FORMATION	REACTOME_ANCHORING_FIBRIL_FORMATION	0.0187	8	0.5333	9	7	0.035	0.0347	keep	REACTOME_COLLAGEN_CHAIN_TRIMERIZATION	REACTOME_COLLAGEN_CHAIN_TRIMERIZATION	True	COL4A5,COL4A2,COL4A1,COL1A2,LAMB3,COL4A6,COL4A4,COL1A1
REACTOME_PI3K_AKT_ACTIVATION	REACTOME_PI3K_AKT_ACTIVATION	0.0188	8	0.8889	6	6	0.3333	1.97e-04	keep	REACTOME_INTRACELLULAR_SIGNALING_BY_SECOND_MESSENGERS	REACTOME_INTRACELLULAR_SIGNALING_BY_SECOND_MESSENGERS	True	IRS2,PIK3R1,PIK3R2,PIK3CB,PIK3CA,NTRK1,RHOA,IRS1
REACTOME_NEUROTRANSMITTER_RELEASE_CYCLE	REACTOME_NEUROTRANSMITTER_RELEASE_CYCLE	0.0188	25	0.4902	0	0	1	0	keep	itself		True	PPFIA1,STXBP1,SNAP25,SLC1A3,SLC1A2,SLC38A2,GAD1,ABAT,CHAT,UNC13B,SLC6A11,SLC6A1,SLC1A7,LIN7A,CASK,PPFIA3,PPFIA4,SYN3,ALDH5A1,SYT1
REACTOME_TYROSINE_CATABOLISM	REACTOME_TYROSINE_CATABOLISM	0.0189	4	0.8	0	0	1	0	keep	itself		True	HPD,FAH,HGD,GSTZ1
REACTOME_PEPTIDE_LIGAND_BINDING_RECEPTORS	REACTOME_PEPTIDE_LIGAND_BINDING_RECEPTORS	0.019	33	0.1658	0	0	1	0	keep	itself		True	QRFPR,PROK2,NPS,PPY,RXFP3,NMBR,MRGPRD,CCR9,CCRL2,TRHR,SSTR4,SSTR3,NPFFR1,CXCL12,CCL25,CCL22,CCL3,CCL1,PYY,CCL28
REACTOME_FGFR2_LIGAND_BINDING_AND_ACTIVATION	REACTOME_FGFR2_LIGAND_BINDING_AND_ACTIVATION	0.0193	8	0.4	10	6	0.0849	1	keep	REACTOME_FGFR2B_LIGAND_BINDING_AND_ACTIVATION	REACTOME_FGFR2B_LIGAND_BINDING_AND_ACTIVATION	False	FGFR2,FGF3,FGF1,FGFBP3,FGF23,FGF22,FGF8,FGF7
REACTOME_GLI_PROTEINS_BIND_PROMOTERS_OF_HH_RESPONSIVE_GENES_TO_PROMOTE_TRANSCRIPTION	REACTOME_GLI_PROTEINS_BIND_PROMOTERS_OF_HH_RESPONSIVE_GENES_TO_PROMOTE_TRANSCRIPTION	0.0196	4	0.5714	0	0	1	0	keep	itself		True	BOC,PTCH2,GLI3,GLI1
REACTOME_RRNA_MODIFICATION_IN_THE_MITOCHONDRION	REACTOME_RRNA_MODIFICATION_IN_THE_MITOCHONDRION	0.0198	6	0.4	0	0	1	0	keep	itself		True	MRM1,MRM3,NGRN,MRM2,RPUSD3,TRUB2
REACTOME_ASPARAGINE_N_LINKED_GLYCOSYLATION	REACTOME_ASPARAGINE_N_LINKED_GLYCOSYLATION	0.02	71	0.2276	156	41	0.0883	1	keep	REACTOME_ER_TO_GOLGI_ANTEROGRADE_TRANSPORT	REACTOME_ER_TO_GOLGI_ANTEROGRADE_TRANSPORT	False	EDEM1,CD59,SEC24C,GOSR2,MPDU1,COG7,RFT1,SEC22C,SEC16B,B4GALT3,DYNLL1,ALG10,TUBA1C,DCTN5,ST6GALNAC5,TUBB1,NPL,EDEM3,MANEA,UBB
REACTOME_MRNA_SPLICING	REACTOME_MRNA_SPLICING	0.0204	54	0.2547	7	5	0.0126	0.4697	exclude	REACTOME_SLBP_DEPENDENT_PROCESSING_OF_REPLICATION_DEPENDENT_HISTONE_PRE_MRNAS	REACTOME_SLBP_DEPENDENT_PROCESSING_OF_REPLICATION_DEPENDENT_HISTONE_PRE_MRNAS	False	DHX38,RBM39,PRPF3,RBM17,NSRP1,PRKRIP1,DDX39B,RNF113A,SNRPF,SNRPE,SNRPD3,DHX35,RBM25,CWC22,CTNNBL1,CCAR1,RNPC3,SMU1,PPP1R8,CWC25
REACTOME_PRE_NOTCH_EXPRESSION_AND_PROCESSING	REACTOME_PRE_NOTCH_EXPRESSION_AND_PROCESSING	0.0204	42	0.3387	61	27	0.0131	0.4324	exclude	REACTOME_CHROMATIN_ORGANIZATION	REACTOME_CHROMATIN_ORGANIZATION	False	MAML1,H2AZ2,H2BC11,KAT2B,MAML2,H3C10,H3C3,H2BC10,H2BC8,H2AC6,H2AC14,TP53,TFDP2,ST3GAL3,TNRC6C,H2AJ,MAML3,NOTCH2,MOV10,H2AC8
REACTOME_INTERLEUKIN_1_SIGNALING	REACTOME_INTERLEUKIN_1_SIGNALING	0.0208	51	0.505	37	28	1.09e-04	0.0903	exclude	REACTOME_RIBOSOME_QUALITY_CONTROL_RQC_COMPLEX_EXTRACTS_AND_DEGRADES_NASCENT_PEPTIDE	REACTOME_RIBOSOME_QUALITY_CONTROL_RQC_COMPLEX_EXTRACTS_AND_DEGRADES_NASCENT_PEPTIDE	False	CUL1,NLRC5,CASP8,IL1R2,UBB,TP53,MAP2K4,PSMD13,PELI1,PSMD2,PSMC5,PSMC2,PSMB7,PSMB3,PSMB2,PSMA5,MAP2K6,IRAK4,IL1RN,IL1RAP
REACTOME_TP53_REGULATES_METABOLIC_GENES	REACTOME_TP53_REGULATES_METABOLIC_GENES	0.0208	22	0.2619	0	0	1	0	keep	itself		True	SCO2,COX7A2L,TXNRD1,TXN,TP53,RRAGC,RHEB,TNRC6C,PRKAB2,PRKAG3,PRKAG2,MOV10,TNRC6B,AGO3,SLC38A9,SESN3,COX7C,COX7A2,COX4I1,COX6B2
REACTOME_RHOBTB_GTPASE_CYCLE	REACTOME_RHOBTB_GTPASE_CYCLE	0.021	18	0.5143	23	14	0.1168	1	keep	REACTOME_RHOBTB1_GTPASE_CYCLE	REACTOME_RHOBTB1_GTPASE_CYCLE	False	RHOBTB1,DDX39B,ROCK1,RBBP6,RNF20,PHIP,COPS4,MYO6,HSP90AB1,SPEN,SRRM1,ROCK2,COPS2,CCT6A,PDE5A,CUL3,CPSF7,VIM
REACTOME_COMMON_PATHWAY_OF_FIBRIN_CLOT_FORMATION	REACTOME_COMMON_PATHWAY_OF_FIBRIN_CLOT_FORMATION	0.0211	6	0.2727	0	0	1	0	keep	itself		True	THBD,PROC,SERPINE2,F10,F5,PROCR
REACTOME_SEPARATION_OF_SISTER_CHROMATIDS	REACTOME_SEPARATION_OF_SISTER_CHROMATIDS	0.0217	92	0.5169	36	28	3.49e-04	0.5077	exclude	REACTOME_DEGRADATION_OF_GLI1_BY_THE_PROTEASOME	REACTOME_DEGRADATION_OF_GLI1_BY_THE_PROTEASOME	False	ZW10,CENPL,CDC16,DYNLL1,TUBA1C,KIF18A,NDEL1,TUBB1,CENPO,MIS12,UBE2E1,UBB,CENPK,RANBP2,PSMD13,PSMD2,PSMC5,PSMC2,PSMB7,PSMB3
REACTOME_G1_S_DNA_DAMAGE_CHECKPOINTS	REACTOME_G1_S_DNA_DAMAGE_CHECKPOINTS	0.0219	37	0.5522	37	28	2.03e-04	0.0903	exclude	REACTOME_RIBOSOME_QUALITY_CONTROL_RQC_COMPLEX_EXTRACTS_AND_DEGRADES_NASCENT_PEPTIDE	REACTOME_RIBOSOME_QUALITY_CONTROL_RQC_COMPLEX_EXTRACTS_AND_DEGRADES_NASCENT_PEPTIDE	False	CCNE1,CUL1,UBB,TP53,PSMD13,PSMD2,PSMC5,PSMC2,PSMB7,PSMB3,PSMB2,PSMA5,MDM4,PLK3,CDKN1B,PSMD14,CDK2,PSMD6,CCNA2,SEM1
REACTOME_MODULATION_BY_MTB_OF_HOST_IMMUNE_SYSTEM	REACTOME_MODULATION_BY_MTB_OF_HOST_IMMUNE_SYSTEM	0.0222	3	0.4286	0	0	1	0	keep	itself		True	UBB,TLR2,B2M
REACTOME_DEGRADATION_OF_CRY_AND_PER_PROTEINS	REACTOME_DEGRADATION_OF_CRY_AND_PER_PROTEINS	0.0223	30	0.625	38	29	2.30e-04	0.0693	exclude	REACTOME_RIBOSOME_QUALITY_CONTROL_RQC_COMPLEX_EXTRACTS_AND_DEGRADES_NASCENT_PEPTIDE	REACTOME_RIBOSOME_QUALITY_CONTROL_RQC_COMPLEX_EXTRACTS_AND_DEGRADES_NASCENT_PEPTIDE	False	CUL1,UBB,PSMD13,PSMD2,PSMC5,PSMC2,PSMB7,PSMB3,PSMB2,PSMA5,PSMD14,PSMD6,SEM1,UBE2D1,UBC,RPS27A,PSMD12,PSMD11,PSMD1,PSMC6
REACTOME_METABOLIC_DISORDERS_OF_BIOLOGICAL_OXIDATION_ENZYMES	REACTOME_METABOLIC_DISORDERS_OF_BIOLOGICAL_OXIDATION_ENZYMES	0.0223	15	0.4412	19	8	0.7302	0.2859	keep	REACTOME_CYTOCHROME_P450_ARRANGED_BY_SUBSTRATE_TYPE	REACTOME_CYTOCHROME_P450_ARRANGED_BY_SUBSTRATE_TYPE	False	GSS,GCLC,CYP27A1,CYP17A1,CYP1B1,CYP4F22,CYP2U1,FDX2,OPLAH,GGT1,FMO3,FDXR,AHCY,CYP27B1,CYP11A1
REACTOME_FORMATION_OF_THE_NEPHRIC_DUCT	REACTOME_FORMATION_OF_THE_NEPHRIC_DUCT	0.0226	11	0.6111	0	0	1	0	keep	itself		True	PAX2,LHX1,HOXA6,MECOM,OSR1,PAX8,PCDH19,ID4,HOXB4,GATA3,WFDC2
REACTOME_TRANSCRIPTIONAL_REGULATION_BY_TP53	REACTOME_TRANSCRIPTIONAL_REGULATION_BY_TP53	0.0226	81	0.2244	30	12	0.0185	0	keep	REACTOME_REGULATION_OF_TP53_ACTIVITY_THROUGH_ACETYLATION	REACTOME_REGULATION_OF_TP53_ACTIVITY_THROUGH_ACETYLATION	True	SCO2,NUAK1,CNOT8,MTA2,COX7A2L,CCNH,CCNE1,MAPKAPK5,ING5,BRIP1,PIP4K2B,CASP2,TAF15,RNF34,KAT6A,PIP4K2C,E2F8,USP7,BRPF1,BTG2
REACTOME_REGULATION_OF_FOXO_TRANSCRIPTIONAL_ACTIVITY_BY_ACETYLATION	REACTOME_REGULATION_OF_FOXO_TRANSCRIPTIONAL_ACTIVITY_BY_ACETYLATION	0.0228	5	0.5	0	0	1	0	keep	itself		True	KAT2B,TXN,FOXO4,SIRT3,FOXO1
REACTOME_FORMATION_OF_WDR5_CONTAINING_HISTONE_MODIFYING_COMPLEXES	REACTOME_FORMATION_OF_WDR5_CONTAINING_HISTONE_MODIFYING_COMPLEXES	0.0233	13	0.3095	19	7	0.3382	0.7949	keep	REACTOME_HATS_ACETYLATE_HISTONES	REACTOME_HATS_ACETYLATE_HISTONES	False	KAT2B,OGT,KMT2D,RBBP5,KAT14,YEATS2,TASP1,KANSL2,PHF20L1,KMT2A,KANSL1,ZZZ3,BOD1L1
REACTOME_PRC2_METHYLATES_HISTONES_AND_DNA	REACTOME_PRC2_METHYLATES_HISTONES_AND_DNA	0.0233	31	0.4133	63	29	0.0541	0.309	keep	REACTOME_CHROMATIN_ORGANIZATION	REACTOME_CHROMATIN_ORGANIZATION	False	H2AZ2,H2BC11,H3C10,H3C3,H2BC10,H2BC8,H2AC6,H2AC14,RBBP4,H2AJ,H2AC8,MTF2,EZH2,EZH1,H4C16,H2AB1,H2BC3,EED,H2BC12,H4C5
REACTOME_REGULATION_OF_T_CELL_ACTIVATION_BY_CD28_FAMILY	REACTOME_REGULATION_OF_T_CELL_ACTIVATION_BY_CD28_FAMILY	0.0239	119	0.4327	40	29	5.43e-05	1	exclude	REACTOME_DEGRADATION_OF_GLI1_BY_THE_PROTEASOME	REACTOME_DEGRADATION_OF_GLI1_BY_THE_PROTEASOME	False	H2AZ2,CD4,CD3G,CD3E,H2BC11,CUL1,SPOP,H3C10,H3C3,H2BC10,H2BC8,H2AC6,H2AC14,UBB,STAT1,RPN2,RPN1,RBBP5,RBBP4,TNRC6C
REACTOME_CELLULAR_SENESCENCE	REACTOME_CELLULAR_SENESCENCE	0.0241	67	0.3401	61	27	0.0315	0.3696	exclude	REACTOME_REGULATION_OF_ENDOGENOUS_RETROELEMENTS_BY_KRAB_ZFP_PROTEINS	REACTOME_REGULATION_OF_ENDOGENOUS_RETROELEMENTS_BY_KRAB_ZFP_PROTEINS	False	MAP4K4,H2AZ2,CCNE1,H2BC11,CDC16,MAPKAPK5,H3C10,H3C3,H2BC10,H2BC8,H2AC6,H2AC14,PHC3,UBE2E1,UBB,TXN,TP53,TFDP2,TERF2,SP1
REACTOME_TRIGLYCERIDE_CATABOLISM	REACTOME_TRIGLYCERIDE_CATABOLISM	0.0242	9	0.375	0	0	1	0	keep	itself		True	CAV1,PRKACA,ABHD5,GPD2,FABP5,FABP3,MGLL,FABP12,FABP9
REACTOME_CHYLOMICRON_CLEARANCE	REACTOME_CHYLOMICRON_CLEARANCE	0.0242	4	0.8	0	0	1	0	keep	itself		True	LIPC,LDLR,APOE,LDLRAP1
REACTOME_MITOCHONDRIAL_CALCIUM_ION_TRANSPORT	REACTOME_MITOCHONDRIAL_CALCIUM_ION_TRANSPORT	0.0245	14	0.6087	0	0	1	0	keep	itself		True	SMDT1,SLC8A3,MCUB,PHB1,MICU2,AFG3L2,YME1L1,PMPCB,SLC8B1,MAIP1,VDAC3,VDAC2,VDAC1,SPG7
REACTOME_G2_M_DNA_DAMAGE_CHECKPOINT	REACTOME_G2_M_DNA_DAMAGE_CHECKPOINT	0.0246	48	0.5	48	27	0.1537	3.45e-08	keep	REACTOME_TRANSCRIPTIONAL_REGULATION_BY_TP53	REACTOME_TRANSCRIPTIONAL_REGULATION_BY_TP53	True	RNF8,H2BC11,HERC2,BRIP1,H2BC10,H2BC8,BRCC3,TP53,BRCA1,RFC2,MRE11,H4C16,RMI2,TOPBP1,RAD50,H2BC3,CDK1,MDC1,EXO1,CCNA2
REACTOME_SPHINGOLIPID_DE_NOVO_BIOSYNTHESIS	REACTOME_SPHINGOLIPID_DE_NOVO_BIOSYNTHESIS	0.0253	16	0.4324	0	0	1	0	keep	itself		True	SPTLC2,ORMDL1,VAPB,SPHK1,FA2H,SPTLC3,OSBP,SGMS1,PRKD3,SAMD8,DEGS2,SPTLC1,CERT1,ABCG2,VAPA,DEGS1
REACTOME_AMPK_INHIBITS_CHREBP_TRANSCRIPTIONAL_ACTIVATION_ACTIVITY	REACTOME_AMPK_INHIBITS_CHREBP_TRANSCRIPTIONAL_ACTIVATION_ACTIVITY	0.0253	4	0.5	0	0	1	0	keep	itself		True	ADIPOQ,ADIPOR2,PRKAB2,PRKAG2
REACTOME_SIGNALING_BY_WNT	REACTOME_SIGNALING_BY_WNT	0.0256	147	0.4608	40	29	2.92e-04	1	exclude	REACTOME_DEGRADATION_OF_GLI1_BY_THE_PROTEASOME	REACTOME_DEGRADATION_OF_GLI1_BY_THE_PROTEASOME	False	H2AZ2,H2BC11,TNKS,CAV1,CUL1,PIP5K1B,H3C10,H3C3,H2BC10,H2BC8,H2AC6,H2AC14,FZD6,FZD1,TRRAP,CAMK2A,CXXC4,WNT9B,WNT9A,WNT7B
REACTOME_SIGNALING_BY_ERBB2_ECD_MUTANTS	REACTOME_SIGNALING_BY_ERBB2_ECD_MUTANTS	0.0256	14	0.875	14	13	0.2417	0.4678	keep	REACTOME_CONSTITUTIVE_SIGNALING_BY_LIGAND_RESPONSIVE_EGFR_CANCER_VARIANTS	REACTOME_CONSTITUTIVE_SIGNALING_BY_LIGAND_RESPONSIVE_EGFR_CANCER_VARIANTS	False	SHC1,ERBIN,PLCG1,PIK3R1,GRB2,SOS1,PIK3CA,NRAS,KRAS,HSP90AA1,HRAS,GAB1,EGFR,EGF
REACTOME_POTENTIAL_THERAPEUTICS_FOR_SARS	REACTOME_POTENTIAL_THERAPEUTICS_FOR_SARS	0.0259	23	0.1494	0	0	1	0	keep	itself		True	CD79B,CD79A,MTA2,VEGFA,STAT2,ROCK1,RBBP4,ARID4A,MTA3,GATAD2B,ARID4B,PHF21A,ATP1B3,ATP1A1,NCK1,IMPDH2,IFNGR1,IFNAR2,IFNAR1,HSP90AB1
REACTOME_DS_GAG_BIOSYNTHESIS	REACTOME_DS_GAG_BIOSYNTHESIS	0.026	7	0.5833	7	4	0.7525	0.6258	keep	REACTOME_GLYCOSAMINOGLYCAN_PROTEIN_LINKAGE_REGION_BIOSYNTHESIS	REACTOME_GLYCOSAMINOGLYCAN_PROTEIN_LINKAGE_REGION_BIOSYNTHESIS	False	NCAN,CHST14,CSPG5,BCAN,DSE,VCAN,UST
REACTOME_PROGRAMMED_CELL_DEATH	REACTOME_PROGRAMMED_CELL_DEATH	0.0263	96	0.4848	37	29	4.34e-05	0.4295	exclude	REACTOME_DEGRADATION_OF_GLI1_BY_THE_PROTEASOME	REACTOME_DEGRADATION_OF_GLI1_BY_THE_PROTEASOME	False	CDH1,DYNLL1,OGT,CASP8,ITCH,CASP3,UBB,TP53,TLR4,TFDP2,ROCK1,PSMD13,PELI1,AVEN,PSMD2,PSMC5,PSMC2,PSMB7,PSMB3,PSMB2
REACTOME_RHO_GTPASES_ACTIVATE_PKNS	REACTOME_RHO_GTPASES_ACTIVATE_PKNS	0.0265	39	0.4194	59	27	0.2221	0.3362	keep	REACTOME_CHROMATIN_ORGANIZATION	REACTOME_CHROMATIN_ORGANIZATION	False	H2AZ2,H2BC11,H3C10,H3C3,H2BC10,H2BC8,H2AC6,H2AC14,H2AJ,PAK1,PPP1R12A,MYH10,KLK2,KLK3,H2AC8,KDM4C,H4C16,MYL9,MYL12B,H2AB1
REACTOME_SYNTHESIS_OF_15_EICOSATETRAENOIC_ACID_DERIVATIVES	REACTOME_SYNTHESIS_OF_15_EICOSATETRAENOIC_ACID_DERIVATIVES	0.027	5	0.8333	0	0	1	0	keep	itself		True	GPX4,GPX2,ALOX15,GPX1,ALOX15B
REACTOME_TACHYKININ_RECEPTORS_BIND_TACHYKININS	REACTOME_TACHYKININ_RECEPTORS_BIND_TACHYKININS	0.027	3	0.6	0	0	1	0	keep	itself		True	TACR1,TAC3,TACR2
REACTOME_SOMITOGENESIS	REACTOME_SOMITOGENESIS	0.0271	27	0.6	32	25	1.60e-04	0.0627	exclude	REACTOME_RIBOSOME_QUALITY_CONTROL_RQC_COMPLEX_EXTRACTS_AND_DEGRADES_NASCENT_PEPTIDE	REACTOME_RIBOSOME_QUALITY_CONTROL_RQC_COMPLEX_EXTRACTS_AND_DEGRADES_NASCENT_PEPTIDE	False	HES7,PSMD13,PSMD2,PSMC5,PSMC2,PSMB7,PSMB3,PSMB2,PSMA5,LEF1,PSMD14,PSMD6,SEM1,PSMD12,PSMD11,PSMD1,PSMC6,PSMC1,PSMB6,PSMB5
REACTOME_SENSORY_PERCEPTION_OF_SALTY_TASTE	REACTOME_SENSORY_PERCEPTION_OF_SALTY_TASTE	0.0274	5	0.8333	0	0	1	0	keep	itself		True	SCNN1D,SCNN1B,SCNN1A,CALHM1,CALHM3
REACTOME_VASOPRESSIN_LIKE_RECEPTORS	REACTOME_VASOPRESSIN_LIKE_RECEPTORS	0.0278	2	0.3333	0	0	1	0	keep	itself		True	AVPR2,OXTR
REACTOME_INTERLEUKIN_36_PATHWAY	REACTOME_INTERLEUKIN_36_PATHWAY	0.028	3	0.4286	0	0	1	0	keep	itself		True	IL36G,IL1RAP,IL1RL2
REACTOME_TRANSCRIPTIONAL_REGULATION_BY_RUNX3	REACTOME_TRANSCRIPTIONAL_REGULATION_BY_RUNX3	0.028	46	0.5349	36	28	1.18e-04	0.5077	exclude	REACTOME_DEGRADATION_OF_GLI1_BY_THE_PROTEASOME	REACTOME_DEGRADATION_OF_GLI1_BY_THE_PROTEASOME	False	MAML1,KAT2B,MAML2,UBB,TP53,PSMD13,PSMD2,PSMC5,PSMC2,PSMB7,PSMB3,PSMB2,PSMA5,MAML3,LEF1,ZFHX3,SNW1,CCN2,PSMD14,MAMLD1
REACTOME_MITOCHONDRIAL_TRANSLATION	REACTOME_MITOCHONDRIAL_TRANSLATION	0.0281	23	0.2	90	22	0.0164	1	exclude	REACTOME_MITOCHONDRIAL_TRANSLATION_ELONGATION	REACTOME_MITOCHONDRIAL_TRANSLATION_ELONGATION	False	MRPL24,MRPS34,MRPL44,MRPL34,MRPL40,MRPS11,MRPS26,MRPL17,MRPS12,MRPL12,AURKAIP1,MRPS17,MRPL35,MRPL30,MRPL51,MTRES1,MRPS2,MRPL2,MRPL46,ERAL1
REACTOME_FCERI_MEDIATED_NF_KB_ACTIVATION	REACTOME_FCERI_MEDIATED_NF_KB_ACTIVATION	0.0283	37	0.3008	39	29	7.88e-13	0.9038	exclude	REACTOME_DEGRADATION_OF_GLI1_BY_THE_PROTEASOME	REACTOME_DEGRADATION_OF_GLI1_BY_THE_PROTEASOME	False	CUL1,UBB,PSMD13,PSMD2,PSMC5,PSMC2,PSMB7,PSMB3,PSMB2,PSMA5,PRKCQ,LYN,TAB3,PSMD14,RASGRP1,PSMD6,BCL10,SEM1,UBE2D2,UBE2D1
REACTOME_REGULATION_OF_ORNITHINE_DECARBOXYLASE_ODC	REACTOME_REGULATION_OF_ORNITHINE_DECARBOXYLASE_ODC	0.0283	28	0.7368	14	13	0.0429	0.1548	exclude	REACTOME_ANTIGEN_PROCESSING_UB_ATP_INDEPENDENT_PROTEASOMAL_DEGRADATION	REACTOME_ANTIGEN_PROCESSING_UB_ATP_INDEPENDENT_PROTEASOMAL_DEGRADATION	False	PSMD13,PSMD2,PSMC5,PSMC2,PSMB7,PSMB3,PSMB2,PSMA5,PSMD14,PSMD6,SEM1,PSMD12,PSMD11,PSMD1,PSMC6,PSMC1,PSMB6,PSMB5,PSMB4,PSMB1
REACTOME_ACTIVATED_NTRK3_SIGNALS_THROUGH_RAS	REACTOME_ACTIVATED_NTRK3_SIGNALS_THROUGH_RAS	0.0285	7	0.875	6	6	0.25	0.4561	keep	REACTOME_CONSTITUTIVE_SIGNALING_BY_LIGAND_RESPONSIVE_EGFR_CANCER_VARIANTS	REACTOME_CONSTITUTIVE_SIGNALING_BY_LIGAND_RESPONSIVE_EGFR_CANCER_VARIANTS	False	SHC1,GRB2,SOS1,NTF3,NRAS,KRAS,HRAS
REACTOME_SOS_MEDIATED_SIGNALLING	REACTOME_SOS_MEDIATED_SIGNALLING	0.0285	7	1	0	0	1	0	keep	itself		True	IRS2,GRB2,SOS1,NRAS,KRAS,IRS1,HRAS
REACTOME_DOWNREGULATION_OF_SMAD2_3_SMAD4_TRANSCRIPTIONAL_ACTIVITY	REACTOME_DOWNREGULATION_OF_SMAD2_3_SMAD4_TRANSCRIPTIONAL_ACTIVITY	0.0291	21	0.6774	4	3	0.6129	0.1143	keep	REACTOME_MODULATION_BY_MTB_OF_HOST_IMMUNE_SYSTEM	REACTOME_MODULATION_BY_MTB_OF_HOST_IMMUNE_SYSTEM	False	UBB,TGIF1,STAT1,RNF111,HDAC1,SNW1,NCOR1,USP9X,UBE2D3,UBE2D1,UBC,SKIL,SMURF2,RPS27A,MAPK1,PPM1A,TRIM33,SERPINE1,SMAD7,SMAD4
REACTOME_FCERI_MEDIATED_MAPK_ACTIVATION	REACTOME_FCERI_MEDIATED_MAPK_ACTIVATION	0.0297	23	0.2644	6	6	2.00e-04	0.25	exclude	REACTOME_ACTIVATED_NTRK3_SIGNALS_THROUGH_RAS	REACTOME_ACTIVATED_NTRK3_SIGNALS_THROUGH_RAS	False	SHC1,MAP2K4,MAPK8,PLCG1,PAK1,MAP3K1,LYN,GRB2,GRAP2,SOS1,RAC1,MAPK10,MAPK9,MAPK1,PLCG2,PAK2,NRAS,LCP2,KRAS,JUN
REACTOME_NOTCH2_INTRACELLULAR_DOMAIN_REGULATES_TRANSCRIPTION	REACTOME_NOTCH2_INTRACELLULAR_DOMAIN_REGULATES_TRANSCRIPTION	0.0306	6	0.5	0	0	1	0	keep	itself		True	MAML1,MAML2,MAML3,NOTCH2,CREB1,MAMLD1
REACTOME_HDR_THROUGH_MMEJ_ALT_NHEJ	REACTOME_HDR_THROUGH_MMEJ_ALT_NHEJ	0.0306	6	0.5	0	0	1	0	keep	itself		True	RAD52,MRE11,FEN1,POLQ,RAD50,PARP2
REACTOME_REGULATION_OF_NFE2L2_GENE_EXPRESSION	REACTOME_REGULATION_OF_NFE2L2_GENE_EXPRESSION	0.031	4	0.5	0	0	1	0	keep	itself		True	MAFK,RELA,NOTCH1,MYC
REACTOME_REGULATION_OF_RAS_BY_GAPS	REACTOME_REGULATION_OF_RAS_BY_GAPS	0.0313	34	0.6182	37	28	0.0032	0.0903	exclude	REACTOME_RIBOSOME_QUALITY_CONTROL_RQC_COMPLEX_EXTRACTS_AND_DEGRADES_NASCENT_PEPTIDE	REACTOME_RIBOSOME_QUALITY_CONTROL_RQC_COMPLEX_EXTRACTS_AND_DEGRADES_NASCENT_PEPTIDE	False	UBB,PSMD13,PSMD2,PSMC5,PSMC2,PSMB7,PSMB3,PSMB2,PSMA5,PSMD14,RASA4,PSMD6,RASAL2,SYNGAP1,CUL3,RASAL1,SEM1,UBC,RPS27A,RASA1
REACTOME_ROBO_RECEPTORS_BIND_AKAP5	REACTOME_ROBO_RECEPTORS_BIND_AKAP5	0.0315	4	0.4444	5	3	0.3571	0.0992	keep	REACTOME_INTRACELLULAR_SIGNALING_BY_SECOND_MESSENGERS	REACTOME_INTRACELLULAR_SIGNALING_BY_SECOND_MESSENGERS	False	PRKCA,PRKAR2A,PRKACA,PPP3CB
REACTOME_ION_TRANSPORT_BY_P_TYPE_ATPASES	REACTOME_ION_TRANSPORT_BY_P_TYPE_ATPASES	0.0328	33	0.6	0	0	1	0	keep	itself		True	CAMK2A,ATP8B4,SRI,ATP10D,ATP2B4,ATP1B3,ATP12A,ATP1A1,ATP11C,ATP2C1,ATP11A,ATP8A1,ATP9A,PLN,ATP2C2,CAMK2G,CAMK2D,CAMK2B,ATP10A,ATP7B
REACTOME_ALK_MUTANTS_BIND_TKIS	REACTOME_ALK_MUTANTS_BIND_TKIS	0.033	12	1	0	0	1	0	keep	itself		True	EIF2AK3,BIRC6,HIP1,FN1,STRN,PRKAR1A,PPM1B,BCL11A,NPM1,EML4,ALK,CLTC
REACTOME_RNA_POLYMERASE_I_TRANSCRIPTION	REACTOME_RNA_POLYMERASE_I_TRANSCRIPTION	0.0334	41	0.3727	71	33	0.0056	0.26	exclude	REACTOME_CHROMATIN_ORGANIZATION	REACTOME_CHROMATIN_ORGANIZATION	False	H2AZ2,MTA2,CCNH,TAF1B,H2BC11,KAT2B,H3C10,H3C3,H2BC10,H2BC8,H2AC6,H2AC14,TTF1,RBBP4,MTA3,GATAD2B,H2AJ,POLR1D,HDAC1,H2AC8
REACTOME_RHOT1_GTPASE_CYCLE	REACTOME_RHOT1_GTPASE_CYCLE	0.0342	5	1	0	0	1	0	keep	itself		True	RAP1GDS1,TRAK1,MYO19,TRAK2,RHOT1
REACTOME_REGULATION_OF_CDH11_MRNA_TRANSLATION_BY_MICRORNAS	REACTOME_REGULATION_OF_CDH11_MRNA_TRANSLATION_BY_MICRORNAS	0.0346	5	0.5	7	4	0.5	0.3389	keep	REACTOME_RUNX1_REGULATES_GENES_INVOLVED_IN_MEGAKARYOCYTE_DIFFERENTIATION_AND_PLATELET_FUNCTION	REACTOME_RUNX1_REGULATES_GENES_INVOLVED_IN_MEGAKARYOCYTE_DIFFERENTIATION_AND_PLATELET_FUNCTION	False	TNRC6C,MOV10,TNRC6B,AGO3,CDH11
REACTOME_REGULATION_OF_CDH1_GENE_TRANSCRIPTION	REACTOME_REGULATION_OF_CDH1_GENE_TRANSCRIPTION	0.0349	41	0.3942	67	31	0.0422	0.2836	exclude	REACTOME_CHROMATIN_ORGANIZATION	REACTOME_CHROMATIN_ORGANIZATION	False	CDH1,H2AZ2,FOXP2,KLF4,H2BC11,H3C10,H3C3,H2BC10,H2BC8,H2AC6,H2AC14,ZNF217,ZMYM2,TFAP2A,TCF12,SP1,SNAI1,RBBP4,H2AJ,HDAC1
REACTOME_OPIOID_SIGNALLING	REACTOME_OPIOID_SIGNALLING	0.035	24	0.2667	24	10	0.0499	1	exclude	REACTOME_DARPP_32_EVENTS	REACTOME_DARPP_32_EVENTS	False	GNA14,PPP1R1B,CAMK2A,GNG12,PRKCA,PRKAR2A,PRKACA,PPP3R1,PPP3CB,PPP2R1B,PLCB2,PDE4D,PDE4C,PDE4B,PDE4A,ITPR2,GNG11,GNG5,GNAQ,GNAL
REACTOME_NEPHRIN_FAMILY_INTERACTIONS	REACTOME_NEPHRIN_FAMILY_INTERACTIONS	0.0353	16	0.6957	0	0	1	0	keep	itself		True	KIRREL3,SPTBN1,KIRREL1,PIK3R1,NPHS1,NCK1,MAGI2,WASL,IQGAP1,ACTN2,CASK,NCK2,SPTAN1,PIK3R2,PIK3CB,PIK3CA
REACTOME_E2F_MEDIATED_REGULATION_OF_DNA_REPLICATION	REACTOME_E2F_MEDIATED_REGULATION_OF_DNA_REPLICATION	0.0365	16	0.7273	0	0	1	0	keep	itself		True	MCM8,TFDP2,PRIM2,PRIM1,PPP2R1B,ORC2,ORC3,PPP2R3B,CDK1,TFDP1,RB1,PPP2CB,PPP2CA,POLA1,ORC5,ORC4
REACTOME_SMOOTH_MUSCLE_CONTRACTION	REACTOME_SMOOTH_MUSCLE_CONTRACTION	0.0371	20	0.4651	0	0	1	0	keep	itself		True	VCL,TLN1,PAK1,ANXA6,ANXA2,ANXA1,MYL11,GUCY1A2,ALDH2,MYL12A,SORBS1,MYL9,MYL12B,MYL7,PDE5A,CALD1,TPM4,TPM3,TPM2,TPM1
REACTOME_DEFECTIVE_CHST14_CAUSES_EDS_MUSCULOCONTRACTURAL_TYPE	REACTOME_DEFECTIVE_CHST14_CAUSES_EDS_MUSCULOCONTRACTURAL_TYPE	0.0374	5	0.625	0	0	1	0	keep	itself		True	NCAN,CHST14,CSPG5,BCAN,VCAN
REACTOME_REGULATION_OF_MECP2_EXPRESSION_AND_ACTIVITY	REACTOME_REGULATION_OF_MECP2_EXPRESSION_AND_ACTIVITY	0.0375	23	0.7188	19	15	0.2485	4.12e-07	keep	REACTOME_INTRACELLULAR_SIGNALING_BY_SECOND_MESSENGERS	REACTOME_INTRACELLULAR_SIGNALING_BY_SECOND_MESSENGERS	True	CAMK2A,TNRC6C,PRKACA,MOV10,MECP2,HDAC1,TNRC6B,AGO3,CREB1,NCOR1,CAMK2G,CAMK2D,CAMK2B,CAMK4,TBL1XR1,TBL1X,LBR,HDAC2,HTT,HIPK2
REACTOME_CREATINE_METABOLISM	REACTOME_CREATINE_METABOLISM	0.0388	5	0.4545	0	0	1	0	keep	itself		True	SLC6A8,SLC6A7,GAMT,CKM,CKB
REACTOME_IRON_UPTAKE_AND_TRANSPORT	REACTOME_IRON_UPTAKE_AND_TRANSPORT	0.0402	36	0.6207	4	3	0.5091	0.1143	keep	REACTOME_MODULATION_BY_MTB_OF_HOST_IMMUNE_SYSTEM	REACTOME_MODULATION_BY_MTB_OF_HOST_IMMUNE_SYSTEM	False	ATP6V0D1,CUL1,CYBRD1,UBB,ATP6V1B1,ATP6V1D,SLC22A17,SLC11A2,ACO1,HMOX2,FLVCR1,FTL,FTH1,SLC46A1,STEAP4,ATP6V1G1,ABCG2,ATP6V1E2,ATP6V0E1,UBC
REACTOME_GASTRULATION	REACTOME_GASTRULATION	0.0403	53	0.4454	32	25	7.98e-06	0.4932	exclude	REACTOME_DEGRADATION_OF_GLI1_BY_THE_PROTEASOME	REACTOME_DEGRADATION_OF_GLI1_BY_THE_PROTEASOME	False	CDH1,MAML1,KAT2B,HES7,MAML2,TFAP2C,TFAP2A,SNAI1,BMP4,PSMD13,PSMD2,PSMC5,PSMC2,PSMB7,PSMB3,PSMB2,PSMA5,MAML3,POU3F1,LEF1
REACTOME_TRNA_MODIFICATION_IN_THE_NUCLEUS_AND_CYTOSOL	REACTOME_TRNA_MODIFICATION_IN_THE_NUCLEUS_AND_CYTOSOL	0.0406	11	0.2444	0	0	1	0	keep	itself		True	QNG1,QTRT2,THADA,TRMT11,TYW1,THG1L,DUS2,NSUN2,TRIT1,TRMT6,TPRKB
REACTOME_FCERI_MEDIATED_CA_2_MOBILIZATION	REACTOME_FCERI_MEDIATED_CA_2_MOBILIZATION	0.0407	9	0.1047	7	3	0.0229	1	exclude	REACTOME_CALCINEURIN_ACTIVATES_NFAT	REACTOME_CALCINEURIN_ACTIVATES_NFAT	False	TEC,SHC1,PPP3R1,PPP3CB,PLCG1,NFATC2,LYN,ITPR2,GRB2
REACTOME_APOPTOSIS	REACTOME_APOPTOSIS	0.0411	84	0.506	36	28	1.81e-04	0.5077	exclude	REACTOME_DEGRADATION_OF_GLI1_BY_THE_PROTEASOME	REACTOME_DEGRADATION_OF_GLI1_BY_THE_PROTEASOME	False	CDH1,DYNLL1,CASP8,CASP3,UBB,TP53,TLR4,TFDP2,ROCK1,PSMD13,AVEN,PSMD2,PSMC5,PSMC2,PSMB7,PSMB3,PSMB2,PSMA5,MAPK8,PRKCQ
REACTOME_B_WICH_COMPLEX_POSITIVELY_REGULATES_RRNA_EXPRESSION	REACTOME_B_WICH_COMPLEX_POSITIVELY_REGULATES_RRNA_EXPRESSION	0.0412	37	0.4111	60	27	0.2029	0.3837	keep	REACTOME_CHROMATIN_ORGANIZATION	REACTOME_CHROMATIN_ORGANIZATION	False	H2AZ2,BAZ1B,TAF1B,H2BC11,KAT2B,SMARCA5,H3C10,H3C3,H2BC10,H2BC8,H2AC6,H2AC14,H2AJ,POLR1D,H2AC8,POLR1A,H4C16,H2AB1,H2BC3,POLR1C
REACTOME_BETA_DEFENSINS	REACTOME_BETA_DEFENSINS	0.0417	4	0.093	0	0	1	0	keep	itself		True	TLR2,DEFB124,DEFB1,DEFB127
REACTOME_E3_UBIQUITIN_LIGASES_UBIQUITINATE_TARGET_PROTEINS	REACTOME_E3_UBIQUITIN_LIGASES_UBIQUITINATE_TARGET_PROTEINS	0.0418	28	0.4746	4	2	0.6543	0.6286	keep	REACTOME_MODULATION_BY_MTB_OF_HOST_IMMUNE_SYSTEM	REACTOME_MODULATION_BY_MTB_OF_HOST_IMMUNE_SYSTEM	False	H2BC11,H2BC10,H2BC8,UBE2E1,UBE2B,UBB,RAD18,RNF20,PRKDC,SELENOS,RTF1,RRAGA,H2BC3,CTR9,BCL10,H2BC12,H2BC17,H2BC4,H2BC14,CDC73
REACTOME_EARLY_PHASE_OF_HIV_LIFE_CYCLE	REACTOME_EARLY_PHASE_OF_HIV_LIFE_CYCLE	0.0418	9	0.6429	0	0	1	0	keep	itself		True	CD4,PPIA,LIG4,LIG1,KPNA1,FEN1,BANF1,CXCR4,XRCC5
REACTOME_INTEGRATION_OF_ENERGY_METABOLISM	REACTOME_INTEGRATION_OF_ENERGY_METABOLISM	0.0421	28	0.2593	8	4	0.1186	1	keep	REACTOME_AMPK_INHIBITS_CHREBP_TRANSCRIPTIONAL_ACTIVATION_ACTIVITY	REACTOME_AMPK_INHIBITS_CHREBP_TRANSCRIPTIONAL_ACTIVATION_ACTIVITY	False	GNA14,ADIPOQ,CACNA2D2,ADIPOR2,CACNB3,MLX,ABCC8,STXBP1,SNAP25,GNG12,PRKCA,PRKAR2A,PRKACA,PRKAB2,PPP2R1B,PLCB2,PRKAG2,ACLY,ITPR2,ACACA
REACTOME_TRANSCRIPTIONAL_AND_POST_TRANSLATIONAL_REGULATION_OF_MITF_M_EXPRESSION_AND_ACTIVITY	REACTOME_TRANSCRIPTIONAL_AND_POST_TRANSLATIONAL_REGULATION_OF_MITF_M_EXPRESSION_AND_ACTIVITY	0.0422	27	0.4355	0	0	1	0	keep	itself		True	CDH1,TFE3,TBX3,RARS1,QARS1,LEF1,PAX3,MARS1,MARK3,HINT1,HDAC1,FOXD3,DARS1,CREB1,SOX10,EEF1E1,AIMP1,WNT3A,TFEB,YWHAZ
REACTOME_REGULATION_OF_ENDOGENOUS_RETROELEMENTS_BY_PIWI_INTERACTING_RNAS_PIRNAS	REACTOME_REGULATION_OF_ENDOGENOUS_RETROELEMENTS_BY_PIWI_INTERACTING_RNAS_PIRNAS	0.0433	44	0.4536	90	44	0.012	0.0889	exclude	REACTOME_CHROMATIN_ORGANIZATION	REACTOME_CHROMATIN_ORGANIZATION	False	H2AZ2,MTA2,H2BC11,H3C10,H3C3,H2BC10,H2BC8,H2AC6,H2AC14,DPF3,SMARCD1,SMARCC1,RBBP4,MTA3,GATAD2B,H2AJ,HDAC1,H2AC8,H4C16,CHD3
REACTOME_NETRIN_1_SIGNALING	REACTOME_NETRIN_1_SIGNALING	0.0433	23	0.5227	0	0	1	0	keep	itself		True	SLIT2,EZR,TRIO,SLIT3,PRKCQ,PLCG1,PITPNA,NEO1,NCK1,MYO10,UNC5B,DOCK1,TRPC5,WASL,UNC5C,ABLIM2,TRPC3,TRPC1,SLIT1,NTN4
REACTOME_ACTIVATION_OF_NF_KAPPAB_IN_B_CELLS	REACTOME_ACTIVATION_OF_NF_KAPPAB_IN_B_CELLS	0.0438	32	0.5926	39	29	4.00e-04	0.9038	exclude	REACTOME_DEGRADATION_OF_GLI1_BY_THE_PROTEASOME	REACTOME_DEGRADATION_OF_GLI1_BY_THE_PROTEASOME	False	CUL1,UBB,PSMD13,PSMD2,PSMC5,PSMC2,PSMB7,PSMB3,PSMB2,PSMA5,PSMD14,PSMD6,BCL10,SEM1,UBC,MAP3K7,RPS27A,REL,PSMD12,PSMD11
REACTOME_EICOSANOID_LIGAND_BINDING_RECEPTORS	REACTOME_EICOSANOID_LIGAND_BINDING_RECEPTORS	0.0441	8	0.5333	0	0	1	0	keep	itself		True	PTGIR,PTGER4,PTGER2,GPR17,PTGDR2,CYSLTR1,TBXA2R,LTB4R2
REACTOME_PRESYNAPTIC_DEPOLARIZATION_AND_CALCIUM_CHANNEL_OPENING	REACTOME_PRESYNAPTIC_DEPOLARIZATION_AND_CALCIUM_CHANNEL_OPENING	0.0444	7	0.6364	5	4	0.3485	0.0156	keep	REACTOME_INTEGRATION_OF_ENERGY_METABOLISM	REACTOME_INTEGRATION_OF_ENERGY_METABOLISM	True	CACNA2D2,CACNB3,CACNA2D3,CACNB4,CACNB1,CACNA1E,CACNA1A
REACTOME_CAMK_IV_MEDIATED_PHOSPHORYLATION_OF_CREB	REACTOME_CAMK_IV_MEDIATED_PHOSPHORYLATION_OF_CREB	0.045	7	0.7	7	6	0.1833	0.3428	keep	REACTOME_REGULATION_OF_MECP2_EXPRESSION_AND_ACTIVITY	REACTOME_REGULATION_OF_MECP2_EXPRESSION_AND_ACTIVITY	False	CAMK2A,CREB1,CAMKK1,CAMK2G,CAMK2D,CAMK2B,CAMK4
REACTOME_REGULATION_OF_PTEN_GENE_TRANSCRIPTION	REACTOME_REGULATION_OF_PTEN_GENE_TRANSCRIPTION	0.045	19	0.3115	11	6	0.071	0.0712	keep	REACTOME_REGULATION_OF_TP53_ACTIVITY_THROUGH_ACETYLATION	REACTOME_REGULATION_OF_TP53_ACTIVITY_THROUGH_ACETYLATION	False	MTA2,PHC3,TP53,SNAI1,RRAGC,RNF2,RING1,RHEB,RBBP4,MTA3,GATAD2B,SALL4,HDAC1,SCMH1,EZH2,SLC38A9,CHD3,RRAGA,NR2E1
REACTOME_DNA_DAMAGE_TELOMERE_STRESS_INDUCED_SENESCENCE	REACTOME_DNA_DAMAGE_TELOMERE_STRESS_INDUCED_SENESCENCE	0.0452	29	0.3671	45	21	0.0293	0.1089	exclude	REACTOME_OXIDATIVE_STRESS_INDUCED_SENESCENCE	REACTOME_OXIDATIVE_STRESS_INDUCED_SENESCENCE	False	H2AZ2,CCNE1,H2BC11,H2BC10,H2BC8,H2AC6,H2AC14,TP53,TERF2,H2AJ,TERF2IP,MRE11,H2AC8,H4C16,CDKN1B,CDK2,RAD50,H2AB1,H2BC3,CCNA2
REACTOME_CELLULAR_HEXOSE_TRANSPORT	REACTOME_CELLULAR_HEXOSE_TRANSPORT	0.0453	10	0.4762	0	0	1	0	keep	itself		True	SLC5A2,SLC2A3,SLC50A1,SLC2A12,SLC2A14,SLC2A10,SLC2A11,SLC5A4,SLC5A1,SLC2A4
REACTOME_SARS_COV_1_MODULATES_HOST_TRANSLATION_MACHINERY	REACTOME_SARS_COV_1_MODULATES_HOST_TRANSLATION_MACHINERY	0.0455	9	0.2432	35	9	0.5676	0.6376	keep	REACTOME_SRP_DEPENDENT_COTRANSLATIONAL_PROTEIN_TARGETING_TO_MEMBRANE	REACTOME_SRP_DEPENDENT_COTRANSLATIONAL_PROTEIN_TARGETING_TO_MEMBRANE	False	RPS26,RPS25,RPS24,RPS23,RPS20,RPS12,RPS8,RPS7,RPS3A
REACTOME_SIGNALING_BY_CSF1_M_CSF_IN_MYELOID_CELLS	REACTOME_SIGNALING_BY_CSF1_M_CSF_IN_MYELOID_CELLS	0.0463	21	0.6774	8	7	0.1732	1	keep	REACTOME_SIGNALING_BY_PDGFRA_TRANSMEMBRANE_JUXTAMEMBRANE_AND_KINASE_DOMAIN_MUTANTS	REACTOME_SIGNALING_BY_PDGFRA_TRANSMEMBRANE_JUXTAMEMBRANE_AND_KINASE_DOMAIN_MUTANTS	False	GAB2,UBB,STAT1,SHC1,PIK3R1,LYN,GRB2,IL34,GAB3,GRAP2,CBL,THOC5,YES1,UBC,STAT3,SOS1,RPS27A,PTPN11,PLCG2,PIK3CB
REACTOME_DISEASES_OF_PROGRAMMED_CELL_DEATH	REACTOME_DISEASES_OF_PROGRAMMED_CELL_DEATH	0.0464	42	0.4038	62	29	0.0787	0.2662	keep	REACTOME_CHROMATIN_ORGANIZATION	REACTOME_CHROMATIN_ORGANIZATION	False	H2AZ2,H2BC11,CASP8,H3C10,H3C3,H2BC10,H2BC8,H2AC6,H2AC14,CAPNS1,TP53,RBBP4,H2AJ,PRIM2,PRIM1,H2AC8,EZH2,MLKL,GSDME,H4C16
REACTOME_RHOG_GTPASE_CYCLE	REACTOME_RHOG_GTPASE_CYCLE	0.0467	20	0.2703	0	0	1	0	keep	itself		True	ARHGAP32,VAMP3,VAPB,CAV1,VANGL1,DOCK5,ARHGEF5,RAB7A,VRK2,TRIO,ERBIN,PIK3R1,OPHN1,MCAM,KTN1,HSPE1,ARFGAP3,ESYT1,ANKLE2,DOCK1
REACTOME_PI5P_REGULATES_TP53_ACETYLATION	REACTOME_PI5P_REGULATES_TP53_ACETYLATION	0.047	4	0.4444	4	3	0.1667	0.0482	keep	REACTOME_INTRACELLULAR_SIGNALING_BY_SECOND_MESSENGERS	REACTOME_INTRACELLULAR_SIGNALING_BY_SECOND_MESSENGERS	True	PIP4K2B,PIP4K2C,TP53,MAP2K6
REACTOME_PKA_MEDIATED_PHOSPHORYLATION_OF_KEY_METABOLIC_FACTORS	REACTOME_PKA_MEDIATED_PHOSPHORYLATION_OF_KEY_METABOLIC_FACTORS	0.0483	5	1	0	0	1	0	keep	itself		True	PRKACA,PRKACG,PRKACB,PFKFB1,MLXIPL
REACTOME_FLT3_SIGNALING_THROUGH_SRC_FAMILY_KINASES	REACTOME_FLT3_SIGNALING_THROUGH_SRC_FAMILY_KINASES	0.0489	3	0.5	2	2	0.2	0.0123	keep	REACTOME_ANTIGEN_ACTIVATES_B_CELL_RECEPTOR_BCR_LEADING_TO_GENERATION_OF_SECOND_MESSENGERS	REACTOME_ANTIGEN_ACTIVATES_B_CELL_RECEPTOR_BCR_LEADING_TO_GENERATION_OF_SECOND_MESSENGERS	True	HCK,SYK,FYN
REACTOME_TP53_REGULATES_TRANSCRIPTION_OF_GENES_INVOLVED_IN_G1_CELL_CYCLE_ARREST	REACTOME_TP53_REGULATES_TRANSCRIPTION_OF_GENES_INVOLVED_IN_G1_CELL_CYCLE_ARREST	0.0489	7	0.5	0	0	1	0	keep	itself		True	CCNE1,E2F8,TP53,E2F7,CDKN1B,CDK2,CCNA2
REACTOME_EXPRESSION_OF_NOTCH2NL_GENES	REACTOME_EXPRESSION_OF_NOTCH2NL_GENES	0.0491	2	0.4	0	0	1	0	keep	itself		True	NOTCH2NLR,NOTCH2NLB
REACTOME_S_PHASE	REACTOME_S_PHASE	0.0492	73	0.4867	39	29	1.66e-04	0.9038	exclude	REACTOME_DEGRADATION_OF_GLI1_BY_THE_PROTEASOME	REACTOME_DEGRADATION_OF_GLI1_BY_THE_PROTEASOME	False	CDC6,CCNH,CCNE1,CDC16,CUL1,MCM8,UBE2E1,UBB,TFDP2,RFC2,RBBP4,PSMD13,PSMD2,PSMC5,PSMC2,PSMB7,PSMB3,PSMB2,PSMA5,POLE4
REACTOME_CHYLOMICRON_REMODELING	REACTOME_CHYLOMICRON_REMODELING	0.0496	4	0.4	0	0	1	0	keep	itself		True	APOA5,APOA2,APOE,APOC2
