"TF","DLD1","HCT15","Activity_Score_Mean","Score","Method_Direction","Rank","Method","Method_Rank","Method_Score","Method_P_Value","Method_Adjusted_P_Value","CheA3_Library_Count","CheA3_Libraries","CheA3_Integrated_TopRank","CheA3_Integrated_Score","CheA3_Integrated_Library"
"E2F4","-12.03626670307464686","1.987018440411549625","-5.02462413133154850","7.01164257174309835","Repressed","1","viper","1","7.01164257174309835",NA,NA,"6","ENCODE--ChIP-seq(rank=42); Literature--ChIP-seq(rank=103); ReMap--ChIP-seq(rank=145); Enrichr--Queries(rank=961); ARCHS4--Coexpression(rank=1035); GTEx--Coexpression(rank=1493)","1060","0.35589999999999999","ENCODE ChIP-seq,0.3559"
"ZNF263","-6.97409623199855133","6.612336967331807536","-0.18087963233337190","6.79321659966517899","Repressed","2","viper","2","6.79321659966517899",NA,NA,"6","Literature--ChIP-seq(rank=40); ENCODE--ChIP-seq(rank=63); ReMap--ChIP-seq(rank=210); Enrichr--Queries(rank=220); ARCHS4--Coexpression(rank=1041); GTEx--Coexpression(rank=1298)","555","0.15670000000000001","Enrichr Queries,0.1567"
"ZBTB7A","-6.50033551971387791","3.868359879082198471","-1.31598782031583972","5.18434769939803797","Repressed","3","viper","3","5.18434769939803797",NA,NA,"5","ENCODE--ChIP-seq(rank=40); ReMap--ChIP-seq(rank=98); GTEx--Coexpression(rank=864); Enrichr--Queries(rank=1218); ARCHS4--Coexpression(rank=1518)","1003","0.33000000000000002","ReMap ChIP-seq,0.33"
"E2F1","-6.94446816082077145","2.325667910020416507","-2.30940012540017747","4.63506803542059398","Repressed","4","viper","4","4.63506803542059398",NA,NA,"6","Literature--ChIP-seq(rank=46); ENCODE--ChIP-seq(rank=101); GTEx--Coexpression(rank=136); ReMap--ChIP-seq(rank=284); Enrichr--Queries(rank=682); ARCHS4--Coexpression(rank=931)","318","0.08463000000000000","GTEx Coexpression,0.08463"
"PRDM14","6.59533593893632908","-2.452860756288309130","2.07123759132401020","4.52409834761231888","Activated","5","viper","5","4.52409834761231888",NA,NA,"5","Literature--ChIP-seq(rank=105); ReMap--ChIP-seq(rank=179); Enrichr--Queries(rank=709); GTEx--Coexpression(rank=1393); ARCHS4--Coexpression(rank=1445)","1329","0.50500000000000000","Enrichr Queries,0.505"
"MYC","-6.96164586509100936","-1.652790838339303514","-4.30721835171515632","4.30721835171515632","Repressed","6","viper","6","4.30721835171515632",NA,NA,"6","Literature--ChIP-seq(rank=43); ENCODE--ChIP-seq(rank=55); GTEx--Coexpression(rank=109); Enrichr--Queries(rank=177); ReMap--ChIP-seq(rank=257); ARCHS4--Coexpression(rank=445)","254","0.06783000000000000","GTEx Coexpression,0.06783"
"ATF4","3.56764078385780081","4.959822110272997797","4.26373144706539975","4.26373144706539975","Activated","7","viper","7","4.26373144706539975",NA,NA,"4","ReMap--ChIP-seq(rank=7); GTEx--Coexpression(rank=389); Enrichr--Queries(rank=465); ARCHS4--Coexpression(rank=800)","94","0.02357000000000000","ReMap ChIP-seq,0.02357"
"FOXO3","5.20756347311518741","2.635992497570343485","3.92177798534276523","3.92177798534276523","Activated","8","viper","8","3.92177798534276523",NA,NA,"4","Literature--ChIP-seq(rank=101); Enrichr--Queries(rank=279); GTEx--Coexpression(rank=845); ARCHS4--Coexpression(rank=903)","684","0.19869999999999999","Enrichr Queries,0.1987"
"ARID3A","4.43661851234271953","2.736185527531838524","3.58640201993727903","3.58640201993727903","Activated","9","viper","9","3.58640201993727903",NA,NA,"5","ENCODE--ChIP-seq(rank=73); ReMap--ChIP-seq(rank=187); Enrichr--Queries(rank=495); GTEx--Coexpression(rank=503); ARCHS4--Coexpression(rank=895)","963","0.31300000000000000","GTEx Coexpression,0.313"
"E2F2","-5.91470691975016738","0.804468931782980512","-2.55511899398359343","3.35958792576657395","Repressed","10","viper","10","3.35958792576657395",NA,NA,"3","Enrichr--Queries(rank=379); ARCHS4--Coexpression(rank=413); GTEx--Coexpression(rank=466)","827","0.25369999999999998","ARCHS4 Coexpression,0.2537"
"NR2F1","2.91861926951821316","-3.761173807969442784","-0.42127726922561481","3.33989653874382775","Repressed","11","viper","11","3.33989653874382775",NA,NA,"4","ReMap--ChIP-seq(rank=180); Enrichr--Queries(rank=590); ARCHS4--Coexpression(rank=648); GTEx--Coexpression(rank=1239)","1145","0.39800000000000002","ARCHS4 Coexpression,0.398"
"MEF2A","2.98481323934824694","3.620890688594994078","3.30285196397162029","3.30285196397162029","Activated","12","viper","12","3.30285196397162029",NA,NA,"6","ENCODE--ChIP-seq(rank=41); Literature--ChIP-seq(rank=47); ReMap--ChIP-seq(rank=173); ARCHS4--Coexpression(rank=663); GTEx--Coexpression(rank=905); Enrichr--Queries(rank=1092)","902","0.28660000000000002","Literature ChIP-seq,0.2866"
"SREBF2","-4.16008661505515587","-2.310940737892296593","-3.23551367647372601","3.23551367647372601","Repressed","13","viper","13","3.23551367647372601",NA,NA,"6","ENCODE--ChIP-seq(rank=116); Literature--ChIP-seq(rank=124); ReMap--ChIP-seq(rank=167); GTEx--Coexpression(rank=762); Enrichr--Queries(rank=828); ARCHS4--Coexpression(rank=1510)","1294","0.47420000000000001","GTEx Coexpression,0.4742"
"STAT1","2.41905636774554011","4.013151183780374609","3.21610377576295736","3.21610377576295736","Activated","14","viper","14","3.21610377576295736",NA,NA,"6","ENCODE--ChIP-seq(rank=65); ReMap--ChIP-seq(rank=105); Literature--ChIP-seq(rank=120); GTEx--Coexpression(rank=131); ARCHS4--Coexpression(rank=218); Enrichr--Queries(rank=759)","305","0.08152000000000000","GTEx Coexpression,0.08152"
"SREBF1","-3.60328539555450877","-2.814611831911720596","-3.20894861373311446","3.20894861373311446","Repressed","15","viper","15","3.20894861373311446",NA,NA,"6","Literature--ChIP-seq(rank=35); ENCODE--ChIP-seq(rank=105); ReMap--ChIP-seq(rank=135); Enrichr--Queries(rank=282); GTEx--Coexpression(rank=342); ARCHS4--Coexpression(rank=1260)","689","0.20090000000000000","Enrichr Queries,0.2009"
"ARNTL","2.65364398036686033","3.705594575306273786","3.17961927783656684","3.17961927783656684","Activated","16","viper","16","3.17961927783656684",NA,NA,"4","Enrichr--Queries(rank=124); ARCHS4--Coexpression(rank=126); ReMap--ChIP-seq(rank=205); GTEx--Coexpression(rank=218)","288","0.07740000000000000","ARCHS4 Coexpression,0.0774"
"TFDP1","-5.14447575612769015","1.121279616607426588","-2.01159806976013167","3.13287768636755848","Repressed","17","viper","17","3.13287768636755848",NA,NA,"4","GTEx--Coexpression(rank=64); ReMap--ChIP-seq(rank=168); ARCHS4--Coexpression(rank=350); Enrichr--Queries(rank=1312)","156","0.03983000000000000","GTEx Coexpression,0.03983"
"MAFF","4.35178523838714604","1.876352652191165093","3.11406894528915545","3.11406894528915545","Activated","18","viper","18","3.11406894528915545",NA,NA,"5","Enrichr--Queries(rank=4); GTEx--Coexpression(rank=24); ENCODE--ChIP-seq(rank=34); ReMap--ChIP-seq(rank=199); ARCHS4--Coexpression(rank=1626)","11","0.00284900000000000","Enrichr Queries,0.002849"
"FOXM1","-4.39917797743087746","1.620527273478997721","-1.38932535197593987","3.00985262545493759","Repressed","19","viper","19","3.00985262545493759",NA,NA,"6","ENCODE--ChIP-seq(rank=23); Literature--ChIP-seq(rank=71); GTEx--Coexpression(rank=165); ReMap--ChIP-seq(rank=221); ARCHS4--Coexpression(rank=348); Enrichr--Queries(rank=844)","386","0.10270000000000000","GTEx Coexpression,0.1027"
"MNT","-4.20857479631717091","-1.757219571153684212","-2.98289718373542767","2.98289718373542767","Repressed","20","viper","20","2.98289718373542767",NA,NA,"4","ReMap--ChIP-seq(rank=164); GTEx--Coexpression(rank=431); Enrichr--Queries(rank=514); ARCHS4--Coexpression(rank=1212)","858","0.26819999999999999","GTEx Coexpression,0.2682"
"MBD2","3.31411030256418560","-2.570406004767820107","0.37185214889818274","2.94225815366600285","Activated","21","viper","21","2.94225815366600285",NA,NA,"4","ReMap--ChIP-seq(rank=261); ARCHS4--Coexpression(rank=710); Enrichr--Queries(rank=1221); GTEx--Coexpression(rank=1408)","1221","0.43609999999999999","ARCHS4 Coexpression,0.4361"
"KLF1","3.74621959076838973","-2.118313824627513942","0.81395288307043789","2.93226670769795206","Activated","22","viper","22","2.93226670769795206",NA,NA,"5","Literature--ChIP-seq(rank=139); ReMap--ChIP-seq(rank=140); Enrichr--Queries(rank=386); ARCHS4--Coexpression(rank=402); GTEx--Coexpression(rank=851)","807","0.24690000000000001","ARCHS4 Coexpression,0.2469"
"THAP1","1.33699347056790629","-4.517099659721740323","-1.59005309457691713","2.92704656514482320","Repressed","23","viper","23","2.92704656514482320",NA,NA,"5","ENCODE--ChIP-seq(rank=114); ReMap--ChIP-seq(rank=163); Enrichr--Queries(rank=603); GTEx--Coexpression(rank=1124); ARCHS4--Coexpression(rank=1246)","1208","0.42949999999999999","Enrichr Queries,0.4295"
"KLF9","5.45002364507030101","-0.403018233098599021","2.52350270598585080","2.92652093908445021","Activated","24","viper","24","2.92652093908445021",NA,NA,"4","ARCHS4--Coexpression(rank=24); Enrichr--Queries(rank=69); ReMap--ChIP-seq(rank=263); GTEx--Coexpression(rank=843)","62","0.01474000000000000","ARCHS4 Coexpression,0.01474"
"TP53","3.31793345486618119","2.496009697668360339","2.90697157626727076","2.90697157626727076","Activated","25","viper","25","2.90697157626727076",NA,NA,"5","Literature--ChIP-seq(rank=44); ReMap--ChIP-seq(rank=124); GTEx--Coexpression(rank=655); ARCHS4--Coexpression(rank=909); Enrichr--Queries(rank=1039)","859","0.26829999999999998","Literature ChIP-seq,0.2683"
"KLF5","4.94405759019489999","-0.721326517252965038","2.11136553647096736","2.83269205372393262","Activated","26","viper","26","2.83269205372393262",NA,NA,"5","Enrichr--Queries(rank=8); Literature--ChIP-seq(rank=21); ARCHS4--Coexpression(rank=32); GTEx--Coexpression(rank=130); ReMap--ChIP-seq(rank=218)","23","0.00569800000000000","Enrichr Queries,0.005698"
"NEUROD1","3.74492329462422635","1.785660089981590426","2.76529169230290828","2.76529169230290828","Activated","27","viper","27","2.76529169230290828",NA,NA,"4","ReMap--ChIP-seq(rank=57); GTEx--Coexpression(rank=977); ARCHS4--Coexpression(rank=984); Enrichr--Queries(rank=1268)","667","0.19189999999999999","ReMap ChIP-seq,0.1919"
"TEAD1","3.61061148602807114","1.760668164825927917","2.68563982542699975","2.68563982542699975","Activated","28","viper","28","2.68563982542699975",NA,NA,"4","ReMap--ChIP-seq(rank=126); ARCHS4--Coexpression(rank=256); GTEx--Coexpression(rank=415); Enrichr--Queries(rank=931)","557","0.15720000000000001","ARCHS4 Coexpression,0.1572"
"IRF3","2.76173009759628618","-2.584259778268803043","0.08873515966374157","2.67299493793254461","Activated","29","viper","29","2.67299493793254461",NA,NA,"5","ENCODE--ChIP-seq(rank=78); ReMap--ChIP-seq(rank=237); ARCHS4--Coexpression(rank=708); Enrichr--Queries(rank=810); GTEx--Coexpression(rank=1546)","1219","0.43490000000000001","ARCHS4 Coexpression,0.4349"
"SNAPC4","-1.46799961831939840","-3.821282092932502206","-2.64464085562595042","2.64464085562595042","Repressed","30","viper","30","2.64464085562595042",NA,NA,"4","ReMap--ChIP-seq(rank=280); GTEx--Coexpression(rank=1008); ARCHS4--Coexpression(rank=1287); Enrichr--Queries(rank=1359)","1468","0.62729999999999997","GTEx Coexpression,0.6273"
"NFKB1","1.07213145676141508","4.214355302981851459","2.64324337987163327","2.64324337987163327","Activated","31","viper","31","2.64324337987163327",NA,NA,"4","ARCHS4--Coexpression(rank=100); ReMap--ChIP-seq(rank=225); Enrichr--Queries(rank=818); GTEx--Coexpression(rank=1119)","234","0.06143000000000000","ARCHS4 Coexpression,0.06143"
"FOSL1",NA,"2.578728010166063456","2.57872801016606346","2.57872801016606346","Activated","32","viper","32","2.57872801016606346",NA,NA,"5","ENCODE--ChIP-seq(rank=2); ReMap--ChIP-seq(rank=4); Enrichr--Queries(rank=49); ARCHS4--Coexpression(rank=62); GTEx--Coexpression(rank=223)","56","0.01347000000000000","ReMap ChIP-seq,0.01347"
"ETV4","1.40505100827174090","3.724344957546380730","2.56469798290906059","2.56469798290906059","Activated","33","viper","33","2.56469798290906059",NA,NA,"4","Enrichr--Queries(rank=16); GTEx--Coexpression(rank=95); ReMap--ChIP-seq(rank=139); ARCHS4--Coexpression(rank=777)","49","0.01140000000000000","Enrichr Queries,0.0114"
"HIF1A","2.70918050759820472","2.382768585626033886","2.54597454661211930","2.54597454661211930","Activated","34","viper","34","2.54597454661211930",NA,NA,"5","Literature--ChIP-seq(rank=26); ReMap--ChIP-seq(rank=134); ARCHS4--Coexpression(rank=283); Enrichr--Queries(rank=796); GTEx--Coexpression(rank=1522)","563","0.15850000000000000","Literature ChIP-seq,0.1585"
"PBX3","4.03127299976483311","-1.051286903123621164","1.48999304832060586","2.54127995144422725","Activated","35","viper","35","2.54127995144422725",NA,NA,"5","ENCODE--ChIP-seq(rank=69); ReMap--ChIP-seq(rank=251); GTEx--Coexpression(rank=671); Enrichr--Queries(rank=753); ARCHS4--Coexpression(rank=1102)","1182","0.41749999999999998","GTEx Coexpression,0.4175"
"JUN","1.62917822369168164","3.451864185640127314","2.54052120466590470","2.54052120466590470","Activated","36","viper","36","2.54052120466590470",NA,NA,"6","GTEx--Coexpression(rank=2); ENCODE--ChIP-seq(rank=3); ReMap--ChIP-seq(rank=11); Literature--ChIP-seq(rank=24); ARCHS4--Coexpression(rank=27); Enrichr--Queries(rank=38)","4","0.00124500000000000","GTEx Coexpression,0.001245"
"MAZ","1.63051633030538201","-3.411337092621974154","-0.89041038115829607","2.52092671146367797","Repressed","37","viper","37","2.52092671146367797",NA,NA,"5","ENCODE--ChIP-seq(rank=56); ReMap--ChIP-seq(rank=151); GTEx--Coexpression(rank=237); ARCHS4--Coexpression(rank=1179); Enrichr--Queries(rank=1271)","525","0.14749999999999999","GTEx Coexpression,0.1475"
"RELA","1.24731340464919405","3.791390201820280748","2.51935180323473729","2.51935180323473729","Activated","38","viper","38","2.51935180323473729",NA,NA,"6","Literature--ChIP-seq(rank=2); ENCODE--ChIP-seq(rank=9); ReMap--ChIP-seq(rank=104); Enrichr--Queries(rank=664); GTEx--Coexpression(rank=1134); ARCHS4--Coexpression(rank=1295)","52","0.01220000000000000","Literature ChIP-seq,0.0122"
"WT1","1.62032597465482664","3.354981633814162478","2.48765380423449445","2.48765380423449445","Activated","39","viper","39","2.48765380423449445",NA,NA,"4","Literature--ChIP-seq(rank=3); GTEx--Coexpression(rank=92); Enrichr--Queries(rank=264); ARCHS4--Coexpression(rank=720)","73","0.01829000000000000","Literature ChIP-seq,0.01829"
"RELB","2.19578300471818411","2.661002567306789857","2.42839278601248676","2.42839278601248676","Activated","40","viper","40","2.42839278601248676",NA,NA,"4","Enrichr--Queries(rank=27); ARCHS4--Coexpression(rank=39); ReMap--ChIP-seq(rank=127); GTEx--Coexpression(rank=896)","76","0.01923000000000000","Enrichr Queries,0.01923"
"LEF1","-3.88113704122071601","-0.945501079766534414","-2.41331906049362521","2.41331906049362521","Repressed","41","viper","41","2.41331906049362521",NA,NA,"4","ARCHS4--Coexpression(rank=66); ReMap--ChIP-seq(rank=286); Enrichr--Queries(rank=307); GTEx--Coexpression(rank=380)","159","0.04054000000000000","ARCHS4 Coexpression,0.04054"
"ELF1","2.48714301265684901","2.270814987590156875","2.37897900012350316","2.37897900012350316","Activated","42","viper","42","2.37897900012350316",NA,NA,"5","ENCODE--ChIP-seq(rank=103); Literature--ChIP-seq(rank=151); ReMap--ChIP-seq(rank=269); ARCHS4--Coexpression(rank=839); GTEx--Coexpression(rank=1034)","1342","0.51539999999999997","ARCHS4 Coexpression,0.5154"
"CLOCK","3.10139164604865325","1.651995414660614170","2.37669353035463349","2.37669353035463349","Activated","43","viper","43","2.37669353035463349",NA,NA,"5","Literature--ChIP-seq(rank=58); ReMap--ChIP-seq(rank=206); ARCHS4--Coexpression(rank=600); Enrichr--Queries(rank=1253); GTEx--Coexpression(rank=1523)","1055","0.35370000000000001","Literature ChIP-seq,0.3537"
"REL","1.83386415372079448","2.899556700774973628","2.36671042724788405","2.36671042724788405","Activated","44","viper","44","2.36671042724788405",NA,NA,"3","Enrichr--Queries(rank=385); GTEx--Coexpression(rank=933); ARCHS4--Coexpression(rank=1472)","871","0.27420000000000000","Enrichr Queries,0.2742"
"MYCN","-4.25169913215898543","0.467515773535302159","-1.89209167931184163","2.35960745284714379","Repressed","45","viper","45","2.35960745284714379",NA,NA,"5","Literature--ChIP-seq(rank=87); ReMap--ChIP-seq(rank=185); Enrichr--Queries(rank=324); GTEx--Coexpression(rank=713); ARCHS4--Coexpression(rank=1277)","767","0.23080000000000001","Enrichr Queries,0.2308"
"NFATC1","2.58263515967603174","2.123155490890110908","2.35289532528307133","2.35289532528307133","Activated","46","viper","46","2.35289532528307133",NA,NA,"5","ENCODE--ChIP-seq(rank=95); GTEx--Coexpression(rank=252); ReMap--ChIP-seq(rank=273); Enrichr--Queries(rank=343); ARCHS4--Coexpression(rank=446)","556","0.15679999999999999","GTEx Coexpression,0.1568"
"SIX5","1.43320376453322340","-3.247139464344354742","-0.90696784990556567","2.34017161443878896","Repressed","47","viper","47","2.34017161443878896",NA,NA,"5","ENCODE--ChIP-seq(rank=107); ReMap--ChIP-seq(rank=250); Enrichr--Queries(rank=257); ARCHS4--Coexpression(rank=926); GTEx--Coexpression(rank=1478)","641","0.18300000000000000","Enrichr Queries,0.183"
"ESR1","2.74697651144673927","1.907512322220784151","2.32724441683376160","2.32724441683376160","Activated","48","viper","48","2.32724441683376160",NA,NA,"6","Literature--ChIP-seq(rank=4); ENCODE--ChIP-seq(rank=8); ReMap--ChIP-seq(rank=90); GTEx--Coexpression(rank=190); Enrichr--Queries(rank=345); ARCHS4--Coexpression(rank=653)","98","0.02439000000000000","Literature ChIP-seq,0.02439"
"TFAP4","4.54345748374447833","0.012697120319263884","2.27807730203187120","2.27807730203187120","Activated","49","viper","49","2.27807730203187120",NA,NA,"4","ReMap--ChIP-seq(rank=222); Enrichr--Queries(rank=840); GTEx--Coexpression(rank=1018); ARCHS4--Coexpression(rank=1365)","1437","0.59830000000000017","Enrichr Queries,0.5983"
"STAT3","1.14211210120723816","3.409344999119916064","2.27572855016357689","2.27572855016357689","Activated","50","viper","50","2.27572855016357689",NA,NA,"6","ENCODE--ChIP-seq(rank=15); Literature--ChIP-seq(rank=37); ARCHS4--Coexpression(rank=44); ReMap--ChIP-seq(rank=152); Enrichr--Queries(rank=755); GTEx--Coexpression(rank=1117)","109","0.02703000000000000","ARCHS4 Coexpression,0.02703"
"STAT5B","1.52738396603196036","2.901933350067649631","2.21465865804980488","2.21465865804980488","Activated","51","viper","51","2.21465865804980488",NA,NA,"4","ReMap--ChIP-seq(rank=26); GTEx--Coexpression(rank=145); Enrichr--Queries(rank=681); ARCHS4--Coexpression(rank=743)","327","0.08754000000000001","ReMap ChIP-seq,0.08754"
"MAFG","3.36451796125361868","-1.059928133101713410","1.15229491407595264","2.21222304717766605","Activated","52","viper","52","2.21222304717766605",NA,NA,"4","Enrichr--Queries(rank=42); GTEx--Coexpression(rank=94); ReMap--ChIP-seq(rank=121); ARCHS4--Coexpression(rank=447)","120","0.02991000000000000","Enrichr Queries,0.02991"
"HNF4G","3.39335201558553345","-1.018724264295553184","1.18731387564499014","2.20603813994054310","Activated","53","viper","53","2.20603813994054310",NA,NA,"5","ReMap--ChIP-seq(rank=43); ENCODE--ChIP-seq(rank=112); ARCHS4--Coexpression(rank=183); GTEx--Coexpression(rank=407); Enrichr--Queries(rank=786)","418","0.11240000000000000","ARCHS4 Coexpression,0.1124"
"STAT5A","1.71532910585733145","2.651798466570373325","2.18356378621385261","2.18356378621385261","Activated","54","viper","54","2.18356378621385261",NA,NA,"6","ReMap--ChIP-seq(rank=81); ENCODE--ChIP-seq(rank=83); Literature--ChIP-seq(rank=95); GTEx--Coexpression(rank=146); ARCHS4--Coexpression(rank=199); Enrichr--Queries(rank=207)","336","0.09085000000000000","GTEx Coexpression,0.09085"
"E2F3","-3.63900859024534284","0.725023802001434903","-1.45699239412195403","2.18201619612338904","Repressed","55","viper","55","2.18201619612338904",NA,NA,"3","GTEx--Coexpression(rank=452); ARCHS4--Coexpression(rank=814); Enrichr--Queries(rank=929)","887","0.28129999999999999","GTEx Coexpression,0.2813"
"ZBTB11","-1.42812112276862502","2.920160247699098210","0.74601956246523660","2.17414068523386161","Activated","56","viper","56","2.17414068523386161",NA,NA,"4","ReMap--ChIP-seq(rank=243); ARCHS4--Coexpression(rank=718); Enrichr--Queries(rank=984); GTEx--Coexpression(rank=1028)","1231","0.44100000000000000","ARCHS4 Coexpression,0.441"
"SP3","3.01007029414686356","1.291031234815536166","2.15055076448120008","2.15055076448120008","Activated","57","viper","57","2.15055076448120008",NA,NA,"3","Enrichr--Queries(rank=628); GTEx--Coexpression(rank=1270); ARCHS4--Coexpression(rank=1375)","1247","0.44729999999999998","Enrichr Queries,0.4473"
"RUNX2","3.32246361203085439","0.932581430608569351","2.12752252131971176","2.12752252131971176","Activated","58","viper","58","2.12752252131971176",NA,NA,"5","ReMap--ChIP-seq(rank=40); Literature--ChIP-seq(rank=42); ARCHS4--Coexpression(rank=106); Enrichr--Queries(rank=180); GTEx--Coexpression(rank=1418)","247","0.06511000000000000","ARCHS4 Coexpression,0.06511"
"HSF1","3.30462598783132844","0.904422837017492820","2.10452441242441068","2.10452441242441068","Activated","59","viper","59","2.10452441242441068",NA,NA,"5","ENCODE--ChIP-seq(rank=52); Literature--ChIP-seq(rank=89); ReMap--ChIP-seq(rank=266); GTEx--Coexpression(rank=1003); ARCHS4--Coexpression(rank=1488)","1230","0.44069999999999998","ENCODE ChIP-seq,0.4407"
"MAFK","3.85921519668183555","0.325151051164306648","2.09218312392307126","2.09218312392307126","Activated","60","viper","60","2.09218312392307126",NA,NA,"5","ENCODE--ChIP-seq(rank=10); Enrichr--Queries(rank=30); ReMap--ChIP-seq(rank=100); GTEx--Coexpression(rank=422); ARCHS4--Coexpression(rank=1423)","84","0.02137000000000000","Enrichr Queries,0.02137"
"ZNF639","1.65399355647199653","-2.493063568742319713","-0.41953500613516159","2.07352856260715823","Repressed","61","viper","61","2.07352856260715823",NA,NA,"4","ReMap--ChIP-seq(rank=111); ARCHS4--Coexpression(rank=670); Enrichr--Queries(rank=1222); GTEx--Coexpression(rank=1566)","1097","0.37369999999999998","ReMap ChIP-seq,0.3737"
"ESRRA","3.33226816190762243","-0.789505456397126659","1.27138135275524800","2.06088680915237443","Activated","62","viper","62","2.06088680915237443",NA,NA,"5","ENCODE--ChIP-seq(rank=113); ReMap--ChIP-seq(rank=128); Enrichr--Queries(rank=690); GTEx--Coexpression(rank=866); ARCHS4--Coexpression(rank=1381)","1210","0.43099999999999999","ReMap ChIP-seq,0.431"
"RFX1","2.74327659955428604","-1.323205417879384171","0.71003559083745094","2.03324100871683511","Activated","63","viper","63","2.03324100871683511",NA,NA,"4","ReMap--ChIP-seq(rank=133); ARCHS4--Coexpression(rank=365); GTEx--Coexpression(rank=647); Enrichr--Queries(rank=1301)","752","0.22420000000000001","ARCHS4 Coexpression,0.2242"
"SMAD5","-3.07797157809046595","-0.928134597573253228","-2.00305308783185954","2.00305308783185954","Repressed","64","viper","64","2.00305308783185954",NA,NA,"4","ReMap--ChIP-seq(rank=35); ARCHS4--Coexpression(rank=550); GTEx--Coexpression(rank=654); Enrichr--Queries(rank=1272)","436","0.11780000000000000","ReMap ChIP-seq,0.1178"
"NFKB2","-2.16414622844252369","-1.813243320218838051","-1.98869477433068087","1.98869477433068087","Repressed","65","viper","65","1.98869477433068087",NA,NA,"4","ARCHS4--Coexpression(rank=97); Enrichr--Queries(rank=102); ReMap--ChIP-seq(rank=207); GTEx--Coexpression(rank=1037)","225","0.05958000000000000","ARCHS4 Coexpression,0.05958"
"POU2F1","0.99298129951045355","2.975272099916636215","1.98412669971354494","1.98412669971354494","Activated","66","viper","66","1.98412669971354494",NA,NA,"4","ReMap--ChIP-seq(rank=182); GTEx--Coexpression(rank=992); Enrichr--Queries(rank=1126); ARCHS4--Coexpression(rank=1259)","1456","0.61280000000000001","ReMap ChIP-seq,0.6128"
"NR1H2","2.85732797134821226","1.098326991475834014","1.97782748141202314","1.97782748141202314","Activated","67","viper","67","1.97782748141202314",NA,NA,"4","ReMap--ChIP-seq(rank=14); ARCHS4--Coexpression(rank=265); Enrichr--Queries(rank=516); GTEx--Coexpression(rank=1400)","184","0.04714000000000000","ReMap ChIP-seq,0.04714"
"FOXO1","2.75597699666636942","1.188827766297198441","1.97240238148178393","1.97240238148178393","Activated","68","viper","68","1.97240238148178393",NA,NA,"5","Literature--ChIP-seq(rank=61); ReMap--ChIP-seq(rank=91); Enrichr--Queries(rank=132); ARCHS4--Coexpression(rank=286); GTEx--Coexpression(rank=451)","349","0.09402000000000001","Enrichr Queries,0.09402"
"FOS","1.88148617922413375","2.009759911954458467","1.94562304558929622","1.94562304558929622","Activated","69","viper","69","1.94562304558929622",NA,NA,"5","GTEx--Coexpression(rank=13); ENCODE--ChIP-seq(rank=16); Enrichr--Queries(rank=20); ReMap--ChIP-seq(rank=24); ARCHS4--Coexpression(rank=456)","33","0.00809000000000000","GTEx Coexpression,0.00809"
"FOXL2","0.73112605425779109","3.139344352881205946","1.93523520356949863","1.93523520356949863","Activated","70","viper","70","1.93523520356949863",NA,NA,"3","GTEx--Coexpression(rank=345); Enrichr--Queries(rank=541); ARCHS4--Coexpression(rank=801)","729","0.21470000000000000","GTEx Coexpression,0.2147"
"MXI1","-2.15012353721386518","1.702935768598892619","-0.22359388430748628","1.92652965290637890","Repressed","71","viper","71","1.92652965290637890",NA,NA,"5","ENCODE--ChIP-seq(rank=46); Enrichr--Queries(rank=128); ReMap--ChIP-seq(rank=149); ARCHS4--Coexpression(rank=752); GTEx--Coexpression(rank=1445)","337","0.09117000000000000","Enrichr Queries,0.09117"
"ERG","2.31059266448214240","1.532162563996692262","1.92137761423941722","1.92137761423941722","Activated","72","viper","72","1.92137761423941722",NA,NA,"5","Literature--ChIP-seq(rank=131); GTEx--Coexpression(rank=192); ARCHS4--Coexpression(rank=244); ReMap--ChIP-seq(rank=270); Enrichr--Queries(rank=707)","441","0.11950000000000000","GTEx Coexpression,0.1195"
"GATA6","3.33945051466475640","-0.502950696741214509","1.41824990896177106","1.92120060570298534","Activated","73","viper","73","1.92120060570298534",NA,NA,"5","Literature--ChIP-seq(rank=88); Enrichr--Queries(rank=99); ReMap--ChIP-seq(rank=204); ARCHS4--Coexpression(rank=412); GTEx--Coexpression(rank=1607)","264","0.07051000000000000","Enrichr Queries,0.07051"
"GRHL2","2.92667389893475471","-0.907408813998972774","1.00963254246789091","1.91704135646686380","Activated","74","viper","74","1.91704135646686380",NA,NA,"5","GTEx--Coexpression(rank=41); Literature--ChIP-seq(rank=125); ReMap--ChIP-seq(rank=136); ARCHS4--Coexpression(rank=372); Enrichr--Queries(rank=634)","102","0.02551000000000000","GTEx Coexpression,0.02551"
"SOX13","1.51994065588935068","-2.283642870746453557","-0.38185110742855144","1.90179176331790201","Repressed","75","viper","75","1.90179176331790201",NA,NA,"4","ReMap--ChIP-seq(rank=3); GTEx--Coexpression(rank=217); Enrichr--Queries(rank=273); ARCHS4--Coexpression(rank=1120)","44","0.01010000000000000","ReMap ChIP-seq,0.0101"
"ZBTB33","-2.06727205670471603","1.720191614524736234","-0.17354022108998990","1.89373183561472613","Repressed","76","viper","76","1.89373183561472613",NA,NA,"5","ENCODE--ChIP-seq(rank=99); GTEx--Coexpression(rank=233); ReMap--ChIP-seq(rank=247); Enrichr--Queries(rank=1073); ARCHS4--Coexpression(rank=1431)","521","0.14499999999999999","GTEx Coexpression,0.145"
"FOSL2","1.23834352794983271","2.541921875544036258","1.89013270174693448","1.89013270174693448","Activated","77","viper","77","1.89013270174693448",NA,NA,"5","ENCODE--ChIP-seq(rank=7); ReMap--ChIP-seq(rank=8); Enrichr--Queries(rank=108); ARCHS4--Coexpression(rank=356); GTEx--Coexpression(rank=934)","108","0.02694000000000000","ReMap ChIP-seq,0.02694"
"ZNF384","2.00822612897194697","1.762768437160170398","1.88549728306605857","1.88549728306605857","Activated","78","viper","78","1.88549728306605857",NA,NA,"5","ENCODE--ChIP-seq(rank=51); ReMap--ChIP-seq(rank=76); Enrichr--Queries(rank=977); GTEx--Coexpression(rank=1392); ARCHS4--Coexpression(rank=1489)","832","0.25590000000000002","ReMap ChIP-seq,0.2559"
"IRF4","1.92790382252746983","1.790248482926084517","1.85907615272677718","1.85907615272677718","Activated","79","viper","79","1.85907615272677718",NA,NA,"5","ReMap--ChIP-seq(rank=46); ENCODE--ChIP-seq(rank=88); ARCHS4--Coexpression(rank=93); Enrichr--Queries(rank=228); GTEx--Coexpression(rank=240)","218","0.05713000000000000","ARCHS4 Coexpression,0.05713"
"MAX","3.60782175951705986","-0.110197695751772670","1.74881203188264367","1.85900972763441619","Activated","80","viper","80","1.85900972763441619",NA,NA,"5","ENCODE--ChIP-seq(rank=43); ReMap--ChIP-seq(rank=223); Enrichr--Queries(rank=507); ARCHS4--Coexpression(rank=559); GTEx--Coexpression(rank=842)","1030","0.34339999999999998","ARCHS4 Coexpression,0.3434"
"BHLHE22","-2.73933341934383190","-0.961113392286762847","-1.85022340581529732","1.85022340581529732","Repressed","81","viper","81","1.85022340581529732",NA,NA,"3","ReMap--ChIP-seq(rank=156); ARCHS4--Coexpression(rank=744); GTEx--Coexpression(rank=770)","1263","0.45700000000000002","ARCHS4 Coexpression,0.457"
"ASCL1","2.59882660212234962","-1.101143710642251472","0.74884144574004907","1.84998515638230066","Activated","82","viper","82","1.84998515638230066",NA,NA,"4","ARCHS4--Coexpression(rank=186); ReMap--ChIP-seq(rank=209); GTEx--Coexpression(rank=648); Enrichr--Queries(rank=1018)","425","0.11430000000000001","ARCHS4 Coexpression,0.1143"
"NR2C2","-3.25267056622026773","-0.381170756058924476","-1.81692066113959605","1.81692066113959605","Repressed","83","viper","83","1.81692066113959605",NA,NA,"5","ENCODE--ChIP-seq(rank=110); ReMap--ChIP-seq(rank=143); GTEx--Coexpression(rank=1053); ARCHS4--Coexpression(rank=1109); Enrichr--Queries(rank=1224)","1307","0.48149999999999998","ReMap ChIP-seq,0.4815"
"ATF6","1.59221994164729952","1.931662806015858713","1.76194137383157923","1.76194137383157923","Activated","84","viper","84","1.76194137383157923",NA,NA,"3","GTEx--Coexpression(rank=254); Enrichr--Queries(rank=535); ARCHS4--Coexpression(rank=1088)","560","0.15809999999999999","GTEx Coexpression,0.1581"
"JUNB","1.41877809370658525","2.002185961829956895","1.71048202776827107","1.71048202776827107","Activated","85","viper","85","1.71048202776827107",NA,NA,"4","ReMap--ChIP-seq(rank=20); Enrichr--Queries(rank=25); ARCHS4--Coexpression(rank=29); GTEx--Coexpression(rank=301)","71","0.01781000000000000","Enrichr Queries,0.01781"
"KLF6","1.89956954821220636","1.472579729382929914","1.68607463879756825","1.68607463879756825","Activated","86","viper","86","1.68607463879756825",NA,NA,"4","Enrichr--Queries(rank=41); ReMap--ChIP-seq(rank=94); ARCHS4--Coexpression(rank=208); GTEx--Coexpression(rank=285)","117","0.02920000000000000","Enrichr Queries,0.0292"
"SMAD4","3.03854905165048939","0.328810589916454898","1.68367982078347223","1.68367982078347223","Activated","87","viper","87","1.68367982078347223",NA,NA,"5","Literature--ChIP-seq(rank=16); ReMap--ChIP-seq(rank=110); ARCHS4--Coexpression(rank=1043); GTEx--Coexpression(rank=1158); Enrichr--Queries(rank=1238)","361","0.09755999999999999","Literature ChIP-seq,0.09756"
"SNAI2","-2.12228734914256956","1.238176812228198420","-0.44205526845718557","1.68023208068538388","Repressed","88","viper","88","1.68023208068538388",NA,NA,"4","Enrichr--Queries(rank=84); ARCHS4--Coexpression(rank=108); ReMap--ChIP-seq(rank=132); GTEx--Coexpression(rank=341)","227","0.05983000000000000","Enrichr Queries,0.05983"
"E2F5","-2.07482950686622125","-1.265675757832855242","-1.67025263234953814","1.67025263234953814","Repressed","89","viper","89","1.67025263234953814",NA,NA,"4","ReMap--ChIP-seq(rank=157); Enrichr--Queries(rank=413); GTEx--Coexpression(rank=902); ARCHS4--Coexpression(rank=1448)","915","0.29420000000000002","Enrichr Queries,0.2942"
"CEBPG","1.80241094079697017","1.532013464448546802","1.66721220262275849","1.66721220262275849","Activated","90","viper","90","1.66721220262275849",NA,NA,"4","Enrichr--Queries(rank=22); ReMap--ChIP-seq(rank=27); ARCHS4--Coexpression(rank=105); GTEx--Coexpression(rank=822)","64","0.01567000000000000","Enrichr Queries,0.01567"
"ESR2","1.87900843177335997","1.428285225712979889","1.65364682874316982","1.65364682874316982","Activated","91","viper","91","1.65364682874316982",NA,NA,"5","Literature--ChIP-seq(rank=39); ReMap--ChIP-seq(rank=155); ARCHS4--Coexpression(rank=484); Enrichr--Queries(rank=939); GTEx--Coexpression(rank=1433)","788","0.23780000000000001","Literature ChIP-seq,0.2378"
"IKZF1","1.22308188963421416","2.079750225600358604","1.65141605761728627","1.65141605761728627","Activated","92","viper","92","1.65141605761728627",NA,NA,"6","ENCODE--ChIP-seq(rank=13); ReMap--ChIP-seq(rank=25); Literature--ChIP-seq(rank=113); ARCHS4--Coexpression(rank=127); GTEx--Coexpression(rank=475); Enrichr--Queries(rank=680)","292","0.07801000000000000","ARCHS4 Coexpression,0.07801"
"TEAD4","2.20149859645432944","-1.097525106719225096","0.55198674486755217","1.64951185158677727","Activated","93","viper","93","1.64951185158677727",NA,NA,"6","ENCODE--ChIP-seq(rank=29); ReMap--ChIP-seq(rank=96); Literature--ChIP-seq(rank=119); Enrichr--Queries(rank=340); GTEx--Coexpression(rank=439); ARCHS4--Coexpression(rank=864)","798","0.24220000000000000","Enrichr Queries,0.2422"
"POU4F2","2.11363369623667596","-1.175228890099024204","0.46920240306882588","1.64443129316784997","Activated","94","viper","94","1.64443129316784997",NA,NA,"4","ReMap--ChIP-seq(rank=281); ARCHS4--Coexpression(rank=795); Enrichr--Queries(rank=1017); GTEx--Coexpression(rank=1168)","1313","0.48830000000000001","ARCHS4 Coexpression,0.4883"
"IRF9","1.17765169429911354","2.042300200590011716","1.60997594744456274","1.60997594744456274","Activated","95","viper","95","1.60997594744456274",NA,NA,"4","ReMap--ChIP-seq(rank=6); Enrichr--Queries(rank=82); ARCHS4--Coexpression(rank=171); GTEx--Coexpression(rank=672)","79","0.02020000000000000","ReMap ChIP-seq,0.0202"
"MAF","2.83079481589929838","-0.376001977312189428","1.22739641929355447","1.60339839660574390","Activated","96","viper","96","1.60339839660574390",NA,NA,"4","GTEx--Coexpression(rank=48); Enrichr--Queries(rank=58); ARCHS4--Coexpression(rank=114); ReMap--ChIP-seq(rank=229)","119","0.02987000000000000","GTEx Coexpression,0.02987"
"GABPA","1.40465507688949254","1.798363290902838862","1.60150918389616570","1.60150918389616570","Activated","97","viper","97","1.60150918389616570",NA,NA,"6","ENCODE--ChIP-seq(rank=108); Literature--ChIP-seq(rank=111); ReMap--ChIP-seq(rank=275); Enrichr--Queries(rank=1086); ARCHS4--Coexpression(rank=1310); GTEx--Coexpression(rank=1603)","1516","0.67679999999999985","Literature ChIP-seq,0.6768"
"CTCFL","1.99734028058641688","-1.175826926635742176","0.41075667697533735","1.58658360361107942","Activated","98","viper","98","1.58658360361107942",NA,NA,"5","ENCODE--ChIP-seq(rank=115); ReMap--ChIP-seq(rank=184); Enrichr--Queries(rank=910); ARCHS4--Coexpression(rank=1325); GTEx--Coexpression(rank=1342)","1461","0.61950000000000016","ReMap ChIP-seq,0.6195"
"SMAD3","2.59509321030769557","0.563848615881690662","1.57947091309469312","1.57947091309469312","Activated","99","viper","99","1.57947091309469312",NA,NA,"5","Literature--ChIP-seq(rank=33); ReMap--ChIP-seq(rank=79); Enrichr--Queries(rank=263); ARCHS4--Coexpression(rank=592); GTEx--Coexpression(rank=910)","652","0.18729999999999999","Enrichr Queries,0.1873"
"LYL1","2.69061130147331440","-0.430119157306433519","1.13024607208344041","1.56036522938987399","Activated","100","viper","100","1.56036522938987399",NA,NA,"5","Literature--ChIP-seq(rank=36); ReMap--ChIP-seq(rank=95); ARCHS4--Coexpression(rank=330); GTEx--Coexpression(rank=457); Enrichr--Queries(rank=684)","694","0.20269999999999999","ARCHS4 Coexpression,0.2027"
"RARA","1.44079140861055754","1.669207590923007745","1.55499949976678264","1.55499949976678264","Activated","101","viper","101","1.55499949976678264",NA,NA,"5","Literature--ChIP-seq(rank=63); ARCHS4--Coexpression(rank=179); GTEx--Coexpression(rank=280); ReMap--ChIP-seq(rank=282); Enrichr--Queries(rank=349)","409","0.11000000000000000","ARCHS4 Coexpression,0.11"
"KLF4","2.37568099381418829","0.728666249955261969","1.55217362188472507","1.55217362188472507","Activated","102","viper","102","1.55217362188472507",NA,NA,"5","ARCHS4--Coexpression(rank=14); Enrichr--Queries(rank=18); Literature--ChIP-seq(rank=22); GTEx--Coexpression(rank=40); ReMap--ChIP-seq(rank=285)","36","0.00860000000000000","ARCHS4 Coexpression,0.0086"
"MAFB","2.77338914968814532","0.319909084258435339","1.54664911697329033","1.54664911697329033","Activated","103","viper","103","1.54664911697329033",NA,NA,"4","ARCHS4--Coexpression(rank=43); ReMap--ChIP-seq(rank=59); Enrichr--Queries(rank=70); GTEx--Coexpression(rank=113)","107","0.02641000000000000","ARCHS4 Coexpression,0.02641"
"BACH2","1.52804424125398408","1.553390020839162888","1.54071713104657348","1.54071713104657348","Activated","104","viper","104","1.54071713104657348",NA,NA,"4","ReMap--ChIP-seq(rank=68); GTEx--Coexpression(rank=469); Enrichr--Queries(rank=587); ARCHS4--Coexpression(rank=1111)","762","0.22900000000000001","ReMap ChIP-seq,0.229"
"YY1","-1.63740273868134656","-1.441192818591340741","-1.53929777863634376","1.53929777863634376","Repressed","105","viper","105","1.53929777863634376",NA,NA,"6","Literature--ChIP-seq(rank=72); ENCODE--ChIP-seq(rank=89); ReMap--ChIP-seq(rank=259); GTEx--Coexpression(rank=681); ARCHS4--Coexpression(rank=1273); Enrichr--Queries(rank=1332)","1196","0.42380000000000001","GTEx Coexpression,0.4238"
"RUNX1","2.06868419844515916","0.956716698151980904","1.51270044829856998","1.51270044829856998","Activated","106","viper","106","1.51270044829856998",NA,NA,"5","Literature--ChIP-seq(rank=27); ReMap--ChIP-seq(rank=150); ARCHS4--Coexpression(rank=369); Enrichr--Queries(rank=435); GTEx--Coexpression(rank=491)","585","0.16460000000000000","Literature ChIP-seq,0.1646"
"PAX6",NA,"1.511747266716258586","1.51174726671625859","1.51174726671625859","Activated","107","viper","107","1.51174726671625859",NA,NA,"5","ReMap--ChIP-seq(rank=17); Literature--ChIP-seq(rank=146); Enrichr--Queries(rank=736); ARCHS4--Coexpression(rank=828); GTEx--Coexpression(rank=1199)","219","0.05724000000000000","ReMap ChIP-seq,0.05724"
"ZKSCAN1","2.95868563170928756","0.054561735244660521","1.50662368347697395","1.50662368347697395","Activated","108","viper","108","1.50662368347697395",NA,NA,"5","ENCODE--ChIP-seq(rank=61); ReMap--ChIP-seq(rank=190); GTEx--Coexpression(rank=837); ARCHS4--Coexpression(rank=1136); Enrichr--Queries(rank=1308)","1344","0.51690000000000003","ENCODE ChIP-seq,0.5169"
"TEAD2","2.94946103515499258","-0.048852388651734614","1.45030432325162906","1.49915671190336353","Activated","109","viper","109","1.49915671190336353",NA,NA,"4","ReMap--ChIP-seq(rank=87); ARCHS4--Coexpression(rank=385); Enrichr--Queries(rank=451); GTEx--Coexpression(rank=480)","784","0.23649999999999999","ARCHS4 Coexpression,0.2365"
"HOXA9","1.61854597397380617","1.373864006755730616","1.49620499036476851","1.49620499036476851","Activated","110","viper","110","1.49620499036476851",NA,NA,"4","GTEx--Coexpression(rank=158); ReMap--ChIP-seq(rank=291); ARCHS4--Coexpression(rank=544); Enrichr--Queries(rank=556)","367","0.09832000000000000","GTEx Coexpression,0.09832"
"ZNF592","1.25097587943701738","1.729571665177144224","1.49027377230708069","1.49027377230708069","Activated","111","viper","111","1.49027377230708069",NA,NA,"4","ReMap--ChIP-seq(rank=200); GTEx--Coexpression(rank=395); ARCHS4--Coexpression(rank=829); Enrichr--Queries(rank=1318)","805","0.24579999999999999","GTEx Coexpression,0.2458"
"MEIS2","1.39873950182127338","-1.580395564025006028","-0.09082803110186632","1.48956753292313970","Repressed","112","viper","112","1.48956753292313970",NA,NA,"4","ReMap--ChIP-seq(rank=28); ARCHS4--Coexpression(rank=327); GTEx--Coexpression(rank=578); Enrichr--Queries(rank=937)","350","0.09428000000000000","ReMap ChIP-seq,0.09428"
"EPAS1","1.84482594541932121","1.131735365201394616","1.48828065531035802","1.48828065531035802","Activated","113","viper","113","1.48828065531035802",NA,NA,"4","Enrichr--Queries(rank=61); GTEx--Coexpression(rank=123); ARCHS4--Coexpression(rank=148); ReMap--ChIP-seq(rank=175)","171","0.04345000000000000","Enrichr Queries,0.04345"
"GFI1B","2.79124073347439206","-0.175293027930062378","1.30797385277216494","1.48326688070222712","Activated","114","viper","114","1.48326688070222712",NA,NA,"5","ReMap--ChIP-seq(rank=44); Literature--ChIP-seq(rank=128); Enrichr--Queries(rank=227); ARCHS4--Coexpression(rank=525); GTEx--Coexpression(rank=777)","528","0.14810000000000001","ReMap ChIP-seq,0.1481"
"TCF12","2.07046754012205358","0.894592927196102838","1.48253023365907821","1.48253023365907821","Activated","115","viper","115","1.48253023365907821",NA,NA,"5","ENCODE--ChIP-seq(rank=1); ReMap--ChIP-seq(rank=130); GTEx--Coexpression(rank=181); ARCHS4--Coexpression(rank=695); Enrichr--Queries(rank=1235)","34","0.00847500000000000","ENCODE ChIP-seq,0.008475"
"GATA4","1.49322881997085366","1.467144618002694356","1.48018671898677390","1.48018671898677390","Activated","116","viper","116","1.48018671898677390",NA,NA,"5","Literature--ChIP-seq(rank=145); ARCHS4--Coexpression(rank=232); ReMap--ChIP-seq(rank=255); Enrichr--Queries(rank=321); GTEx--Coexpression(rank=662)","512","0.14249999999999999","ARCHS4 Coexpression,0.1425"
"ZFX","-0.99395034451443276","1.946297719829846118","0.47617368765770668","1.47012403217213938","Activated","117","viper","117","1.47012403217213938",NA,NA,"5","Literature--ChIP-seq(rank=150); ReMap--ChIP-seq(rank=264); GTEx--Coexpression(rank=1067); Enrichr--Queries(rank=1244); ARCHS4--Coexpression(rank=1615)","1500","0.66400000000000003","GTEx Coexpression,0.664"
"PPARG","0.87590100838198348","2.044516784350655314","1.46020889636631934","1.46020889636631934","Activated","118","viper","118","1.46020889636631934",NA,NA,"5","Literature--ChIP-seq(rank=30); ReMap--ChIP-seq(rank=38); Enrichr--Queries(rank=52); GTEx--Coexpression(rank=72); ARCHS4--Coexpression(rank=247)","148","0.03704000000000000","Enrichr Queries,0.03704"
"EOMES","0.36440365372936018","-2.555618846335354188","-1.09560759630299698","1.46001125003235721","Repressed","119","viper","119","1.46001125003235721",NA,NA,"5","Literature--ChIP-seq(rank=83); ReMap--ChIP-seq(rank=112); Enrichr--Queries(rank=464); GTEx--Coexpression(rank=839); ARCHS4--Coexpression(rank=970)","1005","0.33050000000000002","Enrichr Queries,0.3305"
"RBPJ","1.85308949943551493","1.051098242985723852","1.45209387121061928","1.45209387121061928","Activated","120","viper","120","1.45209387121061928",NA,NA,"5","ReMap--ChIP-seq(rank=101); Literature--ChIP-seq(rank=134); ARCHS4--Coexpression(rank=538); GTEx--Coexpression(rank=597); Enrichr--Queries(rank=649)","1004","0.33050000000000002","ARCHS4 Coexpression,0.3305"
"HBP1","-1.00329721387132054","-1.889795285541058911","-1.44654624970618961","1.44654624970618961","Repressed","121","viper","121","1.44654624970618961",NA,NA,"4","ReMap--ChIP-seq(rank=9); Enrichr--Queries(rank=190); ARCHS4--Coexpression(rank=374); GTEx--Coexpression(rank=1190)","121","0.03030000000000000","ReMap ChIP-seq,0.0303"
"NCOA1","1.39067625448923726","1.494268836736341255","1.44247254561278915","1.44247254561278915","Activated","122","viper","122","1.44247254561278915",NA,NA,"4","ReMap--ChIP-seq(rank=37); ARCHS4--Coexpression(rank=1076); GTEx--Coexpression(rank=1304); Enrichr--Queries(rank=1328)","460","0.12460000000000000","ReMap ChIP-seq,0.1246"
"ARID2","-0.82723994904323139","2.053537619510084511","0.61314883523342656","1.44038878427665784","Activated","123","viper","123","1.44038878427665784",NA,NA,"4","ReMap--ChIP-seq(rank=99); ARCHS4--Coexpression(rank=483); Enrichr--Queries(rank=1116); GTEx--Coexpression(rank=1425)","922","0.29670000000000002","ARCHS4 Coexpression,0.2967"
"KLF13","-2.27491144305971327","0.585175980445374555","-0.84486773130716930","1.43004371175254397","Repressed","124","viper","124","1.43004371175254397",NA,NA,"4","ReMap--ChIP-seq(rank=18); Enrichr--Queries(rank=286); ARCHS4--Coexpression(rank=606); GTEx--Coexpression(rank=1072)","230","0.06061000000000000","ReMap ChIP-seq,0.06061"
"CEBPB","1.26665035230685219","1.591657965619921900","1.42915415896338693","1.42915415896338693","Activated","125","viper","125","1.42915415896338693",NA,NA,"6","ENCODE--ChIP-seq(rank=4); Enrichr--Queries(rank=14); Literature--ChIP-seq(rank=107); ReMap--ChIP-seq(rank=129); ARCHS4--Coexpression(rank=442); GTEx--Coexpression(rank=509)","43","0.00997200000000000","Enrichr Queries,0.009972"
"NR4A1","2.65559072232180915","-0.164937901338121473","1.24532641049184378","1.41026431182996537","Activated","126","viper","126","1.41026431182996537",NA,NA,"4","GTEx--Coexpression(rank=3); ARCHS4--Coexpression(rank=10); Enrichr--Queries(rank=17); ReMap--ChIP-seq(rank=55)","7","0.00186700000000000","GTEx Coexpression,0.001867"
"CREM","1.19770230644635145","1.593284598247522554","1.39549345234693689","1.39549345234693689","Activated","127","viper","127","1.39549345234693689",NA,NA,"5","ARCHS4--Coexpression(rank=46); Enrichr--Queries(rank=125); Literature--ChIP-seq(rank=147); ReMap--ChIP-seq(rank=176); GTEx--Coexpression(rank=1458)","113","0.02826000000000000","ARCHS4 Coexpression,0.02826"
"BHLHE40","-2.46684614249642964","0.312287358530933146","-1.07727939198274836","1.38956675051368128","Repressed","128","viper","128","1.38956675051368128",NA,NA,"4","GTEx--Coexpression(rank=22); ENCODE--ChIP-seq(rank=24); ReMap--ChIP-seq(rank=106); ARCHS4--Coexpression(rank=194)","59","0.01369000000000000","GTEx Coexpression,0.01369"
"MYB","-2.69614963389367279","0.075161443138516679","-1.31049409537757811","1.38565553851609469","Repressed","129","viper","129","1.38565553851609469",NA,NA,"6","ReMap--ChIP-seq(rank=47); ENCODE--ChIP-seq(rank=54); Literature--ChIP-seq(rank=138); Enrichr--Queries(rank=792); GTEx--Coexpression(rank=826); ARCHS4--Coexpression(rank=1058)","561","0.15820000000000001","ReMap ChIP-seq,0.1582"
"TBX21","1.69100680335116960","-1.021067249342959560","0.33496977700410502","1.35603702634706469","Activated","130","viper","130","1.35603702634706469",NA,NA,"4","ReMap--ChIP-seq(rank=189); ARCHS4--Coexpression(rank=307); Enrichr--Queries(rank=859); GTEx--Coexpression(rank=1107)","656","0.18859999999999999","ARCHS4 Coexpression,0.1886"
"THAP11","2.45985357764042645","-0.241796199484710900","1.10902868907785779","1.35082488856256866","Activated","131","viper","131","1.35082488856256866",NA,NA,"5","Literature--ChIP-seq(rank=153); ReMap--ChIP-seq(rank=235); ARCHS4--Coexpression(rank=582); GTEx--Coexpression(rank=1221); Enrichr--Queries(rank=1251)","1063","0.35749999999999998","ARCHS4 Coexpression,0.3575"
"ZNF143","1.82014491726359640","-0.868310471496203551","0.47591722288369642","1.34422769437989986","Activated","132","viper","132","1.34422769437989986",NA,NA,"5","ENCODE--ChIP-seq(rank=85); GTEx--Coexpression(rank=154); Enrichr--Queries(rank=183); ReMap--ChIP-seq(rank=194); ARCHS4--Coexpression(rank=1540)","355","0.09583000000000001","GTEx Coexpression,0.09583"
"PAX5","1.63439512608116355","-1.023633628637053539","0.30538074872205501","1.32901437735910855","Activated","133","viper","133","1.32901437735910855",NA,NA,"5","ENCODE--ChIP-seq(rank=36); ReMap--ChIP-seq(rank=198); ARCHS4--Coexpression(rank=409); Enrichr--Queries(rank=635); GTEx--Coexpression(rank=832)","818","0.25119999999999998","ARCHS4 Coexpression,0.2512"
"FOXK2","0.87508181224041315","1.777895895236714985","1.32648885373856418","1.32648885373856418","Activated","134","viper","134","1.32648885373856418",NA,NA,"4","ReMap--ChIP-seq(rank=53); Enrichr--Queries(rank=1134); GTEx--Coexpression(rank=1229); ARCHS4--Coexpression(rank=1250)","624","0.17849999999999999","ReMap ChIP-seq,0.1785"
"MYOD1","2.23208359360768327","-0.411504833133507109","0.91028938023708805","1.32179421337059511","Activated","135","viper","135","1.32179421337059511",NA,NA,"5","ENCODE--ChIP-seq(rank=26); ARCHS4--Coexpression(rank=71); ReMap--ChIP-seq(rank=125); GTEx--Coexpression(rank=413); Enrichr--Queries(rank=1028)","172","0.04361000000000000","ARCHS4 Coexpression,0.04361"
"ELF3","1.31956323627733974","-1.321746706573238894","-0.00109173514794958","1.32065497142528931","Repressed","136","viper","136","1.32065497142528931",NA,NA,"4","ARCHS4--Coexpression(rank=17); GTEx--Coexpression(rank=17); Enrichr--Queries(rank=50); ReMap--ChIP-seq(rank=178)","45","0.01044000000000000","ARCHS4 Coexpression,0.01044"
"PGR","-1.41999471873252459","1.215390270847634513","-0.10230222394244504","1.31769249479007966","Repressed","137","viper","137","1.31769249479007966",NA,NA,"4","GTEx--Coexpression(rank=202); ReMap--ChIP-seq(rank=219); ARCHS4--Coexpression(rank=272); Enrichr--Queries(rank=916)","465","0.12570000000000001","GTEx Coexpression,0.1257"
"ETV1","2.26541858862429279","-0.363294497571122588","0.95106204552658513","1.31435654309770777","Activated","138","viper","138","1.31435654309770777",NA,NA,"4","ReMap--ChIP-seq(rank=195); ARCHS4--Coexpression(rank=530); Enrichr--Queries(rank=640); GTEx--Coexpression(rank=914)","992","0.32560000000000000","ARCHS4 Coexpression,0.3256"
"EHF","2.21594310394510963","0.399339513694166259","1.30764130881963792","1.30764130881963792","Activated","139","viper","139","1.30764130881963792",NA,NA,"4","ARCHS4--Coexpression(rank=4); GTEx--Coexpression(rank=21); Enrichr--Queries(rank=31); ReMap--ChIP-seq(rank=234)","9","0.00245700000000000","ARCHS4 Coexpression,0.002457"
"PKNOX1","1.15725718132214372","-1.450340243585992006","-0.14654153113192414","1.30379871245406775","Repressed","140","viper","140","1.30379871245406775",NA,NA,"4","ReMap--ChIP-seq(rank=32); Enrichr--Queries(rank=812); GTEx--Coexpression(rank=875); ARCHS4--Coexpression(rank=1019)","402","0.10770000000000000","ReMap ChIP-seq,0.1077"
"NRF1","1.30447503780426710","1.255691629345435656","1.28008333357485138","1.28008333357485138","Activated","141","viper","141","1.28008333357485138",NA,NA,"5","ENCODE--ChIP-seq(rank=91); GTEx--Coexpression(rank=173); ReMap--ChIP-seq(rank=283); ARCHS4--Coexpression(rank=285); Enrichr--Queries(rank=1052)","401","0.10770000000000000","GTEx Coexpression,0.1077"
"REST","-1.27962184538582724",NA,"-1.27962184538582724","1.27962184538582724","Repressed","142","viper","142","1.27962184538582724",NA,NA,"6","ENCODE--ChIP-seq(rank=21); ReMap--ChIP-seq(rank=58); Literature--ChIP-seq(rank=94); ARCHS4--Coexpression(rank=473); GTEx--Coexpression(rank=841); Enrichr--Queries(rank=935)","621","0.17799999999999999","ENCODE ChIP-seq,0.178"
"ETS1","1.28908232983009019","1.267926256855208988","1.27850429334264959","1.27850429334264959","Activated","143","viper","143","1.27850429334264959",NA,NA,"6","ENCODE--ChIP-seq(rank=31); Literature--ChIP-seq(rank=155); ReMap--ChIP-seq(rank=188); Enrichr--Queries(rank=272); ARCHS4--Coexpression(rank=324); GTEx--Coexpression(rank=358)","670","0.19370000000000001","Enrichr Queries,0.1937"
"TBP","0.99320973965599157","1.530459339817537456","1.26183453973676452","1.26183453973676452","Activated","144","viper","144","1.26183453973676452",NA,NA,"5","ENCODE--ChIP-seq(rank=68); Literature--ChIP-seq(rank=108); ReMap--ChIP-seq(rank=226); GTEx--Coexpression(rank=1152); ARCHS4--Coexpression(rank=1513)","1408","0.57630000000000003","ENCODE ChIP-seq,0.5763"
"EBF1","2.37533069040794187","-0.125507773143876233","1.12491145863203279","1.25041923177590908","Activated","145","viper","145","1.25041923177590908",NA,NA,"5","GTEx--Coexpression(rank=8); ENCODE--ChIP-seq(rank=111); ReMap--ChIP-seq(rank=147); ARCHS4--Coexpression(rank=165); Enrichr--Queries(rank=904)","19","0.00497800000000000","GTEx Coexpression,0.004978"
"SOX9","1.38638461051669282","1.112664387834191082","1.24952449917544195","1.24952449917544195","Activated","146","viper","146","1.24952449917544195",NA,NA,"5","Literature--ChIP-seq(rank=69); ReMap--ChIP-seq(rank=72); Enrichr--Queries(rank=103); ARCHS4--Coexpression(rank=322); GTEx--Coexpression(rank=1515)","276","0.07335999999999999","Enrichr Queries,0.07336"
"ZNF274","0.29975174013634198","-2.195794741647391746","-0.94802150075552483","1.24777324089186692","Repressed","147","viper","147","1.24777324089186692",NA,NA,"6","Enrichr--Queries(rank=33); ENCODE--ChIP-seq(rank=81); ARCHS4--Coexpression(rank=90); Literature--ChIP-seq(rank=136); ReMap--ChIP-seq(rank=242); GTEx--Coexpression(rank=1232)","93","0.02350000000000000","Enrichr Queries,0.0235"
"MEIS1","1.74952111218624795","-0.740603083586082511","0.50445901430008266","1.24506209788616529","Activated","148","viper","148","1.24506209788616529",NA,NA,"5","Literature--ChIP-seq(rank=82); ReMap--ChIP-seq(rank=254); GTEx--Coexpression(rank=459); Enrichr--Queries(rank=555); ARCHS4--Coexpression(rank=714)","900","0.28560000000000002","GTEx Coexpression,0.2856"
"IRF1","1.14744544563597817","1.312225743124057376","1.22983559438001766","1.22983559438001766","Activated","149","viper","149","1.22983559438001766",NA,NA,"6","Literature--ChIP-seq(rank=8); ReMap--ChIP-seq(rank=74); ARCHS4--Coexpression(rank=84); ENCODE--ChIP-seq(rank=97); Enrichr--Queries(rank=402); GTEx--Coexpression(rank=489)","190","0.04878000000000000","Literature ChIP-seq,0.04878"
"ZNF24","-0.22684996589893563","-2.226291450973972186","-1.22657070843645388","1.22657070843645388","Repressed","150","viper","150","1.22657070843645388",NA,NA,"4","ReMap--ChIP-seq(rank=19); GTEx--Coexpression(rank=555); Enrichr--Queries(rank=1304); ARCHS4--Coexpression(rank=1452)","244","0.06397000000000000","ReMap ChIP-seq,0.06397"
"OTX2","0.94984116347194525","1.474391045852182724","1.21211610466206388","1.21211610466206388","Activated","151","viper","151","1.21211610466206388",NA,NA,"4","ReMap--ChIP-seq(rank=239); Enrichr--Queries(rank=1013); GTEx--Coexpression(rank=1194); ARCHS4--Coexpression(rank=1471)","1555","0.72150000000000003","Enrichr Queries,0.7215"
"MYBL2","-2.22244154525245330","-0.189411049240686968","-1.20592629724657008","1.20592629724657008","Repressed","152","viper","152","1.20592629724657008",NA,NA,"6","Literature--ChIP-seq(rank=56); ENCODE--ChIP-seq(rank=80); GTEx--Coexpression(rank=116); ReMap--ChIP-seq(rank=271); Enrichr--Queries(rank=830); ARCHS4--Coexpression(rank=987)","272","0.07217999999999999","GTEx Coexpression,0.07218"
"HNF4A","-0.07116503597344474","-2.337699699774130391","-1.20443236787378760","1.20443236787378760","Repressed","153","viper","153","1.20443236787378760",NA,NA,"6","ENCODE--ChIP-seq(rank=27); Literature--ChIP-seq(rank=102); ReMap--ChIP-seq(rank=103); GTEx--Coexpression(rank=124); ARCHS4--Coexpression(rank=405); Enrichr--Queries(rank=457)","287","0.07716000000000001","GTEx Coexpression,0.07716"
"ARNT","1.70724026021838249","-0.661199515603735133","0.52302037230732368","1.18421988791105881","Activated","154","viper","154","1.18421988791105881",NA,NA,"5","Literature--ChIP-seq(rank=90); ReMap--ChIP-seq(rank=268); GTEx--Coexpression(rank=1044); ARCHS4--Coexpression(rank=1056); Enrichr--Queries(rank=1062)","1380","0.54879999999999995","Literature ChIP-seq,0.5488"
"FOXP1","-1.49291057597364585","0.867177890051292977","-0.31286634296117644","1.18004423301246941","Repressed","155","viper","155","1.18004423301246941",NA,NA,"5","Literature--ChIP-seq(rank=29); ReMap--ChIP-seq(rank=216); GTEx--Coexpression(rank=447); Enrichr--Queries(rank=1093); ARCHS4--Coexpression(rank=1372)","617","0.17680000000000001","Literature ChIP-seq,0.1768"
"NFE2","2.07638917331544670","-0.283067623145466130","0.89666077508499031","1.17972839823045650","Activated","156","viper","156","1.17972839823045650",NA,NA,"5","ENCODE--ChIP-seq(rank=28); ReMap--ChIP-seq(rank=51); Enrichr--Queries(rank=116); GTEx--Coexpression(rank=140); ARCHS4--Coexpression(rank=856)","310","0.08262000000000000","Enrichr Queries,0.08262"
"CEBPA","-1.39898264179101250","0.959288374662367049","-0.21984713356432273","1.17913550822668967","Repressed","157","viper","157","1.17913550822668967",NA,NA,"5","ReMap--ChIP-seq(rank=39); ARCHS4--Coexpression(rank=64); Literature--ChIP-seq(rank=77); Enrichr--Queries(rank=107); GTEx--Coexpression(rank=293)","155","0.03931000000000000","ARCHS4 Coexpression,0.03931"
"AHR","1.56977611742686851","0.771249622124562273","1.17051286977571545","1.17051286977571545","Activated","158","viper","158","1.17051286977571545",NA,NA,"5","ARCHS4--Coexpression(rank=89); Literature--ChIP-seq(rank=100); Enrichr--Queries(rank=104); ReMap--ChIP-seq(rank=256); GTEx--Coexpression(rank=508)","210","0.05467000000000000","ARCHS4 Coexpression,0.05467"
"ATF3","-1.74805428991407741","-0.575689386153159899","-1.16187183803361860","1.16187183803361860","Repressed","159","viper","159","1.16187183803361860",NA,NA,"6","ARCHS4--Coexpression(rank=1); Enrichr--Queries(rank=1); GTEx--Coexpression(rank=5); Literature--ChIP-seq(rank=5); ENCODE--ChIP-seq(rank=48); ReMap--ChIP-seq(rank=48)","1","0.00061430000000000","ARCHS4 Coexpression,6.143E-4"
"PROX1","1.43863768634755140","-0.880054161675270286","0.27929176233614056","1.15934592401141079","Activated","160","viper","160","1.15934592401141079",NA,NA,"4","ReMap--ChIP-seq(rank=36); GTEx--Coexpression(rank=277); ARCHS4--Coexpression(rank=785); Enrichr--Queries(rank=921)","446","0.12120000000000000","ReMap ChIP-seq,0.1212"
"TCF4","1.39809474929839750","-0.888080488354376363","0.25500713047201057","1.14308761882638699","Activated","161","viper","161","1.14308761882638699",NA,NA,"5","Literature--ChIP-seq(rank=68); ReMap--ChIP-seq(rank=158); GTEx--Coexpression(rank=229); ARCHS4--Coexpression(rank=280); Enrichr--Queries(rank=619)","511","0.14249999999999999","GTEx Coexpression,0.1425"
"NFYB","-1.32642440859613386","0.956389433388756371","-0.18501748760368875","1.14140692099244512","Repressed","162","viper","162","1.14140692099244512",NA,NA,"5","ENCODE--ChIP-seq(rank=76); ReMap--ChIP-seq(rank=146); GTEx--Coexpression(rank=327); ARCHS4--Coexpression(rank=696); Enrichr--Queries(rank=815)","698","0.20349999999999999","GTEx Coexpression,0.2035"
"SP1","1.17097799248005141","1.094979434698938769","1.13297871358949509","1.13297871358949509","Activated","163","viper","163","1.13297871358949509",NA,NA,"5","ENCODE--ChIP-seq(rank=50); ReMap--ChIP-seq(rank=227); GTEx--Coexpression(rank=1029); Enrichr--Queries(rank=1098); ARCHS4--Coexpression(rank=1153)","1195","0.42370000000000002","ENCODE ChIP-seq,0.4237"
"MITF","0.44750407146560289","1.810631076242819271","1.12906757385421108","1.12906757385421108","Activated","164","viper","164","1.12906757385421108",NA,NA,"5","Literature--ChIP-seq(rank=60); ARCHS4--Coexpression(rank=129); ReMap--ChIP-seq(rank=131); Enrichr--Queries(rank=169); GTEx--Coexpression(rank=817)","297","0.07924000000000000","ARCHS4 Coexpression,0.07924"
"PBX2","1.87776342104524163","0.357363331898967129","1.11756337647210446","1.11756337647210446","Activated","165","viper","165","1.11756337647210446",NA,NA,"4","ReMap--ChIP-seq(rank=10); GTEx--Coexpression(rank=615); Enrichr--Queries(rank=822); ARCHS4--Coexpression(rank=884)","138","0.03367000000000000","ReMap ChIP-seq,0.03367"
"ELK1","2.01790542944289042","0.215246238200963447","1.11657583382192693","1.11657583382192693","Activated","166","viper","166","1.11657583382192693",NA,NA,"5","Literature--ChIP-seq(rank=55); ENCODE--ChIP-seq(rank=94); ReMap--ChIP-seq(rank=228); GTEx--Coexpression(rank=989); ARCHS4--Coexpression(rank=1492)","1014","0.33539999999999992","Literature ChIP-seq,0.3354"
"MBD1","-0.98770147635851469","1.224129175832511240","0.11821384973699828","1.10591532609551302","Activated","167","viper","167","1.10591532609551302",NA,NA,"3","Enrichr--Queries(rank=489); ARCHS4--Coexpression(rank=642); GTEx--Coexpression(rank=909)","1042","0.34830000000000000","Enrichr Queries,0.3483"
"NR1H3","1.90746772477969206","-0.296160202642887227","0.80565376106840247","1.10181396371128959","Activated","168","viper","168","1.10181396371128959",NA,NA,"5","ARCHS4--Coexpression(rank=7); Literature--ChIP-seq(rank=17); Enrichr--Queries(rank=77); GTEx--Coexpression(rank=80); ReMap--ChIP-seq(rank=208)","16","0.00430000000000000","ARCHS4 Coexpression,0.0043"
"E2F7","-0.72614997984539620","1.465551069361525238","0.36970054475806452","1.09585052460346066","Activated","169","viper","169","1.09585052460346066",NA,NA,"5","ReMap--ChIP-seq(rank=34); GTEx--Coexpression(rank=39); ARCHS4--Coexpression(rank=141); Literature--ChIP-seq(rank=160); Enrichr--Queries(rank=459)","97","0.02427000000000000","GTEx Coexpression,0.02427"
"USF2","1.64896257556984871","0.535699349096738997","1.09233096233329396","1.09233096233329396","Activated","170","viper","170","1.09233096233329396",NA,NA,"5","ENCODE--ChIP-seq(rank=47); ReMap--ChIP-seq(rank=54); Enrichr--Queries(rank=946); ARCHS4--Coexpression(rank=1376); GTEx--Coexpression(rank=1597)","639","0.18179999999999999","ReMap ChIP-seq,0.1818"
"IRF2","0.38678052593209133","1.760096214430392214","1.07343837018124177","1.07343837018124177","Activated","171","viper","171","1.07343837018124177",NA,NA,"4","ReMap--ChIP-seq(rank=78); ARCHS4--Coexpression(rank=217); GTEx--Coexpression(rank=314); Enrichr--Queries(rank=663)","484","0.13330000000000000","ARCHS4 Coexpression,0.1333"
"ZNF740","1.74655984821928123","-0.379058158136071022","0.68375084504160510","1.06280900317767601","Activated","172","viper","172","1.06280900317767601",NA,NA,"4","ReMap--ChIP-seq(rank=161); ARCHS4--Coexpression(rank=730); Enrichr--Queries(rank=1223); GTEx--Coexpression(rank=1526)","1249","0.44840000000000002","ARCHS4 Coexpression,0.4484"
"KDM5B","1.76774600940452742","0.350197658679647861","1.05897183404208772","1.05897183404208772","Activated","173","viper","173","1.05897183404208772",NA,NA,"5","ENCODE--ChIP-seq(rank=100); Literature--ChIP-seq(rank=116); ReMap--ChIP-seq(rank=148); GTEx--Coexpression(rank=728); ARCHS4--Coexpression(rank=981)","1257","0.45300000000000001","GTEx Coexpression,0.453"
"SOX11","1.76018632349766402","0.345617053851314748","1.05290168867448930","1.05290168867448930","Activated","174","viper","174","1.05290168867448930",NA,NA,"5","ReMap--ChIP-seq(rank=93); ARCHS4--Coexpression(rank=131); Literature--ChIP-seq(rank=143); Enrichr--Queries(rank=928); GTEx--Coexpression(rank=1587)","302","0.08047000000000000","ARCHS4 Coexpression,0.08047"
"SIX2","1.93772387189006556","0.160147544778334205","1.04893570833419991","1.04893570833419991","Activated","175","viper","175","1.04893570833419991",NA,NA,"4","ReMap--ChIP-seq(rank=214); GTEx--Coexpression(rank=384); Enrichr--Queries(rank=447); ARCHS4--Coexpression(rank=640)","791","0.23899999999999999","GTEx Coexpression,0.239"
"ETS2","-1.23408822715548872","0.833256074860261098","-0.20041607614761381","1.03367215100787480","Repressed","176","viper","176","1.03367215100787480",NA,NA,"4","ARCHS4--Coexpression(rank=8); Enrichr--Queries(rank=24); GTEx--Coexpression(rank=61); Literature--ChIP-seq(rank=123)","18","0.00491400000000000","ARCHS4 Coexpression,0.004914"
"TCF3","-0.07427857045371701","-1.984284676212543896","-1.02928162333313056","1.02928162333313056","Repressed","177","viper","177","1.02928162333313056",NA,NA,"6","ENCODE--ChIP-seq(rank=22); Literature--ChIP-seq(rank=25); ReMap--ChIP-seq(rank=166); GTEx--Coexpression(rank=846); ARCHS4--Coexpression(rank=923); Enrichr--Queries(rank=1196)","540","0.15240000000000001","Literature ChIP-seq,0.1524"
"CDX2","1.57932482494907522","-0.457367715023146437","0.56097855496296445","1.01834626998611077","Activated","178","viper","178","1.01834626998611077",NA,NA,"5","ReMap--ChIP-seq(rank=80); Literature--ChIP-seq(rank=104); ARCHS4--Coexpression(rank=198); GTEx--Coexpression(rank=436); Enrichr--Queries(rank=1021)","447","0.12160000000000000","ARCHS4 Coexpression,0.1216"
"FOXO4","1.39087543786717149","0.607708376816248785","0.99929190734171014","0.99929190734171014","Activated","179","viper","179","0.99929190734171014",NA,NA,"3","Enrichr--Queries(rank=262); GTEx--Coexpression(rank=558); ARCHS4--Coexpression(rank=716)","649","0.18659999999999999","Enrichr Queries,0.1866"
"RFX2","1.61016798693557317","-0.385291964978239532","0.61243801097866679","0.99772997595690638","Activated","180","viper","180","0.99772997595690638",NA,NA,"4","ReMap--ChIP-seq(rank=236); Enrichr--Queries(rank=277); ARCHS4--Coexpression(rank=362); GTEx--Coexpression(rank=1441)","682","0.19730000000000000","Enrichr Queries,0.1973"
"POU5F1","1.67367422142558042","0.297488937428712241","0.98558157942714630","0.98558157942714630","Activated","181","viper","181","0.98558157942714630",NA,NA,"5","Literature--ChIP-seq(rank=18); ReMap--ChIP-seq(rank=233); Enrichr--Queries(rank=474); ARCHS4--Coexpression(rank=915); GTEx--Coexpression(rank=1246)","408","0.10979999999999999","Literature ChIP-seq,0.1098"
"RUNX3","-0.43618895292463361","-1.409810308265597723","-0.92299963059511569","0.92299963059511569","Repressed","182","viper","182","0.92299963059511569",NA,NA,"5","ENCODE--ChIP-seq(rank=90); ReMap--ChIP-seq(rank=170); ARCHS4--Coexpression(rank=431); Enrichr--Queries(rank=686); GTEx--Coexpression(rank=848)","849","0.26469999999999999","ARCHS4 Coexpression,0.2647"
"HHEX","-1.45191948077071298","0.391413626864313469","-0.53025292695319970","0.92166655381751328","Repressed","183","viper","183","0.92166655381751328",NA,NA,"4","ReMap--ChIP-seq(rank=21); Enrichr--Queries(rank=148); ARCHS4--Coexpression(rank=639); GTEx--Coexpression(rank=732)","266","0.07071000000000000","ReMap ChIP-seq,0.07071"
"BCL11A","0.39683289239071695","-1.437106801371878184","-0.52013695449058062","0.91696984688129757","Repressed","184","viper","184","0.91696984688129757",NA,NA,"5","ENCODE--ChIP-seq(rank=11); GTEx--Coexpression(rank=126); ReMap--ChIP-seq(rank=138); ARCHS4--Coexpression(rank=302); Enrichr--Queries(rank=469)","293","0.07840999999999999","GTEx Coexpression,0.07841"
"VDR","0.67483102793208460","1.152093783513178815","0.91346240572263171","0.91346240572263171","Activated","185","viper","185","0.91346240572263171",NA,NA,"5","Literature--ChIP-seq(rank=15); ReMap--ChIP-seq(rank=60); Enrichr--Queries(rank=74); GTEx--Coexpression(rank=141); ARCHS4--Coexpression(rank=195)","201","0.05271000000000000","Enrichr Queries,0.05271"
"HMBOX1","-0.47475220170168858","-1.325848971896662620","-0.90030058679917557","0.90030058679917557","Repressed","186","viper","186","0.90030058679917557",NA,NA,"4","ReMap--ChIP-seq(rank=65); ARCHS4--Coexpression(rank=303); GTEx--Coexpression(rank=392); Enrichr--Queries(rank=1204)","648","0.18609999999999999","ARCHS4 Coexpression,0.1861"
"SPI1","1.02996091240749754","0.718622150802322279","0.87429153160490991","0.87429153160490991","Activated","187","viper","187","0.87429153160490991",NA,NA,"6","Literature--ChIP-seq(rank=12); ENCODE--ChIP-seq(rank=14); ReMap--ChIP-seq(rank=41); GTEx--Coexpression(rank=106); ARCHS4--Coexpression(rank=190); Enrichr--Queries(rank=531)","249","0.06596000000000000","GTEx Coexpression,0.06596"
"NFIC","-1.27610465091339065","-0.467815629607849948","-0.87196014026062030","0.87196014026062030","Repressed","188","viper","188","0.87196014026062030",NA,NA,"5","ENCODE--ChIP-seq(rank=6); ReMap--ChIP-seq(rank=89); ARCHS4--Coexpression(rank=490); GTEx--Coexpression(rank=644); Enrichr--Queries(rank=1178)","195","0.05085000000000000","ENCODE ChIP-seq,0.05085"
"ONECUT1","0.36878778509086030","-1.366126796914000963","-0.49866950591157033","0.86745729100243063","Repressed","189","viper","189","0.86745729100243063",NA,NA,"4","ReMap--ChIP-seq(rank=224); Enrichr--Queries(rank=559); GTEx--Coexpression(rank=833); ARCHS4--Coexpression(rank=914)","1146","0.39810000000000001","Enrichr Queries,0.3981"
"FOXJ2","0.65498607157034761","1.072116028396645548","0.86355104998349663","0.86355104998349663","Activated","190","viper","190","0.86355104998349663",NA,NA,"4","ReMap--ChIP-seq(rank=109); Enrichr--Queries(rank=522); GTEx--Coexpression(rank=1133); ARCHS4--Coexpression(rank=1461)","1084","0.36699999999999999","ReMap ChIP-seq,0.367"
"PDX1","1.23856072260938088","0.482290527536777203","0.86042562507307907","0.86042562507307907","Activated","191","viper","191","0.86042562507307907",NA,NA,"5","Literature--ChIP-seq(rank=115); ReMap--ChIP-seq(rank=230); ARCHS4--Coexpression(rank=353); GTEx--Coexpression(rank=472); Enrichr--Queries(rank=1005)","735","0.21679999999999999","ARCHS4 Coexpression,0.2168"
"NR2F6","0.47037744707221529","1.203891667233516705","0.83713455715286600","0.83713455715286600","Activated","192","viper","192","0.83713455715286600",NA,NA,"4","ReMap--ChIP-seq(rank=52); Enrichr--Queries(rank=350); GTEx--Coexpression(rank=493); ARCHS4--Coexpression(rank=932)","614","0.17510000000000001","ReMap ChIP-seq,0.1751"
"EGR1","1.48514528213304731","0.187434118533837429","0.83628970033344241","0.83628970033344241","Activated","193","viper","193","0.83628970033344241",NA,NA,"6","Enrichr--Queries(rank=7); Literature--ChIP-seq(rank=19); ENCODE--ChIP-seq(rank=62); ARCHS4--Coexpression(rank=65); GTEx--Coexpression(rank=70); ReMap--ChIP-seq(rank=113)","20","0.00498600000000000","Enrichr Queries,0.004986"
"SP2","0.50216230632331904","1.169791013391144219","0.83597665985723157","0.83597665985723157","Activated","194","viper","194","0.83597665985723157",NA,NA,"5","ENCODE--ChIP-seq(rank=109); ReMap--ChIP-seq(rank=215); GTEx--Coexpression(rank=736); Enrichr--Queries(rank=791); ARCHS4--Coexpression(rank=907)","1266","0.45800000000000002","GTEx Coexpression,0.458"
"CREB3L1","1.08199828752536087","0.585867061993677329","0.83393267475951904","0.83393267475951904","Activated","195","viper","195","0.83393267475951904",NA,NA,"4","ReMap--ChIP-seq(rank=67); Enrichr--Queries(rank=122); ARCHS4--Coexpression(rank=231); GTEx--Coexpression(rank=617)","326","0.08689000000000000","Enrichr Queries,0.08689"
"TWIST1","0.57665510741023707","1.058318459747541684","0.81748678357888938","0.81748678357888938","Activated","196","viper","196","0.81748678357888938",NA,NA,"4","ARCHS4--Coexpression(rank=57); ReMap--ChIP-seq(rank=85); GTEx--Coexpression(rank=186); Enrichr--Queries(rank=471)","143","0.03501000000000000","ARCHS4 Coexpression,0.03501"
"SRF","-1.00575228108274928","-0.601530815516757911","-0.80364154829975365","0.80364154829975365","Repressed","197","viper","197","0.80364154829975365",NA,NA,"6","ENCODE--ChIP-seq(rank=58); Literature--ChIP-seq(rank=109); ReMap--ChIP-seq(rank=212); GTEx--Coexpression(rank=344); Enrichr--Queries(rank=632); ARCHS4--Coexpression(rank=1190)","726","0.21410000000000001","GTEx Coexpression,0.2141"
"NCOA3","0.25280097633422238","1.351603167894926294","0.80220207211457439","0.80220207211457439","Activated","198","viper","198","0.80220207211457439",NA,NA,"4","ReMap--ChIP-seq(rank=249); ARCHS4--Coexpression(rank=709); Enrichr--Queries(rank=738); GTEx--Coexpression(rank=903)","1220","0.43550000000000000","ARCHS4 Coexpression,0.4355"
"STAT4","0.84197178131749806","0.708748330492865675","0.77536005590518187","0.77536005590518187","Activated","199","viper","199","0.77536005590518187",NA,NA,"4","Literature--ChIP-seq(rank=62); Enrichr--Queries(rank=366); ARCHS4--Coexpression(rank=986); GTEx--Coexpression(rank=1121)","839","0.26069999999999999","Enrichr Queries,0.2607"
"STAT6","1.19646215234514131","0.342154961857002948","0.76930855710107215","0.76930855710107215","Activated","200","viper","200","0.76930855710107215",NA,NA,"4","Literature--ChIP-seq(rank=53); Enrichr--Queries(rank=500); ARCHS4--Coexpression(rank=797); GTEx--Coexpression(rank=986)","988","0.32319999999999999","Literature ChIP-seq,0.3232"
"LHX2","1.50403555245684939","0.029668741914356447","0.76685214718560291","0.76685214718560291","Activated","201","viper","201","0.76685214718560291",NA,NA,"4","ReMap--ChIP-seq(rank=241); Enrichr--Queries(rank=313); ARCHS4--Coexpression(rank=1428); GTEx--Coexpression(rank=1436)","750","0.22289999999999999","Enrichr Queries,0.2229"
"STAT2","1.02229155388027459","0.507009553200761021","0.76465055354051781","0.76465055354051781","Activated","202","viper","202","0.76465055354051781",NA,NA,"5","ReMap--ChIP-seq(rank=13); ENCODE--ChIP-seq(rank=57); Enrichr--Queries(rank=403); ARCHS4--Coexpression(rank=453); GTEx--Coexpression(rank=543)","173","0.04377000000000000","ReMap ChIP-seq,0.04377"
"ATF2","-0.80766041750689455","0.716041860073517222","-0.04580927871668866","0.76185113879020583","Repressed","203","viper","203","0.76185113879020583",NA,NA,"5","ENCODE--ChIP-seq(rank=70); ReMap--ChIP-seq(rank=191); GTEx--Coexpression(rank=1010); Enrichr--Queries(rank=1326); ARCHS4--Coexpression(rank=1379)","1431","0.59319999999999984","ENCODE ChIP-seq,0.5932"
"MEF2C","1.29771385227293434","0.217896373570740959","0.75780511292183761","0.75780511292183761","Activated","204","viper","204","0.75780511292183761",NA,NA,"5","ENCODE--ChIP-seq(rank=117); ARCHS4--Coexpression(rank=139); ReMap--ChIP-seq(rank=171); GTEx--Coexpression(rank=205); Enrichr--Queries(rank=550)","321","0.08538000000000000","ARCHS4 Coexpression,0.08538"
"GATA3","1.05119239779634066","0.435069929471369021","0.74313116363385490","0.74313116363385490","Activated","205","viper","205","0.74313116363385490",NA,NA,"6","ENCODE--ChIP-seq(rank=38); Literature--ChIP-seq(rank=80); GTEx--Coexpression(rank=137); ReMap--ChIP-seq(rank=137); Enrichr--Queries(rank=330); ARCHS4--Coexpression(rank=882)","320","0.08525000000000001","GTEx Coexpression,0.08525"
"HNF1B","0.72433210094037925","-0.756489489297246798","-0.01607869417843377","0.74041079511881303","Repressed","206","viper","206","0.74041079511881303",NA,NA,"3","ARCHS4--Coexpression(rank=37); ReMap--ChIP-seq(rank=71); Enrichr--Queries(rank=732)","89","0.02273000000000000","ARCHS4 Coexpression,0.02273"
"ELK4","0.33640062999320652","1.141013904343510355","0.73870726716835844","0.73870726716835844","Activated","207","viper","207","0.73870726716835844",NA,NA,"5","ENCODE--ChIP-seq(rank=93); ReMap--ChIP-seq(rank=244); Enrichr--Queries(rank=1099); GTEx--Coexpression(rank=1165); ARCHS4--Coexpression(rank=1384)","1558","0.72499999999999998","GTEx Coexpression,0.725"
"PAX8","-0.67230439196482839","0.802803564740865450","0.06524958638801853","0.73755397835284686","Activated","208","viper","208","0.73755397835284686",NA,NA,"4","ReMap--ChIP-seq(rank=253); Enrichr--Queries(rank=380); ARCHS4--Coexpression(rank=624); GTEx--Coexpression(rank=1094)","864","0.27070000000000000","Enrichr Queries,0.2707"
"SOX6","-0.27347685544921252","-1.194512957851995072","-0.73399490665060374","0.73399490665060374","Repressed","209","viper","209","0.73399490665060374",NA,NA,"4","ReMap--ChIP-seq(rank=30); GTEx--Coexpression(rank=348); ARCHS4--Coexpression(rank=689); Enrichr--Queries(rank=1288)","378","0.10100000000000001","ReMap ChIP-seq,0.101"
"NR3C1","-0.29973592513112957","-1.132649080792346163","-0.71619250296173786","0.71619250296173786","Repressed","210","viper","210","0.71619250296173786",NA,NA,"6","ENCODE--ChIP-seq(rank=44); Literature--ChIP-seq(rank=98); ReMap--ChIP-seq(rank=102); ARCHS4--Coexpression(rank=170); Enrichr--Queries(rank=433); GTEx--Coexpression(rank=628)","392","0.10440000000000001","ARCHS4 Coexpression,0.1044"
"SPIB","1.01806631665323910","-0.407282523346214897","0.30539189665351207","0.71267441999972703","Activated","211","viper","211","0.71267441999972703",NA,NA,"4","ReMap--ChIP-seq(rank=64); Enrichr--Queries(rank=390); ARCHS4--Coexpression(rank=635); GTEx--Coexpression(rank=870)","731","0.21550000000000000","ReMap ChIP-seq,0.2155"
"NFYA","-0.74553676180079675","0.673134665422672529","-0.03620104818906211","0.70933571361173464","Repressed","212","viper","212","0.70933571361173464",NA,NA,"5","ENCODE--ChIP-seq(rank=66); ReMap--ChIP-seq(rank=117); Enrichr--Queries(rank=645); GTEx--Coexpression(rank=792); ARCHS4--Coexpression(rank=1168)","1139","0.39389999999999997","ReMap ChIP-seq,0.3939"
"NANOG","1.15651530252054546","0.261331501252681953","0.70892340188661374","0.70892340188661374","Activated","213","viper","213","0.70892340188661374",NA,NA,"6","Literature--ChIP-seq(rank=32); ENCODE--ChIP-seq(rank=118); ReMap--ChIP-seq(rank=181); Enrichr--Queries(rank=501); GTEx--Coexpression(rank=591); ARCHS4--Coexpression(rank=1467)","674","0.19510000000000000","Literature ChIP-seq,0.1951"
"CEBPD","0.19525734187948512","1.202539576342685157","0.69889845911108517","0.69889845911108517","Activated","214","viper","214","0.69889845911108517",NA,NA,"5","ENCODE--ChIP-seq(rank=35); ReMap--ChIP-seq(rank=61); ARCHS4--Coexpression(rank=96); Literature--ChIP-seq(rank=126); GTEx--Coexpression(rank=468)","223","0.05897000000000000","ARCHS4 Coexpression,0.05897"
"NCOA2","0.74674703469158676","-0.635062734174556831","0.05584215025851497","0.69090488443307185","Activated","215","viper","215","0.69090488443307185",NA,NA,"4","ReMap--ChIP-seq(rank=177); GTEx--Coexpression(rank=828); Enrichr--Queries(rank=1313); ARCHS4--Coexpression(rank=1332)","1341","0.51519999999999999","GTEx Coexpression,0.5152"
"DUX4","-1.12355968609627288","-0.236294595083822750","-0.67992714059004777","0.67992714059004777","Repressed","216","viper","216","0.67992714059004777",NA,NA,"2","ReMap--ChIP-seq(rank=288); ARCHS4--Coexpression(rank=1077)","1495","0.66149999999999998","ARCHS4 Coexpression,0.6615"
"SMAD1","1.11468080185513818","-0.219046999952715676","0.44781690095121124","0.66686390090392689","Activated","217","viper","217","0.66686390090392689",NA,NA,"5","Literature--ChIP-seq(rank=38); ReMap--ChIP-seq(rank=42); Enrichr--Queries(rank=259); ARCHS4--Coexpression(rank=270); GTEx--Coexpression(rank=1154)","509","0.14140000000000000","ReMap ChIP-seq,0.1414"
"TP73","1.20815198911219701","0.112590794510205428","0.66037139181120119","0.66037139181120119","Activated","218","viper","218","0.66037139181120119",NA,NA,"3","GTEx--Coexpression(rank=373); ARCHS4--Coexpression(rank=838); Enrichr--Queries(rank=919)","773","0.23210000000000000","GTEx Coexpression,0.2321"
"FOXP2","-0.47793530009419111","-0.822029740118274010","-0.64998252010623259","0.64998252010623259","Repressed","219","viper","219","0.64998252010623259",NA,NA,"6","Literature--ChIP-seq(rank=52); ENCODE--ChIP-seq(rank=77); ReMap--ChIP-seq(rank=142); GTEx--Coexpression(rank=445); Enrichr--Queries(rank=1061); ARCHS4--Coexpression(rank=1118)","876","0.27689999999999998","GTEx Coexpression,0.2769"
"KMT2A","0.17616095917943303","-1.111784677431609802","-0.46781185912608836","0.64397281830552144","Repressed","220","viper","220","0.64397281830552144",NA,NA,"3","ReMap--ChIP-seq(rank=265); ARCHS4--Coexpression(rank=1232); GTEx--Coexpression(rank=1286)","1580","0.75680000000000003","ARCHS4 Coexpression,0.7568"
"TFAP2A","1.17062482409219060","-0.115476530708056524","0.52757414669206704","0.64305067740012356","Activated","221","viper","221","0.64305067740012356",NA,NA,"6","ENCODE--ChIP-seq(rank=45); Literature--ChIP-seq(rank=50); ReMap--ChIP-seq(rank=88); GTEx--Coexpression(rank=100); Enrichr--Queries(rank=611); ARCHS4--Coexpression(rank=831)","236","0.06223000000000000","GTEx Coexpression,0.06223"
"PRDM1","-0.57012617429132251","0.687957794115304555","0.05891580991199102","0.62904198420331348","Activated","222","viper","222","0.62904198420331348",NA,NA,"5","ENCODE--ChIP-seq(rank=20); ReMap--ChIP-seq(rank=66); GTEx--Coexpression(rank=278); Enrichr--Queries(rank=331); ARCHS4--Coexpression(rank=451)","601","0.16950000000000001","ENCODE ChIP-seq,0.1695"
"TP63","0.69853687947660470","0.535215488027225295","0.61687618375191500","0.61687618375191500","Activated","223","viper","223","0.61687618375191500",NA,NA,"5","ARCHS4--Coexpression(rank=45); Literature--ChIP-seq(rank=73); GTEx--Coexpression(rank=118); Enrichr--Queries(rank=135); ReMap--ChIP-seq(rank=252)","111","0.02764000000000000","ARCHS4 Coexpression,0.02764"
"ZEB2","-1.04902057069564392","0.164141055187611073","-0.44243975775401645","0.60658081294162747","Repressed","224","viper","224","0.60658081294162747",NA,NA,"4","ReMap--ChIP-seq(rank=2); Enrichr--Queries(rank=322); GTEx--Coexpression(rank=609); ARCHS4--Coexpression(rank=872)","26","0.00673400000000000","ReMap ChIP-seq,0.006734"
"FOXA2","-0.49362988290595494","0.663101926826186627","0.08473602196011584","0.57836590486607076","Activated","225","viper","225","0.57836590486607076",NA,NA,"6","ENCODE--ChIP-seq(rank=67); Literature--ChIP-seq(rank=75); ReMap--ChIP-seq(rank=144); Enrichr--Queries(rank=303); ARCHS4--Coexpression(rank=383); GTEx--Coexpression(rank=416)","733","0.21579999999999999","Enrichr Queries,0.2158"
"CTCF","1.02764925105089588","-0.125145573331385374","0.45125183885975528","0.57639741219114060","Activated","226","viper","226","0.57639741219114060",NA,NA,"6","ENCODE--ChIP-seq(rank=17); Literature--ChIP-seq(rank=121); ReMap--ChIP-seq(rank=197); ARCHS4--Coexpression(rank=950); GTEx--Coexpression(rank=1162); Enrichr--Queries(rank=1369)","517","0.14410000000000001","ENCODE ChIP-seq,0.1441"
"CUX1","0.66908129293256047","0.482778173584941628","0.57592973325875108","0.57592973325875108","Activated","227","viper","227","0.57592973325875108",NA,NA,"6","ReMap--ChIP-seq(rank=1); Literature--ChIP-seq(rank=59); ENCODE--ChIP-seq(rank=75); GTEx--Coexpression(rank=855); ARCHS4--Coexpression(rank=1133); Enrichr--Queries(rank=1299)","12","0.00336700000000000","ReMap ChIP-seq,0.003367"
"KLF3","0.35997885322223944","0.781932033272437543","0.57095544324733849","0.57095544324733849","Activated","228","viper","228","0.57095544324733849",NA,NA,"4","ReMap--ChIP-seq(rank=115); GTEx--Coexpression(rank=132); Enrichr--Queries(rank=378); ARCHS4--Coexpression(rank=681)","308","0.08214000000000000","GTEx Coexpression,0.08214"
"BCL6","-0.75801310005644829","-0.382768118233034860","-0.57039060914474160","0.57039060914474160","Repressed","229","viper","229","0.57039060914474160",NA,NA,"5","GTEx--Coexpression(rank=49); Literature--ChIP-seq(rank=54); Enrichr--Queries(rank=68); ARCHS4--Coexpression(rank=206); ReMap--ChIP-seq(rank=220)","122","0.03049000000000000","GTEx Coexpression,0.03049"
"BATF","0.92628208137850143","0.191024110794342367","0.55865309608642189","0.55865309608642189","Activated","230","viper","230","0.55865309608642189",NA,NA,"5","ARCHS4--Coexpression(rank=16); ENCODE--ChIP-seq(rank=39); ReMap--ChIP-seq(rank=69); GTEx--Coexpression(rank=488); Enrichr--Queries(rank=527)","41","0.00982800000000000","ARCHS4 Coexpression,0.009828"
"NR5A2","0.22098618352769653","0.877283781052087708","0.54913498228989210","0.54913498228989210","Activated","231","viper","231","0.54913498228989210",NA,NA,"4","ReMap--ChIP-seq(rank=162); GTEx--Coexpression(rank=461); Enrichr--Queries(rank=749); ARCHS4--Coexpression(rank=775)","904","0.28689999999999999","GTEx Coexpression,0.2869"
"GATA2","-0.67787558731123787","0.347891303254309892","-0.16499214202846399","0.51288344528277385","Repressed","232","viper","232","0.51288344528277385",NA,NA,"6","ENCODE--ChIP-seq(rank=37); Literature--ChIP-seq(rank=49); ReMap--ChIP-seq(rank=174); GTEx--Coexpression(rank=197); Enrichr--Queries(rank=275); ARCHS4--Coexpression(rank=748)","452","0.12260000000000000","GTEx Coexpression,0.1226"
"NFE2L1","0.65910697723291767","-0.337828173345809335","0.16063940194355417","0.49846757528936347","Activated","233","viper","233","0.49846757528936347",NA,NA,"4","ReMap--ChIP-seq(rank=154); Enrichr--Queries(rank=617); GTEx--Coexpression(rank=670); ARCHS4--Coexpression(rank=768)","1180","0.41689999999999999","GTEx Coexpression,0.4169"
"BACH1","0.16108928438876721","0.835546537251673715","0.49831791082022048","0.49831791082022048","Activated","234","viper","234","0.49831791082022048",NA,NA,"6","Literature--ChIP-seq(rank=6); ENCODE--ChIP-seq(rank=71); Enrichr--Queries(rank=188); ReMap--ChIP-seq(rank=193); ARCHS4--Coexpression(rank=722); GTEx--Coexpression(rank=1502)","145","0.03659000000000000","Literature ChIP-seq,0.03659"
"JUND","0.43292579840031487","0.552327454876129775","0.49262662663822232","0.49262662663822232","Activated","235","viper","235","0.49262662663822232",NA,NA,"6","ENCODE--ChIP-seq(rank=5); Literature--ChIP-seq(rank=7); ReMap--ChIP-seq(rank=15); GTEx--Coexpression(rank=231); Enrichr--Queries(rank=256); ARCHS4--Coexpression(rank=287)","167","0.04237000000000000","ENCODE ChIP-seq,0.04237"
"SP4","0.54966360155397098","0.405292485352114873","0.47747804345304290","0.47747804345304290","Activated","236","viper","236","0.47747804345304290",NA,NA,"5","ENCODE--ChIP-seq(rank=104); ReMap--ChIP-seq(rank=272); Enrichr--Queries(rank=805); GTEx--Coexpression(rank=856); ARCHS4--Coexpression(rank=1495)","1360","0.53269999999999995","GTEx Coexpression,0.5327"
"ZEB1","0.23645861809213065","0.678843626603087502","0.45765112234760907","0.45765112234760907","Activated","237","viper","237","0.45765112234760907",NA,NA,"5","ENCODE--ChIP-seq(rank=79); GTEx--Coexpression(rank=182); ReMap--ChIP-seq(rank=186); ARCHS4--Coexpression(rank=414); Enrichr--Queries(rank=610)","421","0.11330000000000000","GTEx Coexpression,0.1133"
"AR","0.85293364732954335","0.056413144271491272","0.45467339580051730","0.45467339580051730","Activated","238","viper","238","0.45467339580051730",NA,NA,"5","Literature--ChIP-seq(rank=66); ReMap--ChIP-seq(rank=73); GTEx--Coexpression(rank=333); Enrichr--Queries(rank=412); ARCHS4--Coexpression(rank=1548)","705","0.20720000000000000","GTEx Coexpression,0.2072"
"TGIF2","0.01763725988541431","-0.875736200982731861","-0.42904947054865877","0.44668673043407309","Repressed","239","viper","239","0.44668673043407309",NA,NA,"4","ReMap--ChIP-seq(rank=77); Enrichr--Queries(rank=404); ARCHS4--Coexpression(rank=1170); GTEx--Coexpression(rank=1171)","836","0.25929999999999997","ReMap ChIP-seq,0.2593"
"FOXA1","-0.34357228849574822","0.500829591449130973","0.07862865147669137","0.42220093997243957","Activated","240","viper","240","0.42220093997243957",NA,NA,"6","ENCODE--ChIP-seq(rank=25); Literature--ChIP-seq(rank=31); ReMap--ChIP-seq(rank=248); Enrichr--Queries(rank=251); GTEx--Coexpression(rank=417); ARCHS4--Coexpression(rank=940)","627","0.17879999999999999","Enrichr Queries,0.1788"
"MEF2B","0.26422303804841552","0.568101578813938857","0.41616230843117719","0.41616230843117719","Activated","241","viper","241","0.41616230843117719",NA,NA,"4","Enrichr--Queries(rank=66); ReMap--ChIP-seq(rank=107); GTEx--Coexpression(rank=517); ARCHS4--Coexpression(rank=789)","183","0.04701000000000000","Enrichr Queries,0.04701"
"HOXB13","0.57312452678046577","0.246682407932348441","0.40990346735640709","0.40990346735640709","Activated","242","viper","242","0.40990346735640709",NA,NA,"4","Enrichr--Queries(rank=166); ReMap--ChIP-seq(rank=262); GTEx--Coexpression(rank=328); ARCHS4--Coexpression(rank=329)","438","0.11820000000000000","Enrichr Queries,0.1182"
"PPARA","0.61954818216016594","0.198848480659667703","0.40919833140991679","0.40919833140991679","Activated","243","viper","243","0.40919833140991679",NA,NA,"3","GTEx--Coexpression(rank=394); Enrichr--Queries(rank=606); ARCHS4--Coexpression(rank=685)","803","0.24520000000000000","GTEx Coexpression,0.2452"
"ATF7","0.28890819014274660","0.511885651980227174","0.40039692106148689","0.40039692106148689","Activated","244","viper","244","0.40039692106148689",NA,NA,"4","ReMap--ChIP-seq(rank=70); ARCHS4--Coexpression(rank=153); GTEx--Coexpression(rank=690); Enrichr--Queries(rank=1121)","348","0.09397999999999999","ARCHS4 Coexpression,0.09398"
"HNF1A","-0.50128063111523946","-0.239245035471240042","-0.37026283329323972","0.37026283329323972","Repressed","245","viper","245","0.37026283329323972",NA,NA,"3","GTEx--Coexpression(rank=117); ARCHS4--Coexpression(rank=212); Enrichr--Queries(rank=777)","274","0.07281000000000000","GTEx Coexpression,0.07281"
"NFE2L2","-0.17919923275866895","0.550377241352150492","0.18558900429674077","0.36478823705540975","Activated","246","viper","246","0.36478823705540975",NA,NA,"5","ARCHS4--Coexpression(rank=6); ReMap--ChIP-seq(rank=82); Literature--ChIP-seq(rank=110); Enrichr--Queries(rank=255); GTEx--Coexpression(rank=434)","13","0.00368600000000000","ARCHS4 Coexpression,0.003686"
"HINFP","-0.31305697984966119","0.405135894189843915","0.04603945717009136","0.35909643701975258","Activated","247","viper","247","0.35909643701975258",NA,NA,"3","ReMap--ChIP-seq(rank=159); GTEx--Coexpression(rank=668); ARCHS4--Coexpression(rank=758)","1179","0.41570000000000001","GTEx Coexpression,0.4157"
"TCF7","0.70101006692453494","0.004428625020809625","0.35271934597267229","0.35271934597267229","Activated","248","viper","248","0.35271934597267229",NA,NA,"5","Literature--ChIP-seq(rank=127); ARCHS4--Coexpression(rank=137); ReMap--ChIP-seq(rank=172); Enrichr--Queries(rank=221); GTEx--Coexpression(rank=786)","317","0.08415000000000000","ARCHS4 Coexpression,0.08415"
"XBP1","0.24574068920237449","0.442617580154684664","0.34417913467852956","0.34417913467852956","Activated","249","viper","249","0.34417913467852956",NA,NA,"4","Enrichr--Queries(rank=211); ReMap--ChIP-seq(rank=290); GTEx--Coexpression(rank=756); ARCHS4--Coexpression(rank=874)","534","0.15029999999999999","Enrichr Queries,0.1503"
"TCF7L2","-0.58562822066832476","-0.093002006757292768","-0.33931511371280876","0.33931511371280876","Repressed","250","viper","250","0.33931511371280876",NA,NA,"6","ReMap--ChIP-seq(rank=56); ENCODE--ChIP-seq(rank=60); Literature--ChIP-seq(rank=149); GTEx--Coexpression(rank=336); ARCHS4--Coexpression(rank=540); Enrichr--Queries(rank=594)","655","0.18859999999999999","ReMap ChIP-seq,0.1886"
"ZNF217","0.58444752659962174","0.068516249350408176","0.32648188797501498","0.32648188797501498","Activated","251","viper","251","0.32648188797501498",NA,NA,"6","ENCODE--ChIP-seq(rank=18); Literature--ChIP-seq(rank=99); ReMap--ChIP-seq(rank=260); Enrichr--Queries(rank=312); ARCHS4--Coexpression(rank=918); GTEx--Coexpression(rank=1036)","542","0.15250000000000000","ENCODE ChIP-seq,0.1525"
"ELF5","-0.17335238589367971","-0.472313187829077052","-0.32283278686137840","0.32283278686137840","Repressed","252","viper","252","0.32283278686137840",NA,NA,"5","Enrichr--Queries(rank=62); Literature--ChIP-seq(rank=130); ReMap--ChIP-seq(rank=153); GTEx--Coexpression(rank=171); ARCHS4--Coexpression(rank=541)","174","0.04416000000000000","Enrichr Queries,0.04416"
"TFAP2C","-0.33677022592438410","-0.302582684625767595","-0.31967645527507582","0.31967645527507582","Repressed","253","viper","253","0.31967645527507582",NA,NA,"6","Literature--ChIP-seq(rank=41); GTEx--Coexpression(rank=47); ENCODE--ChIP-seq(rank=49); ReMap--ChIP-seq(rank=267); Enrichr--Queries(rank=334); ARCHS4--Coexpression(rank=335)","118","0.02925000000000000","GTEx Coexpression,0.02925"
"ZBED1","-0.32208270019844082","-0.309036375838263988","-0.31555953801835240","0.31555953801835240","Repressed","254","viper","254","0.31555953801835240",NA,NA,"4","ReMap--ChIP-seq(rank=118); GTEx--Coexpression(rank=605); Enrichr--Queries(rank=693); ARCHS4--Coexpression(rank=1502)","1106","0.37650000000000000","GTEx Coexpression,0.3765"
"CREB1","-0.44092936232782270","0.146593872169563627","-0.14716774507912955","0.29376161724869315","Repressed","255","viper","255","0.29376161724869315",NA,NA,"6","ENCODE--ChIP-seq(rank=72); Literature--ChIP-seq(rank=92); ReMap--ChIP-seq(rank=232); Enrichr--Queries(rank=1210); GTEx--Coexpression(rank=1465); ARCHS4--Coexpression(rank=1537)","1391","0.56100000000000005","Literature ChIP-seq,0.561"
"TAL1","0.49307891001795073","0.069313955255942597","0.28119643263694666","0.28119643263694666","Activated","256","viper","256","0.28119643263694666",NA,NA,"6","Literature--ChIP-seq(rank=28); ReMap--ChIP-seq(rank=50); ENCODE--ChIP-seq(rank=53); GTEx--Coexpression(rank=174); Enrichr--Queries(rank=497); ARCHS4--Coexpression(rank=772)","404","0.10829999999999999","GTEx Coexpression,0.1083"
"SOX10","0.26717187987777063",NA,"0.26717187987777063","0.26717187987777063","Activated","257","viper","257","0.26717187987777063",NA,NA,"4","ARCHS4--Coexpression(rank=119); ReMap--ChIP-seq(rank=293); GTEx--Coexpression(rank=560); Enrichr--Queries(rank=747)","275","0.07310000000000000","ARCHS4 Coexpression,0.0731"
"RXRA","0.35360257646939963","-0.146239117252670719","0.10368172960836446","0.24992084686103516","Activated","258","viper","258","0.24992084686103516",NA,NA,"6","ENCODE--ChIP-seq(rank=12); ReMap--ChIP-seq(rank=97); Literature--ChIP-seq(rank=112); GTEx--Coexpression(rank=364); ARCHS4--Coexpression(rank=812); Enrichr--Queries(rank=839)","380","0.10170000000000001","ENCODE ChIP-seq,0.1017"
"GLI2","0.04263187791725431","-0.420042771993445307","-0.18870544703809550","0.23133732495534981","Repressed","259","viper","259","0.23133732495534981",NA,NA,"3","GTEx--Coexpression(rank=75); ARCHS4--Coexpression(rank=363); Enrichr--Queries(rank=723)","182","0.04667000000000000","GTEx Coexpression,0.04667"
"E2F6","0.15254305306038998","0.256723968101813915","0.20463351058110196","0.20463351058110196","Activated","260","viper","260","0.20463351058110196",NA,NA,"5","ENCODE--ChIP-seq(rank=84); ReMap--ChIP-seq(rank=258); ARCHS4--Coexpression(rank=299); Enrichr--Queries(rank=351); GTEx--Coexpression(rank=590)","643","0.18370000000000000","ARCHS4 Coexpression,0.1837"
"ATF1","0.29033909255737211","-0.010862095100191970","0.13973849872859007","0.15060059382878205","Activated","261","viper","261","0.15060059382878205",NA,NA,"5","ReMap--ChIP-seq(rank=23); ENCODE--ChIP-seq(rank=87); ARCHS4--Coexpression(rank=753); GTEx--Coexpression(rank=1148); Enrichr--Queries(rank=1252)","289","0.07743999999999999","ReMap ChIP-seq,0.07744"
"RFX5",NA,"0.126807723801912464","0.12680772380191246","0.12680772380191246","Activated","262","viper","262","0.12680772380191246",NA,NA,"5","ReMap--ChIP-seq(rank=49); ENCODE--ChIP-seq(rank=64); Enrichr--Queries(rank=991); GTEx--Coexpression(rank=1153); ARCHS4--Coexpression(rank=1206)","587","0.16500000000000001","ReMap ChIP-seq,0.165"
"GATA1","0.12327077867322744",NA,"0.12327077867322744","0.12327077867322744","Activated","263","viper","263","0.12327077867322744",NA,NA,"6","ENCODE--ChIP-seq(rank=33); Literature--ChIP-seq(rank=67); ReMap--ChIP-seq(rank=141); Enrichr--Queries(rank=537); GTEx--Coexpression(rank=811); ARCHS4--Coexpression(rank=853)","883","0.27970000000000000","ENCODE ChIP-seq,0.2797"
"FLI1","-0.23372437156066833","-0.009244598864234880","-0.12148448521245160","0.12148448521245160","Repressed","264","viper","264","0.12148448521245160",NA,NA,"6","ENCODE--ChIP-seq(rank=74); Literature--ChIP-seq(rank=132); GTEx--Coexpression(rank=221); ReMap--ChIP-seq(rank=274); ARCHS4--Coexpression(rank=341); Enrichr--Queries(rank=580)","495","0.13750000000000001","GTEx Coexpression,0.1375"
"USF1","-0.13632184138053319","0.081126906945887506","-0.02759746721732284","0.10872437416321035","Repressed","265","viper","265","0.10872437416321035",NA,NA,"5","ENCODE--ChIP-seq(rank=32); ReMap--ChIP-seq(rank=183); GTEx--Coexpression(rank=471); ARCHS4--Coexpression(rank=810); Enrichr--Queries(rank=970)","866","0.27120000000000000","ENCODE ChIP-seq,0.2712"
"CREB3","-0.01000632049720926","0.088976594285764238","0.03948513689427749","0.04949145739148675","Activated","266","viper","266","0.04949145739148675",NA,NA,"4","ReMap--ChIP-seq(rank=12); Enrichr--Queries(rank=248); ARCHS4--Coexpression(rank=378); GTEx--Coexpression(rank=505)","157","0.04040000000000000","ReMap ChIP-seq,0.0404"
"SOX2","-0.04593870519226069",NA,"-0.04593870519226069","0.04593870519226069","Repressed","267","viper","267","0.04593870519226069",NA,NA,"5","Literature--ChIP-seq(rank=1); ReMap--ChIP-seq(rank=192); Enrichr--Queries(rank=754); ARCHS4--Coexpression(rank=1254); GTEx--Coexpression(rank=1559)","24","0.00609800000000000","Literature ChIP-seq,0.006098"
