"TF","DLD1_HCT15_SW48","Activity_Score_Mean","Score","Method_Direction","Rank","Method","Method_Rank","Method_Score","Method_P_Value","Method_Adjusted_P_Value","CheA3_Library_Count","CheA3_Libraries","CheA3_Integrated_TopRank","CheA3_Integrated_Score","CheA3_Integrated_Library"
"E2F4","-8.445812308632669740","-8.445812308632669740","8.445812308632669740","Repressed","1","viper","1","8.445812308632669740",NA,NA,"6","ENCODE--ChIP-seq(rank=89); Literature--ChIP-seq(rank=141); ReMap--ChIP-seq(rank=238); ARCHS4--Coexpression(rank=815); Enrichr--Queries(rank=1075); GTEx--Coexpression(rank=1498)","1324","0.500600000000000045","ARCHS4 Coexpression,0.5006"
"MYC","-5.408045225187173344","-5.408045225187173344","5.408045225187173344","Repressed","2","viper","2","5.408045225187173344",NA,NA,"6","ENCODE--ChIP-seq(rank=42); Literature--ChIP-seq(rank=68); Enrichr--Queries(rank=143); GTEx--Coexpression(rank=190); ReMap--ChIP-seq(rank=219); ARCHS4--Coexpression(rank=788)","365","0.101900000000000004","Enrichr Queries,0.1019"
"TP53","4.726415224276871108","4.726415224276871108","4.726415224276871108","Activated","3","viper","3","4.726415224276871108",NA,NA,"5","Literature--ChIP-seq(rank=48); ReMap--ChIP-seq(rank=57); ARCHS4--Coexpression(rank=1011); Enrichr--Queries(rank=1014); GTEx--Coexpression(rank=1320)","662","0.191899999999999987","ReMap ChIP-seq,0.1919"
"STAT1","4.668978438378457163","4.668978438378457163","4.668978438378457163","Activated","4","viper","4","4.668978438378457163",NA,NA,"6","ENCODE--ChIP-seq(rank=31); Literature--ChIP-seq(rank=74); ReMap--ChIP-seq(rank=91); ARCHS4--Coexpression(rank=219); Enrichr--Queries(rank=476); GTEx--Coexpression(rank=1079)","470","0.134500000000000008","ARCHS4 Coexpression,0.1345"
"E2F2","-4.627458410171066738","-4.627458410171066738","4.627458410171066738","Repressed","5","viper","5","4.627458410171066738",NA,NA,"3","GTEx--Coexpression(rank=411); ARCHS4--Coexpression(rank=739); Enrichr--Queries(rank=816)","833","0.255800000000000027","GTEx Coexpression,0.2558"
"MEF2A","4.602500936549033028","4.602500936549033028","4.602500936549033028","Activated","6","viper","6","4.602500936549033028",NA,NA,"6","Literature--ChIP-seq(rank=46); ENCODE--ChIP-seq(rank=47); ReMap--ChIP-seq(rank=105); ARCHS4--Coexpression(rank=286); GTEx--Coexpression(rank=904); Enrichr--Queries(rank=1068)","608","0.175699999999999995","ARCHS4 Coexpression,0.1757"
"TEAD1","4.487431573850769517","4.487431573850769517","4.487431573850769517","Activated","7","viper","7","4.487431573850769517",NA,NA,"4","ReMap--ChIP-seq(rank=26); ARCHS4--Coexpression(rank=498); GTEx--Coexpression(rank=695); Enrichr--Queries(rank=901)","318","0.087540000000000007","ReMap ChIP-seq,0.08754"
"ATF4","4.347483308106873778","4.347483308106873778","4.347483308106873778","Activated","8","viper","8","4.347483308106873778",NA,NA,"4","GTEx--Coexpression(rank=80); ReMap--ChIP-seq(rank=123); ARCHS4--Coexpression(rank=860); Enrichr--Queries(rank=916)","195","0.049779999999999998","GTEx Coexpression,0.04978"
"FOXO3","4.334246970336223193","4.334246970336223193","4.334246970336223193","Activated","9","viper","9","4.334246970336223193",NA,NA,"4","Literature--ChIP-seq(rank=57); ARCHS4--Coexpression(rank=382); Enrichr--Queries(rank=520); GTEx--Coexpression(rank=1130)","781","0.234600000000000003","ARCHS4 Coexpression,0.2346"
"SREBF2","-4.220277935631229660","-4.220277935631229660","4.220277935631229660","Repressed","10","viper","10","4.220277935631229660",NA,NA,"6","ENCODE--ChIP-seq(rank=88); Literature--ChIP-seq(rank=142); ReMap--ChIP-seq(rank=226); GTEx--Coexpression(rank=753); Enrichr--Queries(rank=812); ARCHS4--Coexpression(rank=1450)","1279","0.468600000000000017","GTEx Coexpression,0.4686"
"ARNTL","4.191126252892838799","4.191126252892838799","4.191126252892838799","Activated","11","viper","11","4.191126252892838799",NA,NA,"4","ARCHS4--Coexpression(rank=32); Enrichr--Queries(rank=38); ReMap--ChIP-seq(rank=202); GTEx--Coexpression(rank=634)","75","0.019660000000000000","ARCHS4 Coexpression,0.01966"
"ESR1","3.946905557452681901","3.946905557452681901","3.946905557452681901","Activated","12","viper","12","3.946905557452681901",NA,NA,"6","Literature--ChIP-seq(rank=2); ReMap--ChIP-seq(rank=6); ENCODE--ChIP-seq(rank=10); ARCHS4--Coexpression(rank=132); Enrichr--Queries(rank=491); GTEx--Coexpression(rank=507)","46","0.012200000000000001","Literature ChIP-seq,0.0122"
"SNAPC4","-3.886450272022666130","-3.886450272022666130","3.886450272022666130","Repressed","13","viper","13","3.886450272022666130",NA,NA,"4","GTEx--Coexpression(rank=195); ReMap--ChIP-seq(rank=227); Enrichr--Queries(rank=1153); ARCHS4--Coexpression(rank=1188)","428","0.121300000000000005","GTEx Coexpression,0.1213"
"E2F1","-3.716983253504553275","-3.716983253504553275","3.716983253504553275","Repressed","14","viper","14","3.716983253504553275",NA,NA,"6","Literature--ChIP-seq(rank=60); ENCODE--ChIP-seq(rank=113); ReMap--ChIP-seq(rank=188); ARCHS4--Coexpression(rank=1041); GTEx--Coexpression(rank=1092); Enrichr--Queries(rank=1104)","1106","0.365900000000000003","Literature ChIP-seq,0.3659"
"SREBF1","-3.684165657629519863","-3.684165657629519863","3.684165657629519863","Repressed","15","viper","15","3.684165657629519863",NA,NA,"6","ENCODE--ChIP-seq(rank=44); ReMap--ChIP-seq(rank=45); Literature--ChIP-seq(rank=101); GTEx--Coexpression(rank=278); Enrichr--Queries(rank=314); ARCHS4--Coexpression(rank=1151)","527","0.151499999999999996","ReMap ChIP-seq,0.1515"
"JUN","3.515273537418355687","3.515273537418355687","3.515273537418355687","Activated","16","viper","16","3.515273537418355687",NA,NA,"6","Literature--ChIP-seq(rank=1); ENCODE--ChIP-seq(rank=2); ReMap--ChIP-seq(rank=11); GTEx--Coexpression(rank=29); ARCHS4--Coexpression(rank=58); Enrichr--Queries(rank=79)","20","0.006098000000000000","Literature ChIP-seq,0.006098"
"MAFF","3.361189040777071924","3.361189040777071924","3.361189040777071924","Activated","17","viper","17","3.361189040777071924",NA,NA,"5","Enrichr--Queries(rank=5); ENCODE--ChIP-seq(rank=53); GTEx--Coexpression(rank=72); ReMap--ChIP-seq(rank=119); ARCHS4--Coexpression(rank=437)","13","0.003561000000000000","Enrichr Queries,0.003561"
"ARID3A","3.335307492019437436","3.335307492019437436","3.335307492019437436","Activated","18","viper","18","3.335307492019437436",NA,NA,"5","ENCODE--ChIP-seq(rank=54); ReMap--ChIP-seq(rank=143); Enrichr--Queries(rank=242); ARCHS4--Coexpression(rank=712); GTEx--Coexpression(rank=840)","596","0.172399999999999998","Enrichr Queries,0.1724"
"STAT5B","3.298048197400391679","3.298048197400391679","3.298048197400391679","Activated","19","viper","19","3.298048197400391679",NA,NA,"4","ARCHS4--Coexpression(rank=154); ReMap--ChIP-seq(rank=187); GTEx--Coexpression(rank=452); Enrichr--Queries(rank=965)","341","0.094589999999999994","ARCHS4 Coexpression,0.09459"
"RELB","3.235257657105929052","3.235257657105929052","3.235257657105929052","Activated","20","viper","20","3.235257657105929052",NA,NA,"4","Enrichr--Queries(rank=30); ARCHS4--Coexpression(rank=81); ReMap--ChIP-seq(rank=135); GTEx--Coexpression(rank=246)","81","0.021370000000000000","Enrichr Queries,0.02137"
"MYCN","-3.209040609517416875","-3.209040609517416875","3.209040609517416875","Repressed","21","viper","21","3.209040609517416875",NA,NA,"5","Literature--ChIP-seq(rank=51); ReMap--ChIP-seq(rank=284); Enrichr--Queries(rank=745); ARCHS4--Coexpression(rank=797); GTEx--Coexpression(rank=1412)","967","0.310999999999999999","Literature ChIP-seq,0.311"
"NCOA1","3.153520373611205851","3.153520373611205851","3.153520373611205851","Activated","22","viper","22","3.153520373611205851",NA,NA,"4","ReMap--ChIP-seq(rank=55); ARCHS4--Coexpression(rank=343); GTEx--Coexpression(rank=638); Enrichr--Queries(rank=1218)","639","0.185200000000000004","ReMap ChIP-seq,0.1852"
"NFKB1","3.081337749257144321","3.081337749257144321","3.081337749257144321","Activated","23","viper","23","3.081337749257144321",NA,NA,"4","ARCHS4--Coexpression(rank=98); Enrichr--Queries(rank=246); ReMap--ChIP-seq(rank=265); GTEx--Coexpression(rank=838)","226","0.060199999999999997","ARCHS4 Coexpression,0.0602"
"MAFK","3.051095693118127450","3.051095693118127450","3.051095693118127450","Activated","24","viper","24","3.051095693118127450",NA,NA,"5","Enrichr--Queries(rank=2); ENCODE--ChIP-seq(rank=17); ReMap--ChIP-seq(rank=180); GTEx--Coexpression(rank=356); ARCHS4--Coexpression(rank=1339)","6","0.001425000000000000","Enrichr Queries,0.001425"
"MAFB","3.004372518971094586","3.004372518971094586","3.004372518971094586","Activated","25","viper","25","3.004372518971094586",NA,NA,"4","Enrichr--Queries(rank=48); ReMap--ChIP-seq(rank=117); GTEx--Coexpression(rank=192); ARCHS4--Coexpression(rank=412)","132","0.034189999999999998","Enrichr Queries,0.03419"
"PRDM14","3.002770085962218616","3.002770085962218616","3.002770085962218616","Activated","26","viper","26","3.002770085962218616",NA,NA,"5","Literature--ChIP-seq(rank=62); ReMap--ChIP-seq(rank=174); Enrichr--Queries(rank=989); ARCHS4--Coexpression(rank=1367); GTEx--Coexpression(rank=1403)","1130","0.378000000000000003","Literature ChIP-seq,0.378"
"HIF1A","2.977832561116787513","2.977832561116787513","2.977832561116787513","Activated","27","viper","27","2.977832561116787513",NA,NA,"5","Literature--ChIP-seq(rank=36); ReMap--ChIP-seq(rank=43); Enrichr--Queries(rank=517); ARCHS4--Coexpression(rank=569); GTEx--Coexpression(rank=1525)","505","0.144800000000000012","ReMap ChIP-seq,0.1448"
"IRF4","2.967867146967628322","2.967867146967628322","2.967867146967628322","Activated","28","viper","28","2.967867146967628322",NA,NA,"5","ARCHS4--Coexpression(rank=15); ReMap--ChIP-seq(rank=63); ENCODE--ChIP-seq(rank=102); Enrichr--Queries(rank=423); GTEx--Coexpression(rank=906)","36","0.009214000000000000","ARCHS4 Coexpression,0.009214"
"HBP1","-2.967043445120219669","-2.967043445120219669","2.967043445120219669","Repressed","29","viper","29","2.967043445120219669",NA,NA,"4","ReMap--ChIP-seq(rank=46); Enrichr--Queries(rank=149); ARCHS4--Coexpression(rank=367); GTEx--Coexpression(rank=1202)","379","0.106100000000000000","Enrichr Queries,0.1061"
"SIX5","-2.950368986609824162","-2.950368986609824162","2.950368986609824162","Repressed","30","viper","30","2.950368986609824162",NA,NA,"5","ENCODE--ChIP-seq(rank=107); Enrichr--Queries(rank=209); ReMap--ChIP-seq(rank=259); ARCHS4--Coexpression(rank=1034); GTEx--Coexpression(rank=1482)","521","0.148900000000000005","Enrichr Queries,0.1489"
"TFDP1","-2.943194488281438925","-2.943194488281438925","2.943194488281438925","Repressed","31","viper","31","2.943194488281438925",NA,NA,"4","ReMap--ChIP-seq(rank=198); ARCHS4--Coexpression(rank=883); GTEx--Coexpression(rank=1187); Enrichr--Queries(rank=1295)","1377","0.542399999999999993","ARCHS4 Coexpression,0.5424"
"E2F3","-2.935807961540367828","-2.935807961540367828","2.935807961540367828","Repressed","32","viper","32","2.935807961540367828",NA,NA,"3","ARCHS4--Coexpression(rank=880); GTEx--Coexpression(rank=1017); Enrichr--Queries(rank=1155)","1375","0.540499999999999980","ARCHS4 Coexpression,0.5405"
"STAT5A","2.935474002133922955","2.935474002133922955","2.935474002133922955","Activated","33","viper","33","2.935474002133922955",NA,NA,"6","Literature--ChIP-seq(rank=17); ENCODE--ChIP-seq(rank=69); ReMap--ChIP-seq(rank=118); GTEx--Coexpression(rank=127); Enrichr--Queries(rank=308); ARCHS4--Coexpression(rank=396)","287","0.079030000000000003","GTEx Coexpression,0.07903"
"CLOCK","2.878722924234869751","2.878722924234869751","2.878722924234869751","Activated","34","viper","34","2.878722924234869751",NA,NA,"5","Literature--ChIP-seq(rank=35); ReMap--ChIP-seq(rank=204); ARCHS4--Coexpression(rank=519); Enrichr--Queries(rank=1232); GTEx--Coexpression(rank=1526)","730","0.213400000000000006","Literature ChIP-seq,0.2134"
"TCF12","2.875012331922964570","2.875012331922964570","2.875012331922964570","Activated","35","viper","35","2.875012331922964570",NA,NA,"5","ENCODE--ChIP-seq(rank=3); ReMap--ChIP-seq(rank=137); GTEx--Coexpression(rank=486); Enrichr--Queries(rank=1207); ARCHS4--Coexpression(rank=1341)","95","0.025420000000000002","ENCODE ChIP-seq,0.02542"
"SP3","2.849619192775588505","2.849619192775588505","2.849619192775588505","Activated","36","viper","36","2.849619192775588505",NA,NA,"3","GTEx--Coexpression(rank=618); Enrichr--Queries(rank=1054); ARCHS4--Coexpression(rank=1284)","1144","0.384599999999999997","GTEx Coexpression,0.3846"
"NR2C2","-2.828635618007740771","-2.828635618007740771","2.828635618007740771","Repressed","37","viper","37","2.828635618007740771",NA,NA,"5","ENCODE--ChIP-seq(rank=97); ReMap--ChIP-seq(rank=237); ARCHS4--Coexpression(rank=922); GTEx--Coexpression(rank=1059); Enrichr--Queries(rank=1080)","1419","0.566300000000000026","ARCHS4 Coexpression,0.5663"
"BACH2","2.818362045594096088","2.818362045594096088","2.818362045594096088","Activated","38","viper","38","2.818362045594096088",NA,NA,"4","ReMap--ChIP-seq(rank=199); GTEx--Coexpression(rank=211); Enrichr--Queries(rank=275); ARCHS4--Coexpression(rank=362)","457","0.131300000000000000","GTEx Coexpression,0.1313"
"ZNF384","2.768561823597265104","2.768561823597265104","2.768561823597265104","Activated","39","viper","39","2.768561823597265104",NA,NA,"5","ENCODE--ChIP-seq(rank=51); ReMap--ChIP-seq(rank=87); Enrichr--Queries(rank=1208); GTEx--Coexpression(rank=1402); ARCHS4--Coexpression(rank=1426)","924","0.292899999999999994","ReMap ChIP-seq,0.2929"
"RELA","2.762209000950641258","2.762209000950641258","2.762209000950641258","Activated","40","viper","40","2.762209000950641258",NA,NA,"6","Literature--ChIP-seq(rank=5); ENCODE--ChIP-seq(rank=22); ReMap--ChIP-seq(rank=90); GTEx--Coexpression(rank=458); Enrichr--Queries(rank=672); ARCHS4--Coexpression(rank=1196)","117","0.030490000000000000","Literature ChIP-seq,0.03049"
"MNT","-2.758856306100105016","-2.758856306100105016","2.758856306100105016","Repressed","41","viper","41","2.758856306100105016",NA,NA,"4","ReMap--ChIP-seq(rank=101); Enrichr--Queries(rank=251); GTEx--Coexpression(rank=722); ARCHS4--Coexpression(rank=1081)","621","0.178799999999999987","Enrichr Queries,0.1788"
"SMAD5","-2.757237568749914658","-2.757237568749914658","2.757237568749914658","Repressed","42","viper","42","2.757237568749914658",NA,NA,"4","ReMap--ChIP-seq(rank=225); ARCHS4--Coexpression(rank=483); GTEx--Coexpression(rank=640); Enrichr--Queries(rank=1156)","931","0.296700000000000019","ARCHS4 Coexpression,0.2967"
"IRF3","-2.752086057357889359","-2.752086057357889359","2.752086057357889359","Repressed","43","viper","43","2.752086057357889359",NA,NA,"5","ENCODE--ChIP-seq(rank=71); ReMap--ChIP-seq(rank=271); ARCHS4--Coexpression(rank=302); Enrichr--Queries(rank=932); GTEx--Coexpression(rank=1550)","640","0.185499999999999998","ARCHS4 Coexpression,0.1855"
"JUNB","2.748428590552184136","2.748428590552184136","2.748428590552184136","Activated","44","viper","44","2.748428590552184136",NA,NA,"4","GTEx--Coexpression(rank=10); Enrichr--Queries(rank=16); ARCHS4--Coexpression(rank=63); ReMap--ChIP-seq(rank=82)","22","0.006223000000000000","GTEx Coexpression,0.006223"
"FOXJ2","2.735984467383729246","2.735984467383729246","2.735984467383729246","Activated","45","viper","45","2.735984467383729246",NA,NA,"4","ReMap--ChIP-seq(rank=98); Enrichr--Queries(rank=546); ARCHS4--Coexpression(rank=620); GTEx--Coexpression(rank=1147)","1016","0.330000000000000016","ReMap ChIP-seq,0.33"
"ZNF217","2.733335294349986899","2.733335294349986899","2.733335294349986899","Activated","46","viper","46","2.733335294349986899",NA,NA,"6","ENCODE--ChIP-seq(rank=9); Literature--ChIP-seq(rank=23); ReMap--ChIP-seq(rank=67); ARCHS4--Coexpression(rank=391); Enrichr--Queries(rank=453); GTEx--Coexpression(rank=1041)","278","0.076270000000000004","ENCODE ChIP-seq,0.07627"
"FOXM1","-2.668338060074727291","-2.668338060074727291","2.668338060074727291","Repressed","47","viper","47","2.668338060074727291",NA,NA,"6","ENCODE--ChIP-seq(rank=63); Literature--ChIP-seq(rank=115); ReMap--ChIP-seq(rank=148); ARCHS4--Coexpression(rank=878); GTEx--Coexpression(rank=1191); Enrichr--Queries(rank=1311)","1319","0.498300000000000021","ReMap ChIP-seq,0.4983"
"FOXO1","2.626551817568683944","2.626551817568683944","2.626551817568683944","Activated","48","viper","48","2.626551817568683944",NA,NA,"5","Literature--ChIP-seq(rank=40); GTEx--Coexpression(rank=197); ReMap--ChIP-seq(rank=200); Enrichr--Queries(rank=220); ARCHS4--Coexpression(rank=282)","432","0.122600000000000001","GTEx Coexpression,0.1226"
"ETV4","2.623146550931122700","2.623146550931122700","2.623146550931122700","Activated","49","viper","49","2.623146550931122700",NA,NA,"4","ReMap--ChIP-seq(rank=142); Enrichr--Queries(rank=232); ARCHS4--Coexpression(rank=814); GTEx--Coexpression(rank=1422)","575","0.165200000000000014","Enrichr Queries,0.1652"
"YY1","-2.611857145651097944","-2.611857145651097944","2.611857145651097944","Repressed","50","viper","50","2.611857145651097944",NA,NA,"6","ENCODE--ChIP-seq(rank=84); Literature--ChIP-seq(rank=90); ReMap--ChIP-seq(rank=246); ARCHS4--Coexpression(rank=1170); Enrichr--Queries(rank=1312); GTEx--Coexpression(rank=1359)","1390","0.548799999999999955","Literature ChIP-seq,0.5488"
"RUNX2","2.600421887251302078","2.600421887251302078","2.600421887251302078","Activated","51","viper","51","2.600421887251302078",NA,NA,"5","ReMap--ChIP-seq(rank=86); Literature--ChIP-seq(rank=113); Enrichr--Queries(rank=208); ARCHS4--Coexpression(rank=226); GTEx--Coexpression(rank=1425)","483","0.138800000000000007","ARCHS4 Coexpression,0.1388"
"NCOA3","2.599215181265283281","2.599215181265283281","2.599215181265283281","Activated","52","viper","52","2.599215181265283281",NA,NA,"4","ReMap--ChIP-seq(rank=282); ARCHS4--Coexpression(rank=303); Enrichr--Queries(rank=734); GTEx--Coexpression(rank=902)","642","0.186099999999999988","ARCHS4 Coexpression,0.1861"
"FOSL1","2.598442082614289106","2.598442082614289106","2.598442082614289106","Activated","53","viper","53","2.598442082614289106",NA,NA,"5","ENCODE--ChIP-seq(rank=5); ReMap--ChIP-seq(rank=10); Enrichr--Queries(rank=84); ARCHS4--Coexpression(rank=137); GTEx--Coexpression(rank=168)","130","0.033669999999999999","ReMap ChIP-seq,0.03367"
"SMAD4","2.591523337828877782","2.591523337828877782","2.591523337828877782","Activated","54","viper","54","2.591523337828877782",NA,NA,"5","Literature--ChIP-seq(rank=11); ReMap--ChIP-seq(rank=66); ARCHS4--Coexpression(rank=826); GTEx--Coexpression(rank=1170); Enrichr--Queries(rank=1303)","244","0.067070000000000005","Literature ChIP-seq,0.06707"
"NR4A1","2.584485221044086067","2.584485221044086067","2.584485221044086067","Activated","55","viper","55","2.584485221044086067",NA,NA,"4","GTEx--Coexpression(rank=2); ARCHS4--Coexpression(rank=7); Enrichr--Queries(rank=28); ReMap--ChIP-seq(rank=89)","5","0.001245000000000000","GTEx Coexpression,0.001245"
"POU5F1","2.552954278703214008","2.552954278703214008","2.552954278703214008","Activated","56","viper","56","2.552954278703214008",NA,NA,"5","Literature--ChIP-seq(rank=64); GTEx--Coexpression(rank=161); ReMap--ChIP-seq(rank=267); Enrichr--Queries(rank=918); ARCHS4--Coexpression(rank=1017)","357","0.100199999999999997","GTEx Coexpression,0.1002"
"LEF1","-2.529670782546669994","-2.529670782546669994","2.529670782546669994","Repressed","57","viper","57","2.529670782546669994",NA,NA,"4","ReMap--ChIP-seq(rank=224); ARCHS4--Coexpression(rank=312); Enrichr--Queries(rank=565); GTEx--Coexpression(rank=627)","660","0.191599999999999993","ARCHS4 Coexpression,0.1916"
"AHR","2.518663755695233597","2.518663755695233597","2.518663755695233597","Activated","58","viper","58","2.518663755695233597",NA,NA,"5","Literature--ChIP-seq(rank=28); Enrichr--Queries(rank=45); ReMap--ChIP-seq(rank=112); ARCHS4--Coexpression(rank=199); GTEx--Coexpression(rank=1172)","125","0.032050000000000002","Enrichr Queries,0.03205"
"FOXL2","2.504073007066805800","2.504073007066805800","2.504073007066805800","Activated","59","viper","59","2.504073007066805800",NA,NA,"3","GTEx--Coexpression(rank=287); Enrichr--Queries(rank=436); ARCHS4--Coexpression(rank=866)","619","0.178600000000000009","GTEx Coexpression,0.1786"
"TFAP4","2.499245516255911959","2.499245516255911959","2.499245516255911959","Activated","60","viper","60","2.499245516255911959",NA,NA,"4","ReMap--ChIP-seq(rank=48); Enrichr--Queries(rank=414); ARCHS4--Coexpression(rank=565); GTEx--Coexpression(rank=1021)","560","0.161599999999999994","ReMap ChIP-seq,0.1616"
"SMAD3","2.472611501566603476","2.472611501566603476","2.472611501566603476","Activated","61","viper","61","2.472611501566603476",NA,NA,"5","ReMap--ChIP-seq(rank=5); Literature--ChIP-seq(rank=8); Enrichr--Queries(rank=219); GTEx--Coexpression(rank=715); ARCHS4--Coexpression(rank=1201)","66","0.016840000000000001","ReMap ChIP-seq,0.01684"
"NEUROD1","2.427180090494406528","2.427180090494406528","2.427180090494406528","Activated","62","viper","62","2.427180090494406528",NA,NA,"4","ReMap--ChIP-seq(rank=149); ARCHS4--Coexpression(rank=418); GTEx--Coexpression(rank=972); Enrichr--Queries(rank=1266)","836","0.256799999999999973","ARCHS4 Coexpression,0.2568"
"RBPJ","2.404457897148966961","2.404457897148966961","2.404457897148966961","Activated","63","viper","63","2.404457897148966961",NA,NA,"5","Literature--ChIP-seq(rank=98); ReMap--ChIP-seq(rank=150); GTEx--Coexpression(rank=566); Enrichr--Queries(rank=931); ARCHS4--Coexpression(rank=1525)","1071","0.352200000000000013","GTEx Coexpression,0.3522"
"ELF1","2.378852828380810802","2.378852828380810802","2.378852828380810802","Activated","64","viper","64","2.378852828380810802",NA,NA,"5","ARCHS4--Coexpression(rank=78); ENCODE--ChIP-seq(rank=78); Literature--ChIP-seq(rank=89); ReMap--ChIP-seq(rank=233); GTEx--Coexpression(rank=1038)","188","0.047910000000000001","ARCHS4 Coexpression,0.04791"
"KLF4","2.377924612922357905","2.377924612922357905","2.377924612922357905","Activated","65","viper","65","2.377924612922357905",NA,NA,"5","Enrichr--Queries(rank=29); ARCHS4--Coexpression(rank=39); GTEx--Coexpression(rank=43); ReMap--ChIP-seq(rank=95); Literature--ChIP-seq(rank=103)","78","0.020660000000000001","Enrichr Queries,0.02066"
"ZNF592","2.364587458217898952","2.364587458217898952","2.364587458217898952","Activated","66","viper","66","2.364587458217898952",NA,NA,"4","ReMap--ChIP-seq(rank=52); GTEx--Coexpression(rank=170); ARCHS4--Coexpression(rank=675); Enrichr--Queries(rank=1301)","378","0.105800000000000005","GTEx Coexpression,0.1058"
"MBD1","2.343206654506153619","2.343206654506153619","2.343206654506153619","Activated","67","viper","67","2.343206654506153619",NA,NA,"3","ARCHS4--Coexpression(rank=566); Enrichr--Queries(rank=654); GTEx--Coexpression(rank=714)","1058","0.347700000000000009","ARCHS4 Coexpression,0.3477"
"REL","2.340650729983974276","2.340650729983974276","2.340650729983974276","Activated","68","viper","68","2.340650729983974276",NA,NA,"3","ARCHS4--Coexpression(rank=68); Enrichr--Queries(rank=182); GTEx--Coexpression(rank=185)","163","0.041770000000000002","ARCHS4 Coexpression,0.04177"
"FOXP1","-2.312958246615444136","-2.312958246615444136","2.312958246615444136","Repressed","69","viper","69","2.312958246615444136",NA,NA,"5","Literature--ChIP-seq(rank=55); ReMap--ChIP-seq(rank=285); GTEx--Coexpression(rank=393); ARCHS4--Coexpression(rank=570); Enrichr--Queries(rank=1185)","802","0.244600000000000012","GTEx Coexpression,0.2446"
"THAP1","-2.300035050617553090","-2.300035050617553090","2.300035050617553090","Repressed","70","viper","70","2.300035050617553090",NA,NA,"5","ENCODE--ChIP-seq(rank=94); ReMap--ChIP-seq(rank=250); Enrichr--Queries(rank=373); ARCHS4--Coexpression(rank=1128); GTEx--Coexpression(rank=1136)","861","0.265699999999999992","Enrichr Queries,0.2657"
"ZBTB11","2.296555375396274634","2.296555375396274634","2.296555375396274634","Activated","71","viper","71","2.296555375396274634",NA,NA,"4","ReMap--ChIP-seq(rank=197); ARCHS4--Coexpression(rank=610); GTEx--Coexpression(rank=1035); Enrichr--Queries(rank=1217)","1123","0.374699999999999978","ARCHS4 Coexpression,0.3747"
"POU2F1","2.272578963965636412","2.272578963965636412","2.272578963965636412","Activated","72","viper","72","2.272578963965636412",NA,NA,"4","ReMap--ChIP-seq(rank=211); GTEx--Coexpression(rank=991); Enrichr--Queries(rank=1101); ARCHS4--Coexpression(rank=1150)","1467","0.616700000000000026","GTEx Coexpression,0.6167"
"MAZ","-2.262860837443340323","-2.262860837443340323","2.262860837443340323","Repressed","73","viper","73","2.262860837443340323",NA,NA,"5","ENCODE--ChIP-seq(rank=75); ReMap--ChIP-seq(rank=220); GTEx--Coexpression(rank=707); ARCHS4--Coexpression(rank=1039); Enrichr--Queries(rank=1154)","1238","0.440000000000000002","GTEx Coexpression,0.44"
"CEBPB","2.254088496908838390","2.254088496908838390","2.254088496908838390","Activated","74","viper","74","2.254088496908838390",NA,NA,"6","ENCODE--ChIP-seq(rank=12); Enrichr--Queries(rank=39); Literature--ChIP-seq(rank=76); ReMap--ChIP-seq(rank=84); ARCHS4--Coexpression(rank=784); GTEx--Coexpression(rank=857)","105","0.027779999999999999","Enrichr Queries,0.02778"
"HNF4G","2.245480355965683295","2.245480355965683295","2.245480355965683295","Activated","75","viper","75","2.245480355965683295",NA,NA,"5","ARCHS4--Coexpression(rank=12); ReMap--ChIP-seq(rank=31); GTEx--Coexpression(rank=38); ENCODE--ChIP-seq(rank=98); Enrichr--Queries(rank=784)","28","0.007371000000000000","ARCHS4 Coexpression,0.007371"
"MAFG","2.239452986979098004","2.239452986979098004","2.239452986979098004","Activated","76","viper","76","2.239452986979098004",NA,NA,"4","Enrichr--Queries(rank=25); GTEx--Coexpression(rank=94); ReMap--ChIP-seq(rank=131); ARCHS4--Coexpression(rank=792)","69","0.017809999999999999","Enrichr Queries,0.01781"
"GRHL2","2.218916052614923640","2.218916052614923640","2.218916052614923640","Activated","77","viper","77","2.218916052614923640",NA,NA,"5","ReMap--ChIP-seq(rank=4); Literature--ChIP-seq(rank=126); ARCHS4--Coexpression(rank=181); GTEx--Coexpression(rank=187); Enrichr--Queries(rank=639)","50","0.013469999999999999","ReMap ChIP-seq,0.01347"
"STAT3","2.205077529227015276","2.205077529227015276","2.205077529227015276","Activated","78","viper","78","2.205077529227015276",NA,NA,"6","ENCODE--ChIP-seq(rank=8); Literature--ChIP-seq(rank=9); ARCHS4--Coexpression(rank=24); ReMap--ChIP-seq(rank=94); Enrichr--Queries(rank=750); GTEx--Coexpression(rank=1128)","56","0.014740000000000000","ARCHS4 Coexpression,0.01474"
"IKZF1","2.173448188027367944","2.173448188027367944","2.173448188027367944","Activated","79","viper","79","2.173448188027367944",NA,NA,"6","ReMap--ChIP-seq(rank=21); ENCODE--ChIP-seq(rank=27); Literature--ChIP-seq(rank=117); ARCHS4--Coexpression(rank=124); GTEx--Coexpression(rank=802); Enrichr--Queries(rank=822)","259","0.070709999999999995","ReMap ChIP-seq,0.07071"
"NFATC1","2.149932131207475283","2.149932131207475283","2.149932131207475283","Activated","80","viper","80","2.149932131207475283",NA,NA,"5","GTEx--Coexpression(rank=44); ARCHS4--Coexpression(rank=99); Enrichr--Queries(rank=108); ENCODE--ChIP-seq(rank=111); ReMap--ChIP-seq(rank=239)","103","0.027380000000000002","GTEx Coexpression,0.02738"
"GATA3","2.126989707255984463","2.126989707255984463","2.126989707255984463","Activated","81","viper","81","2.126989707255984463",NA,NA,"6","ENCODE--ChIP-seq(rank=11); Literature--ChIP-seq(rank=15); ReMap--ChIP-seq(rank=111); GTEx--Coexpression(rank=120); Enrichr--Queries(rank=198); ARCHS4--Coexpression(rank=374)","272","0.074670000000000000","GTEx Coexpression,0.07467"
"PBX3","2.125143106623320399","2.125143106623320399","2.125143106623320399","Activated","82","viper","82","2.125143106623320399",NA,NA,"5","ENCODE--ChIP-seq(rank=85); ReMap--ChIP-seq(rank=203); GTEx--Coexpression(rank=335); Enrichr--Queries(rank=586); ARCHS4--Coexpression(rank=682)","715","0.208499999999999991","GTEx Coexpression,0.2085"
"FOSL2","2.109861803893902543","2.109861803893902543","2.109861803893902543","Activated","83","viper","83","2.109861803893902543",NA,NA,"5","ENCODE--ChIP-seq(rank=4); ReMap--ChIP-seq(rank=14); Enrichr--Queries(rank=19); ARCHS4--Coexpression(rank=352); GTEx--Coexpression(rank=374)","52","0.013530000000000000","Enrichr Queries,0.01353"
"CEBPG","2.107846552936726514","2.107846552936726514","2.107846552936726514","Activated","84","viper","84","2.107846552936726514",NA,NA,"4","Enrichr--Queries(rank=66); ReMap--ChIP-seq(rank=97); GTEx--Coexpression(rank=428); ARCHS4--Coexpression(rank=1173)","184","0.047010000000000003","Enrichr Queries,0.04701"
"OTX2","2.101062603337200407","2.101062603337200407","2.101062603337200407","Activated","85","viper","85","2.101062603337200407",NA,NA,"4","ReMap--ChIP-seq(rank=195); GTEx--Coexpression(rank=1208); Enrichr--Queries(rank=1331); ARCHS4--Coexpression(rank=1398)","1505","0.656599999999999961","ReMap ChIP-seq,0.6566"
"ARNT","2.065763979383341109","2.065763979383341109","2.065763979383341109","Activated","86","viper","86","2.065763979383341109",NA,NA,"5","ReMap--ChIP-seq(rank=29); Literature--ChIP-seq(rank=50); ARCHS4--Coexpression(rank=845); GTEx--Coexpression(rank=1050); Enrichr--Queries(rank=1161)","350","0.097640000000000005","ReMap ChIP-seq,0.09764"
"E2F5","-2.063805756770127786","-2.063805756770127786","2.063805756770127786","Repressed","87","viper","87","2.063805756770127786",NA,NA,"4","ReMap--ChIP-seq(rank=122); Enrichr--Queries(rank=451); GTEx--Coexpression(rank=901); ARCHS4--Coexpression(rank=1371)","993","0.321199999999999986","Enrichr Queries,0.3212"
"IRF9","2.051941724034190173","2.051941724034190173","2.051941724034190173","Activated","88","viper","88","2.051941724034190173",NA,NA,"4","Enrichr--Queries(rank=62); ReMap--ChIP-seq(rank=74); ARCHS4--Coexpression(rank=171); GTEx--Coexpression(rank=658)","173","0.044159999999999998","Enrichr Queries,0.04416"
"ATF3","-2.026376772749468369","-2.026376772749468369","2.026376772749468369","Repressed","89","viper","89","2.026376772749468369",NA,NA,"6","ARCHS4--Coexpression(rank=1); Enrichr--Queries(rank=3); GTEx--Coexpression(rank=3); Literature--ChIP-seq(rank=3); ReMap--ChIP-seq(rank=51); ENCODE--ChIP-seq(rank=77)","1","0.000614300000000000","ARCHS4 Coexpression,6.143E-4"
"WT1","2.019001819078331206","2.019001819078331206","2.019001819078331206","Activated","90","viper","90","2.019001819078331206",NA,NA,"4","Literature--ChIP-seq(rank=44); Enrichr--Queries(rank=222); GTEx--Coexpression(rank=346); ARCHS4--Coexpression(rank=612)","548","0.158099999999999991","Enrichr Queries,0.1581"
"ZNF639","-1.997623470184864303","-1.997623470184864303","1.997623470184864303","Repressed","91","viper","91","1.997623470184864303",NA,NA,"4","ReMap--ChIP-seq(rank=251); ARCHS4--Coexpression(rank=581); Enrichr--Queries(rank=1190); GTEx--Coexpression(rank=1569)","1082","0.356899999999999995","ARCHS4 Coexpression,0.3569"
"CREM","1.957015053702158003","1.957015053702158003","1.957015053702158003","Activated","92","viper","92","1.957015053702158003",NA,NA,"5","Enrichr--Queries(rank=23); ARCHS4--Coexpression(rank=100); Literature--ChIP-seq(rank=149); ReMap--ChIP-seq(rank=173); GTEx--Coexpression(rank=524)","64","0.016379999999999999","Enrichr Queries,0.01638"
"EHF","1.936192703288702743","1.936192703288702743","1.936192703288702743","Activated","93","viper","93","1.936192703288702743",NA,NA,"4","ARCHS4--Coexpression(rank=6); GTEx--Coexpression(rank=13); Enrichr--Queries(rank=124); ReMap--ChIP-seq(rank=222)","14","0.003686000000000000","ARCHS4 Coexpression,0.003686"
"HMBOX1","-1.915936784016107230","-1.915936784016107230","1.915936784016107230","Repressed","94","viper","94","1.915936784016107230",NA,NA,"4","ReMap--ChIP-seq(rank=103); GTEx--Coexpression(rank=332); ARCHS4--Coexpression(rank=606); Enrichr--Queries(rank=1053)","709","0.206600000000000006","GTEx Coexpression,0.2066"
"GATA6","1.908104838944155057","1.908104838944155057","1.908104838944155057","Activated","95","viper","95","1.908104838944155057",NA,NA,"5","ReMap--ChIP-seq(rank=39); Literature--ChIP-seq(rank=43); Enrichr--Queries(rank=112); ARCHS4--Coexpression(rank=205); GTEx--Coexpression(rank=483)","292","0.079769999999999994","Enrichr Queries,0.07977"
"LHX2","1.907796570244473688","1.907796570244473688","1.907796570244473688","Activated","96","viper","96","1.907796570244473688",NA,NA,"4","ReMap--ChIP-seq(rank=196); Enrichr--Queries(rank=454); ARCHS4--Coexpression(rank=598); GTEx--Coexpression(rank=1446)","998","0.323400000000000021","Enrichr Queries,0.3234"
"TCF4","1.899649640892880020","1.899649640892880020","1.899649640892880020","Activated","97","viper","97","1.899649640892880020",NA,NA,"5","ReMap--ChIP-seq(rank=16); Literature--ChIP-seq(rank=41); GTEx--Coexpression(rank=87); ARCHS4--Coexpression(rank=563); Enrichr--Queries(rank=781)","206","0.053870000000000001","ReMap ChIP-seq,0.05387"
"GABPA","1.897400978649872449","1.897400978649872449","1.897400978649872449","Activated","98","viper","98","1.897400978649872449",NA,NA,"6","Literature--ChIP-seq(rank=32); ENCODE--ChIP-seq(rank=96); ReMap--ChIP-seq(rank=293); GTEx--Coexpression(rank=487); Enrichr--Queries(rank=1176); ARCHS4--Coexpression(rank=1210)","673","0.195099999999999996","Literature ChIP-seq,0.1951"
"EBF1","1.887281058799688882","1.887281058799688882","1.887281058799688882","Activated","99","viper","99","1.887281058799688882",NA,NA,"5","ENCODE--ChIP-seq(rank=116); ReMap--ChIP-seq(rank=151); ARCHS4--Coexpression(rank=166); GTEx--Coexpression(rank=256); Enrichr--Queries(rank=882)","366","0.101999999999999993","ARCHS4 Coexpression,0.102"
"RARA","1.886160354493257696","1.886160354493257696","1.886160354493257696","Activated","100","viper","100","1.886160354493257696",NA,NA,"5","Literature--ChIP-seq(rank=49); Enrichr--Queries(rank=110); ARCHS4--Coexpression(rank=188); ReMap--ChIP-seq(rank=209); GTEx--Coexpression(rank=801)","285","0.078350000000000003","Enrichr Queries,0.07835"
"PBX2","1.880772734054503514","1.880772734054503514","1.880772734054503514","Activated","101","viper","101","1.880772734054503514",NA,NA,"4","ReMap--ChIP-seq(rank=15); GTEx--Coexpression(rank=587); ARCHS4--Coexpression(rank=705); Enrichr--Queries(rank=944)","199","0.050509999999999999","ReMap ChIP-seq,0.05051"
"NANOG","1.860429535819575264","1.860429535819575264","1.860429535819575264","Activated","102","viper","102","1.860429535819575264",NA,NA,"6","Literature--ChIP-seq(rank=7); ENCODE--ChIP-seq(rank=49); ReMap--ChIP-seq(rank=262); GTEx--Coexpression(rank=289); Enrichr--Queries(rank=662); ARCHS4--Coexpression(rank=1388)","166","0.042680000000000003","Literature ChIP-seq,0.04268"
"KLF5","1.837104361353564919","1.837104361353564919","1.837104361353564919","Activated","103","viper","103","1.837104361353564919",NA,NA,"5","ARCHS4--Coexpression(rank=34); Enrichr--Queries(rank=46); Literature--ChIP-seq(rank=83); GTEx--Coexpression(rank=115); ReMap--ChIP-seq(rank=115)","79","0.020879999999999999","ARCHS4 Coexpression,0.02088"
"HSF1","1.827508101874010693","1.827508101874010693","1.827508101874010693","Activated","104","viper","104","1.827508101874010693",NA,NA,"5","Literature--ChIP-seq(rank=27); ENCODE--ChIP-seq(rank=36); ReMap--ChIP-seq(rank=260); GTEx--Coexpression(rank=771); ARCHS4--Coexpression(rank=1424)","572","0.164599999999999996","Literature ChIP-seq,0.1646"
"FOXA1","1.827025190632874052","1.827025190632874052","1.827025190632874052","Activated","105","viper","105","1.827025190632874052",NA,NA,"6","ENCODE--ChIP-seq(rank=37); ReMap--ChIP-seq(rank=83); Literature--ChIP-seq(rank=85); Enrichr--Queries(rank=201); ARCHS4--Coexpression(rank=399); GTEx--Coexpression(rank=1417)","499","0.143199999999999994","Enrichr Queries,0.1432"
"ARID2","1.800623642211862885","1.800623642211862885","1.800623642211862885","Activated","106","viper","106","1.800623642211862885",NA,NA,"4","ReMap--ChIP-seq(rank=140); GTEx--Coexpression(rank=262); ARCHS4--Coexpression(rank=447); Enrichr--Queries(rank=1206)","564","0.163000000000000006","GTEx Coexpression,0.163"
"IRF2","1.790067282411657690","1.790067282411657690","1.790067282411657690","Activated","107","viper","107","1.790067282411657690",NA,NA,"4","ReMap--ChIP-seq(rank=215); ARCHS4--Coexpression(rank=218); Enrichr--Queries(rank=405); GTEx--Coexpression(rank=884)","467","0.133899999999999991","ARCHS4 Coexpression,0.1339"
"ETV1","1.785540347103441672","1.785540347103441672","1.785540347103441672","Activated","108","viper","108","1.785540347103441672",NA,NA,"4","ReMap--ChIP-seq(rank=218); Enrichr--Queries(rank=516); GTEx--Coexpression(rank=912); ARCHS4--Coexpression(rank=1503)","1108","0.367499999999999993","Enrichr Queries,0.3675"
"MAX","1.764225217771097087","1.764225217771097087","1.764225217771097087","Activated","109","viper","109","1.764225217771097087",NA,NA,"5","ENCODE--ChIP-seq(rank=28); ReMap--ChIP-seq(rank=184); GTEx--Coexpression(rank=228); Enrichr--Queries(rank=805); ARCHS4--Coexpression(rank=1556)","493","0.141899999999999998","GTEx Coexpression,0.1419"
"NCOA2","1.750272519933817161","1.750272519933817161","1.750272519933817161","Activated","110","viper","110","1.750272519933817161",NA,NA,"4","ReMap--ChIP-seq(rank=41); ARCHS4--Coexpression(rank=270); GTEx--Coexpression(rank=437); Enrichr--Queries(rank=1297)","478","0.138000000000000012","ReMap ChIP-seq,0.138"
"ERG","1.722452650514660011","1.722452650514660011","1.722452650514660011","Activated","111","viper","111","1.722452650514660011",NA,NA,"5","GTEx--Coexpression(rank=69); Literature--ChIP-seq(rank=109); ARCHS4--Coexpression(rank=116); ReMap--ChIP-seq(rank=264); Enrichr--Queries(rank=711)","168","0.042939999999999999","GTEx Coexpression,0.04294"
"NFKB2","-1.721632738919816941","-1.721632738919816941","1.721632738919816941","Repressed","112","viper","112","1.721632738919816941",NA,NA,"4","Enrichr--Queries(rank=43); ARCHS4--Coexpression(rank=93); ReMap--ChIP-seq(rank=205); GTEx--Coexpression(rank=790)","119","0.030630000000000001","Enrichr Queries,0.03063"
"ZNF24","-1.719360558209196199","-1.719360558209196199","1.719360558209196199","Repressed","113","viper","113","1.719360558209196199",NA,NA,"4","ReMap--ChIP-seq(rank=104); Enrichr--Queries(rank=1290); ARCHS4--Coexpression(rank=1375); GTEx--Coexpression(rank=1465)","1064","0.350200000000000011","ReMap ChIP-seq,0.3502"
"MYB","-1.709227951231942377","-1.709227951231942377","1.709227951231942377","Repressed","114","viper","114","1.709227951231942377",NA,NA,"6","ReMap--ChIP-seq(rank=64); ENCODE--ChIP-seq(rank=118); Literature--ChIP-seq(rank=134); Enrichr--Queries(rank=632); ARCHS4--Coexpression(rank=849); GTEx--Coexpression(rank=1090)","735","0.215499999999999997","ReMap ChIP-seq,0.2155"
"KLF9","1.685240724405331347","1.685240724405331347","1.685240724405331347","Activated","115","viper","115","1.685240724405331347",NA,NA,"4","ARCHS4--Coexpression(rank=28); Enrichr--Queries(rank=47); ReMap--ChIP-seq(rank=277); GTEx--Coexpression(rank=836)","68","0.017200000000000000","ARCHS4 Coexpression,0.0172"
"ESR2","1.679062114968132624","1.679062114968132624","1.679062114968132624","Activated","116","viper","116","1.679062114968132624",NA,NA,"5","Literature--ChIP-seq(rank=10); ReMap--ChIP-seq(rank=121); ARCHS4--Coexpression(rank=448); Enrichr--Queries(rank=780); GTEx--Coexpression(rank=1443)","228","0.060979999999999999","Literature ChIP-seq,0.06098"
"SOX11","1.666575120383846587","1.666575120383846587","1.666575120383846587","Activated","117","viper","117","1.666575120383846587",NA,NA,"5","Literature--ChIP-seq(rank=78); ReMap--ChIP-seq(rank=231); ARCHS4--Coexpression(rank=524); Enrichr--Queries(rank=1026); GTEx--Coexpression(rank=1590)","995","0.321900000000000019","ARCHS4 Coexpression,0.3219"
"TBP","1.666032333280205835","1.666032333280205835","1.666032333280205835","Activated","118","viper","118","1.666032333280205835",NA,NA,"5","ENCODE--ChIP-seq(rank=62); Literature--ChIP-seq(rank=131); ReMap--ChIP-seq(rank=154); GTEx--Coexpression(rank=850); ARCHS4--Coexpression(rank=1453)","1346","0.518499999999999961","ReMap ChIP-seq,0.5185"
"EPAS1","1.639595446431907577","1.639595446431907577","1.639595446431907577","Activated","119","viper","119","1.639595446431907577",NA,NA,"4","GTEx--Coexpression(rank=50); Enrichr--Queries(rank=75); ReMap--ChIP-seq(rank=172); ARCHS4--Coexpression(rank=307)","121","0.031109999999999999","GTEx Coexpression,0.03111"
"TP63","1.630021604001119506","1.630021604001119506","1.630021604001119506","Activated","120","viper","120","1.630021604001119506",NA,NA,"5","Literature--ChIP-seq(rank=82); GTEx--Coexpression(rank=196); ReMap--ChIP-seq(rank=206); Enrichr--Queries(rank=223); ARCHS4--Coexpression(rank=415)","431","0.121999999999999997","GTEx Coexpression,0.122"
"ETS1","1.629679801489913427","1.629679801489913427","1.629679801489913427","Activated","121","viper","121","1.629679801489913427",NA,NA,"6","ENCODE--ChIP-seq(rank=55); ReMap--ChIP-seq(rank=144); Literature--ChIP-seq(rank=148); Enrichr--Queries(rank=295); GTEx--Coexpression(rank=299); ARCHS4--Coexpression(rank=328)","641","0.186099999999999988","GTEx Coexpression,0.1861"
"PPARG","1.627829597257845817","1.627829597257845817","1.627829597257845817","Activated","122","viper","122","1.627829597257845817",NA,NA,"5","ReMap--ChIP-seq(rank=18); Literature--ChIP-seq(rank=24); Enrichr--Queries(rank=52); GTEx--Coexpression(rank=68); ARCHS4--Coexpression(rank=118)","144","0.037039999999999997","Enrichr Queries,0.03704"
"THAP11","1.624355639923500183","1.624355639923500183","1.624355639923500183","Activated","123","viper","123","1.624355639923500183",NA,NA,"5","Literature--ChIP-seq(rank=145); ReMap--ChIP-seq(rank=223); GTEx--Coexpression(rank=589); Enrichr--Queries(rank=1228); ARCHS4--Coexpression(rank=1593)","1107","0.366499999999999992","GTEx Coexpression,0.3665"
"TCF3","-1.618420190454383345","-1.618420190454383345","1.618420190454383345","Repressed","124","viper","124","1.618420190454383345",NA,NA,"6","Literature--ChIP-seq(rank=13); ENCODE--ChIP-seq(rank=52); ReMap--ChIP-seq(rank=273); ARCHS4--Coexpression(rank=1030); GTEx--Coexpression(rank=1133); Enrichr--Queries(rank=1164)","290","0.079269999999999993","Literature ChIP-seq,0.07927"
"ATF2","1.604985775294049510","1.604985775294049510","1.604985775294049510","Activated","125","viper","125","1.604985775294049510",NA,NA,"5","ENCODE--ChIP-seq(rank=73); ReMap--ChIP-seq(rank=236); GTEx--Coexpression(rank=773); Enrichr--Queries(rank=1100); ARCHS4--Coexpression(rank=1290)","1297","0.480999999999999983","GTEx Coexpression,0.481"
"FOXO4","1.602042145031553622","1.602042145031553622","1.602042145031553622","Activated","126","viper","126","1.602042145031553622",NA,NA,"3","Enrichr--Queries(rank=215); ARCHS4--Coexpression(rank=308); GTEx--Coexpression(rank=1469)","532","0.153100000000000014","Enrichr Queries,0.1531"
"E2F6","1.568130942405007611","1.568130942405007611","1.568130942405007611","Activated","127","viper","127","1.568130942405007611",NA,NA,"5","ENCODE--ChIP-seq(rank=90); ReMap--ChIP-seq(rank=245); GTEx--Coexpression(rank=285); Enrichr--Queries(rank=382); ARCHS4--Coexpression(rank=599)","611","0.177300000000000013","GTEx Coexpression,0.1773"
"ELK1","1.558516140663014360","1.558516140663014360","1.558516140663014360","Activated","128","viper","128","1.558516140663014360",NA,NA,"5","Literature--ChIP-seq(rank=37); ENCODE--ChIP-seq(rank=106); ReMap--ChIP-seq(rank=242); GTEx--Coexpression(rank=987); ARCHS4--Coexpression(rank=1429)","757","0.225599999999999995","Literature ChIP-seq,0.2256"
"PAX6","1.521640580224462136","1.521640580224462136","1.521640580224462136","Activated","129","viper","129","1.521640580224462136",NA,NA,"5","Literature--ChIP-seq(rank=152); ReMap--ChIP-seq(rank=163); ARCHS4--Coexpression(rank=355); Enrichr--Queries(rank=872); GTEx--Coexpression(rank=1214)","738","0.218099999999999988","ARCHS4 Coexpression,0.2181"
"ESRRA","1.511034847114867352","1.511034847114867352","1.511034847114867352","Activated","130","viper","130","1.511034847114867352",NA,NA,"5","ReMap--ChIP-seq(rank=19); ENCODE--ChIP-seq(rank=99); Enrichr--Queries(rank=554); GTEx--Coexpression(rank=858); ARCHS4--Coexpression(rank=1292)","237","0.063969999999999999","ReMap ChIP-seq,0.06397"
"KLF6","1.504003954673236665","1.504003954673236665","1.504003954673236665","Activated","131","viper","131","1.504003954673236665",NA,NA,"4","ReMap--ChIP-seq(rank=3); Enrichr--Queries(rank=81); ARCHS4--Coexpression(rank=92); GTEx--Coexpression(rank=218)","41","0.010100000000000000","ReMap ChIP-seq,0.0101"
"NR1H2","1.494360711563627042","1.494360711563627042","1.494360711563627042","Activated","132","viper","132","1.494360711563627042",NA,NA,"4","ReMap--ChIP-seq(rank=25); ARCHS4--Coexpression(rank=521); GTEx--Coexpression(rank=698); Enrichr--Queries(rank=817)","306","0.084180000000000005","ReMap ChIP-seq,0.08418"
"IRF1","1.488283485293710129","1.488283485293710129","1.488283485293710129","Activated","133","viper","133","1.488283485293710129",NA,NA,"6","ReMap--ChIP-seq(rank=8); Literature--ChIP-seq(rank=80); ARCHS4--Coexpression(rank=84); Enrichr--Queries(rank=94); ENCODE--ChIP-seq(rank=112); GTEx--Coexpression(rank=436)","101","0.026939999999999999","ReMap ChIP-seq,0.02694"
"TFAP2A","1.479347676545230916","1.479347676545230916","1.479347676545230916","Activated","134","viper","134","1.479347676545230916",NA,NA,"6","ENCODE--ChIP-seq(rank=41); GTEx--Coexpression(rank=97); Literature--ChIP-seq(rank=125); ReMap--ChIP-seq(rank=128); Enrichr--Queries(rank=615); ARCHS4--Coexpression(rank=678)","227","0.060359999999999997","GTEx Coexpression,0.06036"
"ELK4","1.470128903189383607","1.470128903189383607","1.470128903189383607","Activated","135","viper","135","1.470128903189383607",NA,NA,"5","ENCODE--ChIP-seq(rank=82); ReMap--ChIP-seq(rank=255); ARCHS4--Coexpression(rank=577); Enrichr--Queries(rank=940); GTEx--Coexpression(rank=1179)","1074","0.354399999999999993","ARCHS4 Coexpression,0.3544"
"BHLHE22","-1.466560669689211727","-1.466560669689211727","1.466560669689211727","Repressed","136","viper","136","1.466560669689211727",NA,NA,"3","ReMap--ChIP-seq(rank=162); ARCHS4--Coexpression(rank=320); GTEx--Coexpression(rank=762)","677","0.196599999999999997","ARCHS4 Coexpression,0.1966"
"GFI1B","1.457543757858559941","1.457543757858559941","1.457543757858559941","Activated","137","viper","137","1.457543757858559941",NA,NA,"5","Literature--ChIP-seq(rank=71); ReMap--ChIP-seq(rank=116); Enrichr--Queries(rank=549); GTEx--Coexpression(rank=997); ARCHS4--Coexpression(rank=1497)","1156","0.390600000000000003","ReMap ChIP-seq,0.3906"
"FOXK2","1.422046446490125904","1.422046446490125904","1.422046446490125904","Activated","138","viper","138","1.422046446490125904",NA,NA,"4","ReMap--ChIP-seq(rank=113); GTEx--Coexpression(rank=594); ARCHS4--Coexpression(rank=1132); Enrichr--Queries(rank=1380)","1111","0.369599999999999984","GTEx Coexpression,0.3696"
"MYOD1","1.422046409481052098","1.422046409481052098","1.422046409481052098","Activated","139","viper","139","1.422046409481052098",NA,NA,"5","ENCODE--ChIP-seq(rank=46); GTEx--Coexpression(rank=89); ARCHS4--Coexpression(rank=167); ReMap--ChIP-seq(rank=201); Enrichr--Queries(rank=569)","211","0.055379999999999999","GTEx Coexpression,0.05538"
"HOXA9","1.416594614559037124","1.416594614559037124","1.416594614559037124","Activated","140","viper","140","1.416594614559037124",NA,NA,"4","GTEx--Coexpression(rank=60); ReMap--ChIP-seq(rank=290); Enrichr--Queries(rank=570); ARCHS4--Coexpression(rank=1535)","145","0.037339999999999998","GTEx Coexpression,0.03734"
"SIX2","1.410926657980025700","1.410926657980025700","1.410926657980025700","Activated","141","viper","141","1.410926657980025700",NA,NA,"4","ReMap--ChIP-seq(rank=179); GTEx--Coexpression(rank=320); Enrichr--Queries(rank=610); ARCHS4--Coexpression(rank=1264)","683","0.199099999999999999","GTEx Coexpression,0.1991"
"ZKSCAN1","1.405676925054805348","1.405676925054805348","1.405676925054805348","Activated","142","viper","142","1.405676925054805348",NA,NA,"5","ENCODE--ChIP-seq(rank=76); ReMap--ChIP-seq(rank=145); GTEx--Coexpression(rank=835); ARCHS4--Coexpression(rank=967); Enrichr--Queries(rank=1292)","1307","0.488200000000000023","ReMap ChIP-seq,0.4882"
"TEAD4","1.397726182719437382","1.397726182719437382","1.397726182719437382","Activated","143","viper","143","1.397726182719437382",NA,NA,"6","ENCODE--ChIP-seq(rank=7); GTEx--Coexpression(rank=46); ReMap--ChIP-seq(rank=58); Literature--ChIP-seq(rank=110); Enrichr--Queries(rank=147); ARCHS4--Coexpression(rank=951)","109","0.028620000000000000","GTEx Coexpression,0.02862"
"KDM5B","1.393425370189989909","1.393425370189989909","1.393425370189989909","Activated","144","viper","144","1.393425370189989909",NA,NA,"5","ENCODE--ChIP-seq(rank=80); Literature--ChIP-seq(rank=150); ReMap--ChIP-seq(rank=241); GTEx--Coexpression(rank=711); ARCHS4--Coexpression(rank=777)","1242","0.442400000000000015","GTEx Coexpression,0.4424"
"MEF2B","1.386749502628084718","1.386749502628084718","1.386749502628084718","Activated","145","viper","145","1.386749502628084718",NA,NA,"4","Enrichr--Queries(rank=154); ReMap--ChIP-seq(rank=244); ARCHS4--Coexpression(rank=338); GTEx--Coexpression(rank=876)","390","0.109700000000000006","Enrichr Queries,0.1097"
"FOXP2","-1.374159456916178135","-1.374159456916178135","1.374159456916178135","Repressed","146","viper","146","1.374159456916178135",NA,NA,"6","ENCODE--ChIP-seq(rank=91); Literature--ChIP-seq(rank=102); ReMap--ChIP-seq(rank=182); GTEx--Coexpression(rank=391); ARCHS4--Coexpression(rank=938); Enrichr--Queries(rank=1035)","800","0.243299999999999988","GTEx Coexpression,0.2433"
"KLF3","1.314614726896030872","1.314614726896030872","1.314614726896030872","Activated","147","viper","147","1.314614726896030872",NA,NA,"4","ReMap--ChIP-seq(rank=129); ARCHS4--Coexpression(rank=142); Enrichr--Queries(rank=322); GTEx--Coexpression(rank=430)","317","0.087220000000000006","ARCHS4 Coexpression,0.08722"
"STAT2","1.307431659817758884","1.307431659817758884","1.307431659817758884","Activated","148","viper","148","1.307431659817758884",NA,NA,"5","ENCODE--ChIP-seq(rank=40); ReMap--ChIP-seq(rank=78); Enrichr--Queries(rank=130); ARCHS4--Coexpression(rank=224); GTEx--Coexpression(rank=1436)","334","0.092590000000000006","Enrichr Queries,0.09259"
"FOS","1.303395597050842403","1.303395597050842403","1.303395597050842403","Activated","149","viper","149","1.303395597050842403",NA,NA,"5","GTEx--Coexpression(rank=1); ReMap--ChIP-seq(rank=1); ENCODE--ChIP-seq(rank=6); Enrichr--Queries(rank=18); ARCHS4--Coexpression(rank=106)","2","0.000622300000000000","GTEx Coexpression,6.223E-4"
"ZNF274","-1.294764102405737916","-1.294764102405737916","1.294764102405737916","Repressed","150","viper","150","1.294764102405737916",NA,NA,"6","ENCODE--ChIP-seq(rank=86); Literature--ChIP-seq(rank=153); Enrichr--Queries(rank=174); ReMap--ChIP-seq(rank=288); ARCHS4--Coexpression(rank=390); GTEx--Coexpression(rank=1243)","435","0.123899999999999996","Enrichr Queries,0.1239"
"NR3C1","-1.290528189430445671","-1.290528189430445671","1.290528189430445671","Repressed","151","viper","151","1.290528189430445671",NA,NA,"6","ENCODE--ChIP-seq(rank=33); ReMap--ChIP-seq(rank=49); Literature--ChIP-seq(rank=56); ARCHS4--Coexpression(rank=77); Enrichr--Queries(rank=361); GTEx--Coexpression(rank=1264)","186","0.047300000000000002","ARCHS4 Coexpression,0.0473"
"NRF1","1.267615653016879840","1.267615653016879840","1.267615653016879840","Activated","152","viper","152","1.267615653016879840",NA,NA,"5","ENCODE--ChIP-seq(rank=45); ARCHS4--Coexpression(rank=134); ReMap--ChIP-seq(rank=266); GTEx--Coexpression(rank=886); Enrichr--Queries(rank=1149)","301","0.082309999999999994","ARCHS4 Coexpression,0.08231"
"TAL1","1.259663008032446685","1.259663008032446685","1.259663008032446685","Activated","153","viper","153","1.259663008032446685",NA,NA,"6","ENCODE--ChIP-seq(rank=50); ReMap--ChIP-seq(rank=65); Literature--ChIP-seq(rank=114); GTEx--Coexpression(rank=243); ARCHS4--Coexpression(rank=643); Enrichr--Queries(rank=659)","526","0.151200000000000001","GTEx Coexpression,0.1512"
"POU4F2","1.254362906755354334","1.254362906755354334","1.254362906755354334","Activated","154","viper","154","1.254362906755354334",NA,NA,"4","ReMap--ChIP-seq(rank=281); ARCHS4--Coexpression(rank=659); GTEx--Coexpression(rank=862); Enrichr--Queries(rank=1130)","1181","0.404799999999999993","ARCHS4 Coexpression,0.4048"
"CREB3L1","1.201647645217967408","1.201647645217967408","1.201647645217967408","Activated","155","viper","155","1.201647645217967408",NA,NA,"4","Enrichr--Queries(rank=67); ARCHS4--Coexpression(rank=109); ReMap--ChIP-seq(rank=164); GTEx--Coexpression(rank=1235)","187","0.047719999999999999","Enrichr Queries,0.04772"
"ATF7","1.194706950128649137","1.194706950128649137","1.194706950128649137","Activated","156","viper","156","1.194706950128649137",NA,NA,"4","ReMap--ChIP-seq(rank=56); ARCHS4--Coexpression(rank=69); GTEx--Coexpression(rank=677); Enrichr--Queries(rank=1097)","165","0.042380000000000001","ARCHS4 Coexpression,0.04238"
"MEF2C","1.193813332295169172","1.193813332295169172","1.193813332295169172","Activated","157","viper","157","1.193813332295169172",NA,NA,"5","ENCODE--ChIP-seq(rank=56); GTEx--Coexpression(rank=76); ARCHS4--Coexpression(rank=133); ReMap--ChIP-seq(rank=168); Enrichr--Queries(rank=717)","185","0.047289999999999999","GTEx Coexpression,0.04729"
"HNF4A","-1.174735805795037225","-1.174735805795037225","1.174735805795037225","Repressed","158","viper","158","1.174735805795037225",NA,NA,"6","ENCODE--ChIP-seq(rank=20); ReMap--ChIP-seq(rank=50); Literature--ChIP-seq(rank=59); ARCHS4--Coexpression(rank=200); GTEx--Coexpression(rank=204); Enrichr--Queries(rank=496)","433","0.122899999999999995","ARCHS4 Coexpression,0.1229"
"NFYB","-1.169767238541939092","-1.169767238541939092","1.169767238541939092","Repressed","159","viper","159","1.169767238541939092",NA,NA,"5","ENCODE--ChIP-seq(rank=92); GTEx--Coexpression(rank=141); ReMap--ChIP-seq(rank=286); Enrichr--Queries(rank=936); ARCHS4--Coexpression(rank=1343)","319","0.087739999999999999","GTEx Coexpression,0.08774"
"NFIC","-1.166748919569462695","-1.166748919569462695","1.166748919569462695","Repressed","160","viper","160","1.166748919569462695",NA,NA,"5","ENCODE--ChIP-seq(rank=13); ReMap--ChIP-seq(rank=80); GTEx--Coexpression(rank=319); Enrichr--Queries(rank=891); ARCHS4--Coexpression(rank=1454)","393","0.110200000000000006","ENCODE ChIP-seq,0.1102"
"MAF","1.150030247697033658","1.150030247697033658","1.150030247697033658","Activated","161","viper","161","1.150030247697033658",NA,NA,"4","ARCHS4--Coexpression(rank=16); GTEx--Coexpression(rank=19); Enrichr--Queries(rank=138); ReMap--ChIP-seq(rank=157)","38","0.009828000000000000","ARCHS4 Coexpression,0.009828"
"MEIS2","1.147314003949916117","1.147314003949916117","1.147314003949916117","Activated","162","viper","162","1.147314003949916117",NA,NA,"4","ReMap--ChIP-seq(rank=23); GTEx--Coexpression(rank=549); ARCHS4--Coexpression(rank=649); Enrichr--Queries(rank=771)","282","0.077439999999999995","ReMap ChIP-seq,0.07744"
"TEAD2","1.138042278861626233","1.138042278861626233","1.138042278861626233","Activated","163","viper","163","1.138042278861626233",NA,NA,"4","ReMap--ChIP-seq(rank=125); GTEx--Coexpression(rank=423); Enrichr--Queries(rank=613); ARCHS4--Coexpression(rank=971)","852","0.263199999999999990","GTEx Coexpression,0.2632"
"ZBTB33","1.127606992881744707","1.127606992881744707","1.127606992881744707","Activated","164","viper","164","1.127606992881744707",NA,NA,"5","ENCODE--ChIP-seq(rank=100); ReMap--ChIP-seq(rank=278); GTEx--Coexpression(rank=353); Enrichr--Queries(rank=1166); ARCHS4--Coexpression(rank=1350)","744","0.219700000000000006","GTEx Coexpression,0.2197"
"ASCL1","1.117058453354632608","1.117058453354632608","1.117058453354632608","Activated","165","viper","165","1.117058453354632608",NA,NA,"4","ReMap--ChIP-seq(rank=139); ARCHS4--Coexpression(rank=379); GTEx--Coexpression(rank=631); Enrichr--Queries(rank=850)","774","0.232800000000000007","ARCHS4 Coexpression,0.2328"
"ZEB2","-1.115728099276273255","-1.115728099276273255","1.115728099276273255","Repressed","166","viper","166","1.115728099276273255",NA,NA,"4","ReMap--ChIP-seq(rank=7); Enrichr--Queries(rank=583); ARCHS4--Coexpression(rank=968); GTEx--Coexpression(rank=1549)","89","0.023570000000000001","ReMap ChIP-seq,0.02357"
"ZBED1","-1.113003989436741170","-1.113003989436741170","1.113003989436741170","Repressed","167","viper","167","1.113003989436741170",NA,NA,"4","GTEx--Coexpression(rank=155); ReMap--ChIP-seq(rank=166); Enrichr--Queries(rank=337); ARCHS4--Coexpression(rank=644)","347","0.096449999999999994","GTEx Coexpression,0.09645"
"MEIS1","1.101471917672242951","1.101471917672242951","1.101471917672242951","Activated","168","viper","168","1.101471917672242951",NA,NA,"5","Literature--ChIP-seq(rank=100); ReMap--ChIP-seq(rank=208); GTEx--Coexpression(rank=405); Enrichr--Queries(rank=568); ARCHS4--Coexpression(rank=608)","821","0.252000000000000002","GTEx Coexpression,0.252"
"STAT6","1.084317237378277232","1.084317237378277232","1.084317237378277232","Activated","169","viper","169","1.084317237378277232",NA,NA,"4","Literature--ChIP-seq(rank=120); ARCHS4--Coexpression(rank=164); Enrichr--Queries(rank=400); GTEx--Coexpression(rank=985)","359","0.100699999999999998","ARCHS4 Coexpression,0.1007"
"MITF","1.048692109277673534","1.048692109277673534","1.048692109277673534","Activated","170","viper","170","1.048692109277673534",NA,NA,"5","Literature--ChIP-seq(rank=54); ReMap--ChIP-seq(rank=59); ARCHS4--Coexpression(rank=125); Enrichr--Queries(rank=135); GTEx--Coexpression(rank=425)","280","0.076780000000000001","ARCHS4 Coexpression,0.07678"
"BCL6","-1.012084764684683558","-1.012084764684683558","1.012084764684683558","Repressed","171","viper","171","1.012084764684683558",NA,NA,"5","Enrichr--Queries(rank=27); Literature--ChIP-seq(rank=75); ReMap--ChIP-seq(rank=216); GTEx--Coexpression(rank=402); ARCHS4--Coexpression(rank=403)","73","0.019230000000000001","Enrichr Queries,0.01923"
"STAT4","1.000139489480277533","1.000139489480277533","1.000139489480277533","Activated","172","viper","172","1.000139489480277533",NA,NA,"4","Literature--ChIP-seq(rank=47); ARCHS4--Coexpression(rank=96); Enrichr--Queries(rank=653); GTEx--Coexpression(rank=1132)","221","0.058970000000000002","ARCHS4 Coexpression,0.05897"
"RUNX1","0.984486340963950823","0.984486340963950823","0.984486340963950823","Activated","173","viper","173","0.984486340963950823",NA,NA,"5","Literature--ChIP-seq(rank=53); ReMap--ChIP-seq(rank=92); Enrichr--Queries(rank=199); ARCHS4--Coexpression(rank=686); GTEx--Coexpression(rank=1101)","492","0.141699999999999993","Enrichr Queries,0.1417"
"PROX1","0.978534357071697669","0.978534357071697669","0.978534357071697669","Activated","174","viper","174","0.978534357071697669",NA,NA,"4","ReMap--ChIP-seq(rank=35); Enrichr--Queries(rank=368); ARCHS4--Coexpression(rank=654); GTEx--Coexpression(rank=800)","416","0.117800000000000002","ReMap ChIP-seq,0.1178"
"KMT2A","-0.964351468334182282","-0.964351468334182282","0.964351468334182282","Repressed","175","viper","175","0.964351468334182282",NA,NA,"3","ReMap--ChIP-seq(rank=258); ARCHS4--Coexpression(rank=1106); GTEx--Coexpression(rank=1293)","1523","0.679400000000000004","ARCHS4 Coexpression,0.6794"
"USF1","-0.963219881350563023","-0.963219881350563023","0.963219881350563023","Repressed","176","viper","176","0.963219881350563023",NA,NA,"5","ENCODE--ChIP-seq(rank=32); ReMap--ChIP-seq(rank=176); Enrichr--Queries(rank=533); ARCHS4--Coexpression(rank=666); GTEx--Coexpression(rank=799)","875","0.271199999999999997","ENCODE ChIP-seq,0.2712"
"CEBPD","0.962247571767346099","0.962247571767346099","0.962247571767346099","Activated","177","viper","177","0.962247571767346099",NA,NA,"5","ENCODE--ChIP-seq(rank=101); Literature--ChIP-seq(rank=127); ARCHS4--Coexpression(rank=212); ReMap--ChIP-seq(rank=221); GTEx--Coexpression(rank=797)","453","0.130200000000000010","ARCHS4 Coexpression,0.1302"
"PDX1","0.953585736613049462","0.953585736613049462","0.953585736613049462","Activated","178","viper","178","0.953585736613049462",NA,NA,"5","Literature--ChIP-seq(rank=143); ReMap--ChIP-seq(rank=190); ARCHS4--Coexpression(rank=347); GTEx--Coexpression(rank=1054); Enrichr--Queries(rank=1243)","729","0.213100000000000012","ARCHS4 Coexpression,0.2131"
"PPARA","0.949407663903681032","0.949407663903681032","0.949407663903681032","Activated","179","viper","179","0.949407663903681032",NA,NA,"3","ARCHS4--Coexpression(rank=291); Enrichr--Queries(rank=375); GTEx--Coexpression(rank=656)","620","0.178699999999999998","ARCHS4 Coexpression,0.1787"
"SP1","0.943197731680495699","0.943197731680495699","0.943197731680495699","Activated","180","viper","180","0.943197731680495699",NA,NA,"5","ENCODE--ChIP-seq(rank=25); ReMap--ChIP-seq(rank=156); ARCHS4--Coexpression(rank=378); GTEx--Coexpression(rank=786); Enrichr--Queries(rank=1189)","726","0.211900000000000005","ENCODE ChIP-seq,0.2119"
"VDR","0.942558554429005824","0.942558554429005824","0.942558554429005824","Activated","181","viper","181","0.942558554429005824",NA,NA,"5","Enrichr--Queries(rank=32); Literature--ChIP-seq(rank=66); ReMap--ChIP-seq(rank=93); ARCHS4--Coexpression(rank=202); GTEx--Coexpression(rank=448)","85","0.022790000000000001","Enrichr Queries,0.02279"
"SOX9","0.911621844289192462","0.911621844289192462","0.911621844289192462","Activated","182","viper","182","0.911621844289192462",NA,NA,"5","Enrichr--Queries(rank=44); Literature--ChIP-seq(rank=107); ReMap--ChIP-seq(rank=133); ARCHS4--Coexpression(rank=327); GTEx--Coexpression(rank=1520)","123","0.031340000000000000","Enrichr Queries,0.03134"
"HHEX","-0.903346688698410616","-0.903346688698410616","0.903346688698410616","Repressed","183","viper","183","0.903346688698410616",NA,NA,"4","Enrichr--Queries(rank=165); ReMap--ChIP-seq(rank=171); ARCHS4--Coexpression(rank=562); GTEx--Coexpression(rank=718)","414","0.117499999999999993","Enrichr Queries,0.1175"
"PKNOX1","0.890944215258918093","0.890944215258918093","0.890944215258918093","Activated","184","viper","184","0.890944215258918093",NA,NA,"4","ReMap--ChIP-seq(rank=102); GTEx--Coexpression(rank=471); Enrichr--Queries(rank=933); ARCHS4--Coexpression(rank=1178)","925","0.293100000000000027","GTEx Coexpression,0.2931"
"TFAP2C","0.861820720706953036","0.861820720706953036","0.861820720706953036","Activated","185","viper","185","0.861820720706953036",NA,NA,"6","ReMap--ChIP-seq(rank=44); Literature--ChIP-seq(rank=58); ENCODE--ChIP-seq(rank=66); GTEx--Coexpression(rank=108); ARCHS4--Coexpression(rank=161); Enrichr--Queries(rank=600)","245","0.067210000000000006","GTEx Coexpression,0.06721"
"MYBL2","-0.860241748076772450","-0.860241748076772450","0.860241748076772450","Repressed","186","viper","186","0.860241748076772450",NA,NA,"6","ENCODE--ChIP-seq(rank=103); Literature--ChIP-seq(rank=140); ReMap--ChIP-seq(rank=214); GTEx--Coexpression(rank=993); ARCHS4--Coexpression(rank=1135); Enrichr--Queries(rank=1364)","1471","0.617900000000000005","GTEx Coexpression,0.6179"
"NFE2","0.856950028824117083","0.856950028824117083","0.856950028824117083","Activated","187","viper","187","0.856950028824117083",NA,NA,"5","Enrichr--Queries(rank=59); ENCODE--ChIP-seq(rank=61); ReMap--ChIP-seq(rank=120); ARCHS4--Coexpression(rank=366); GTEx--Coexpression(rank=446)","164","0.042020000000000002","Enrichr Queries,0.04202"
"GATA4","0.850854171533313997","0.850854171533313997","0.850854171533313997","Activated","188","viper","188","0.850854171533313997",NA,NA,"5","Literature--ChIP-seq(rank=21); ARCHS4--Coexpression(rank=54); ReMap--ChIP-seq(rank=110); Enrichr--Queries(rank=461); GTEx--Coexpression(rank=646)","128","0.033169999999999998","ARCHS4 Coexpression,0.03317"
"KLF1","0.833095822312102885","0.833095822312102885","0.833095822312102885","Activated","189","viper","189","0.833095822312102885",NA,NA,"5","Literature--ChIP-seq(rank=92); ReMap--ChIP-seq(rank=181); Enrichr--Queries(rank=691); ARCHS4--Coexpression(rank=721); GTEx--Coexpression(rank=1141)","1243","0.442900000000000016","ARCHS4 Coexpression,0.4429"
"ELF3","0.825131531879213176","0.825131531879213176","0.825131531879213176","Activated","190","viper","190","0.825131531879213176",NA,NA,"4","ARCHS4--Coexpression(rank=13); ReMap--ChIP-seq(rank=27); Enrichr--Queries(rank=31); GTEx--Coexpression(rank=203)","31","0.007985000000000001","ARCHS4 Coexpression,0.007985"
"NR2F6","0.808953776320861406","0.808953776320861406","0.808953776320861406","Activated","191","viper","191","0.808953776320861406",NA,NA,"4","ReMap--ChIP-seq(rank=38); Enrichr--Queries(rank=381); ARCHS4--Coexpression(rank=735); GTEx--Coexpression(rank=830)","447","0.127900000000000014","ReMap ChIP-seq,0.1279"
"CREB1","0.783381194855455321","0.783381194855455321","0.783381194855455321","Activated","192","viper","192","0.783381194855455321",NA,NA,"6","ENCODE--ChIP-seq(rank=70); Literature--ChIP-seq(rank=96); ReMap--ChIP-seq(rank=158); GTEx--Coexpression(rank=530); Enrichr--Queries(rank=1177); ARCHS4--Coexpression(rank=1498)","1015","0.329799999999999982","GTEx Coexpression,0.3298"
"ZNF263","0.771799207741120430","0.771799207741120430","0.771799207741120430","Activated","193","viper","193","0.771799207741120430",NA,NA,"6","Literature--ChIP-seq(rank=34); ENCODE--ChIP-seq(rank=57); ReMap--ChIP-seq(rank=210); Enrichr--Queries(rank=686); ARCHS4--Coexpression(rank=823); GTEx--Coexpression(rank=1307)","711","0.207300000000000012","Literature ChIP-seq,0.2073"
"CTCF","0.763121975853977341","0.763121975853977341","0.763121975853977341","Activated","194","viper","194","0.763121975853977341",NA,NA,"6","ENCODE--ChIP-seq(rank=14); Literature--ChIP-seq(rank=108); ReMap--ChIP-seq(rank=153); ARCHS4--Coexpression(rank=1070); GTEx--Coexpression(rank=1175); Enrichr--Queries(rank=1282)","419","0.118599999999999997","ENCODE ChIP-seq,0.1186"
"HOXB13","0.758773116504727008","0.758773116504727008","0.758773116504727008","Activated","195","viper","195","0.758773116504727008",NA,NA,"4","ReMap--ChIP-seq(rank=254); Enrichr--Queries(rank=343); GTEx--Coexpression(rank=503); ARCHS4--Coexpression(rank=817)","801","0.244299999999999989","Enrichr Queries,0.2443"
"NR1H3","0.733495652725517866","0.733495652725517866","0.733495652725517866","Activated","196","viper","196","0.733495652725517866",NA,NA,"5","Literature--ChIP-seq(rank=12); GTEx--Coexpression(rank=32); Enrichr--Queries(rank=58); ARCHS4--Coexpression(rank=187); ReMap--ChIP-seq(rank=261)","76","0.019910000000000001","GTEx Coexpression,0.01991"
"DUX4","-0.719817476631493203","-0.719817476631493203","0.719817476631493203","Repressed","197","viper","197","0.719817476631493203",NA,NA,"2","ReMap--ChIP-seq(rank=292); ARCHS4--Coexpression(rank=667)","1187","0.409700000000000009","ARCHS4 Coexpression,0.4097"
"BCL11A","0.684651698041531920","0.684651698041531920","0.684651698041531920","Activated","198","viper","198","0.684651698041531920",NA,NA,"5","ENCODE--ChIP-seq(rank=43); ReMap--ChIP-seq(rank=141); GTEx--Coexpression(rank=210); ARCHS4--Coexpression(rank=301); Enrichr--Queries(rank=783)","455","0.130700000000000011","GTEx Coexpression,0.1307"
"CEBPA","-0.683108052105926289","-0.683108052105926289","0.683108052105926289","Repressed","199","viper","199","0.683108052105926289",NA,NA,"5","Literature--ChIP-seq(rank=42); Enrichr--Queries(rank=53); ReMap--ChIP-seq(rank=109); GTEx--Coexpression(rank=122); ARCHS4--Coexpression(rank=293)","147","0.037749999999999999","Enrichr Queries,0.03775"
"BHLHE40","-0.673022705950282241","-0.673022705950282241","0.673022705950282241","Repressed","200","viper","200","0.673022705950282241",NA,NA,"4","GTEx--Coexpression(rank=14); ENCODE--ChIP-seq(rank=15); ARCHS4--Coexpression(rank=87); ReMap--ChIP-seq(rank=155)","35","0.008711999999999999","GTEx Coexpression,0.008712"
"USF2","0.659231217108450895","0.659231217108450895","0.659231217108450895","Activated","201","viper","201","0.659231217108450895",NA,NA,"5","ENCODE--ChIP-seq(rank=38); ReMap--ChIP-seq(rank=47); Enrichr--Queries(rank=921); ARCHS4--Coexpression(rank=1286); GTEx--Coexpression(rank=1602)","549","0.158200000000000007","ReMap ChIP-seq,0.1582"
"ONECUT1","0.655921685995975223","0.655921685995975223","0.655921685995975223","Activated","202","viper","202","0.655921685995975223",NA,NA,"4","ReMap--ChIP-seq(rank=240); ARCHS4--Coexpression(rank=726); Enrichr--Queries(rank=729); GTEx--Coexpression(rank=832)","1248","0.445900000000000019","ARCHS4 Coexpression,0.4459"
"RUNX3","-0.654177930469659219","-0.654177930469659219","0.654177930469659219","Repressed","203","viper","203","0.654177930469659219",NA,NA,"5","ARCHS4--Coexpression(rank=94); ENCODE--ChIP-seq(rank=108); ReMap--ChIP-seq(rank=167); Enrichr--Queries(rank=255); GTEx--Coexpression(rank=455)","218","0.057740000000000000","ARCHS4 Coexpression,0.05774"
"TCF7","0.649358323424686690","0.649358323424686690","0.649358323424686690","Activated","204","viper","204","0.649358323424686690",NA,NA,"5","Literature--ChIP-seq(rank=135); ReMap--ChIP-seq(rank=169); ARCHS4--Coexpression(rank=277); Enrichr--Queries(rank=326); GTEx--Coexpression(rank=777)","589","0.170100000000000001","ARCHS4 Coexpression,0.1701"
"BATF","0.627481879539248166","0.627481879539248166","0.627481879539248166","Activated","205","viper","205","0.627481879539248166",NA,NA,"5","ENCODE--ChIP-seq(rank=19); ReMap--ChIP-seq(rank=106); ARCHS4--Coexpression(rank=189); Enrichr--Queries(rank=332); GTEx--Coexpression(rank=823)","410","0.116099999999999995","ARCHS4 Coexpression,0.1161"
"NR5A2","0.621170073111815935","0.621170073111815935","0.621170073111815935","Activated","206","viper","206","0.621170073111815935",NA,NA,"4","ReMap--ChIP-seq(rank=100); ARCHS4--Coexpression(rank=331); Enrichr--Queries(rank=744); GTEx--Coexpression(rank=791)","697","0.203300000000000008","ARCHS4 Coexpression,0.2033"
"SOX6","-0.613397166358626178","-0.613397166358626178","0.613397166358626178","Repressed","207","viper","207","0.613397166358626178",NA,NA,"4","GTEx--Coexpression(rank=30); ReMap--ChIP-seq(rank=69); ARCHS4--Coexpression(rank=592); Enrichr--Queries(rank=1181)","71","0.018669999999999999","GTEx Coexpression,0.01867"
"EGR1","0.608529556057410326","0.608529556057410326","0.608529556057410326","Activated","208","viper","208","0.608529556057410326",NA,NA,"6","GTEx--Coexpression(rank=5); Enrichr--Queries(rank=13); ARCHS4--Coexpression(rank=33); ENCODE--ChIP-seq(rank=60); Literature--ChIP-seq(rank=73); ReMap--ChIP-seq(rank=126)","12","0.003111000000000000","GTEx Coexpression,0.003111"
"HNF1B","0.581389425332997201","0.581389425332997201","0.581389425332997201","Activated","209","viper","209","0.581389425332997201",NA,NA,"3","ReMap--ChIP-seq(rank=37); ARCHS4--Coexpression(rank=41); Enrichr--Queries(rank=349)","94","0.025180000000000001","ARCHS4 Coexpression,0.02518"
"LYL1","0.568899981220839512","0.568899981220839512","0.568899981220839512","Activated","210","viper","210","0.568899981220839512",NA,NA,"5","Literature--ChIP-seq(rank=79); ReMap--ChIP-seq(rank=85); Enrichr--Queries(rank=418); ARCHS4--Coexpression(rank=655); GTEx--Coexpression(rank=1027)","905","0.286200000000000010","ReMap ChIP-seq,0.2862"
"PRDM1","0.566286327398420775","0.566286327398420775","0.566286327398420775","Activated","211","viper","211","0.566286327398420775",NA,NA,"5","GTEx--Coexpression(rank=4); ENCODE--ChIP-seq(rank=16); Enrichr--Queries(rank=73); ReMap--ChIP-seq(rank=79); ARCHS4--Coexpression(rank=105)","9","0.002489000000000000","GTEx Coexpression,0.002489"
"AR","0.525710712581757056","0.525710712581757056","0.525710712581757056","Activated","212","viper","212","0.525710712581757056",NA,NA,"5","Literature--ChIP-seq(rank=88); ReMap--ChIP-seq(rank=136); GTEx--Coexpression(rank=526); Enrichr--Queries(rank=572); ARCHS4--Coexpression(rank=1511)","1008","0.327299999999999980","GTEx Coexpression,0.3273"
"PAX8","0.522239559457464364","0.522239559457464364","0.522239559457464364","Activated","213","viper","213","0.522239559457464364",NA,NA,"4","ReMap--ChIP-seq(rank=107); Enrichr--Queries(rank=324); ARCHS4--Coexpression(rank=548); GTEx--Coexpression(rank=1100)","768","0.230800000000000005","Enrichr Queries,0.2308"
"SRF","-0.502805817326799964","-0.502805817326799964","0.502805817326799964","Repressed","214","viper","214","0.502805817326799964",NA,NA,"6","ENCODE--ChIP-seq(rank=34); Literature--ChIP-seq(rank=61); ReMap--ChIP-seq(rank=178); Enrichr--Queries(rank=238); GTEx--Coexpression(rank=284); ARCHS4--Coexpression(rank=1053)","587","0.169500000000000012","Enrichr Queries,0.1695"
"GLI2","-0.493634149166932545","-0.493634149166932545","0.493634149166932545","Repressed","215","viper","215","0.493634149166932545",NA,NA,"3","GTEx--Coexpression(rank=149); Enrichr--Queries(rank=858); ARCHS4--Coexpression(rank=913)","335","0.092719999999999997","GTEx Coexpression,0.09272"
"TBX21","0.490254172682125455","0.490254172682125455","0.490254172682125455","Activated","216","viper","216","0.490254172682125455",NA,NA,"4","ReMap--ChIP-seq(rank=88); ARCHS4--Coexpression(rank=148); GTEx--Coexpression(rank=447); Enrichr--Queries(rank=703)","330","0.090910000000000005","ARCHS4 Coexpression,0.09091"
"NR2F1","-0.486516913939109674","-0.486516913939109674","0.486516913939109674","Repressed","217","viper","217","0.486516913939109674",NA,NA,"4","ReMap--ChIP-seq(rank=138); Enrichr--Queries(rank=367); GTEx--Coexpression(rank=1250); ARCHS4--Coexpression(rank=1273)","846","0.261400000000000021","Enrichr Queries,0.2614"
"ATF6","0.474974290754485329","0.474974290754485329","0.474974290754485329","Activated","218","viper","218","0.474974290754485329",NA,NA,"3","ARCHS4--Coexpression(rank=169); GTEx--Coexpression(rank=748); Enrichr--Queries(rank=831)","373","0.103800000000000003","ARCHS4 Coexpression,0.1038"
"EOMES","-0.471588285505692151","-0.471588285505692151","0.471588285505692151","Repressed","219","viper","219","0.471588285505692151",NA,NA,"5","Literature--ChIP-seq(rank=67); ReMap--ChIP-seq(rank=124); GTEx--Coexpression(rank=453); Enrichr--Queries(rank=622); ARCHS4--Coexpression(rank=773)","897","0.281899999999999984","GTEx Coexpression,0.2819"
"CUX1","0.464448415406258752","0.464448415406258752","0.464448415406258752","Activated","220","viper","220","0.464448415406258752",NA,NA,"6","ReMap--ChIP-seq(rank=13); ENCODE--ChIP-seq(rank=104); Literature--ChIP-seq(rank=112); GTEx--Coexpression(rank=844); ARCHS4--Coexpression(rank=962); Enrichr--Queries(rank=1289)","172","0.043770000000000003","ReMap ChIP-seq,0.04377"
"ZNF143","0.446925901593123731","0.446925901593123731","0.446925901593123731","Activated","221","viper","221","0.446925901593123731",NA,NA,"5","ENCODE--ChIP-seq(rank=59); ReMap--ChIP-seq(rank=185); Enrichr--Queries(rank=370); GTEx--Coexpression(rank=848); ARCHS4--Coexpression(rank=1501)","854","0.263500000000000012","Enrichr Queries,0.2635"
"ZBTB7A","-0.426540180352011855","-0.426540180352011855","0.426540180352011855","Repressed","222","viper","222","0.426540180352011855",NA,NA,"5","ENCODE--ChIP-seq(rank=87); ReMap--ChIP-seq(rank=207); GTEx--Coexpression(rank=233); Enrichr--Queries(rank=930); ARCHS4--Coexpression(rank=1463)","507","0.144999999999999990","GTEx Coexpression,0.145"
"TWIST1","0.423925031279190456","0.423925031279190456","0.423925031279190456","Activated","223","viper","223","0.423925031279190456",NA,NA,"4","ReMap--ChIP-seq(rank=72); ARCHS4--Coexpression(rank=120); Enrichr--Queries(rank=628); GTEx--Coexpression(rank=1586)","267","0.073709999999999998","ARCHS4 Coexpression,0.07371"
"RFX1","-0.411545909850163816","-0.411545909850163816","0.411545909850163816","Repressed","224","viper","224","0.411545909850163816",NA,NA,"4","ReMap--ChIP-seq(rank=232); GTEx--Coexpression(rank=321); ARCHS4--Coexpression(rank=684); Enrichr--Queries(rank=1079)","685","0.199800000000000005","GTEx Coexpression,0.1998"
"MBD2","0.372163905023148112","0.372163905023148112","0.372163905023148112","Activated","225","viper","225","0.372163905023148112",NA,NA,"4","ReMap--ChIP-seq(rank=270); ARCHS4--Coexpression(rank=304); Enrichr--Queries(rank=1073); GTEx--Coexpression(rank=1416)","645","0.186700000000000005","ARCHS4 Coexpression,0.1867"
"E2F7","-0.355628492850426192","-0.355628492850426192","0.355628492850426192","Repressed","226","viper","226","0.355628492850426192",NA,NA,"5","ReMap--ChIP-seq(rank=77); Literature--ChIP-seq(rank=161); GTEx--Coexpression(rank=929); Enrichr--Queries(rank=1037); ARCHS4--Coexpression(rank=1281)","841","0.259299999999999975","ReMap ChIP-seq,0.2593"
"FLI1","0.343875571022964566","0.343875571022964566","0.343875571022964566","Activated","227","viper","227","0.343875571022964566",NA,NA,"6","Literature--ChIP-seq(rank=70); ENCODE--ChIP-seq(rank=105); ARCHS4--Coexpression(rank=165); ReMap--ChIP-seq(rank=287); GTEx--Coexpression(rank=329); Enrichr--Queries(rank=584)","363","0.101400000000000004","ARCHS4 Coexpression,0.1014"
"RFX2","0.342763928606412360","0.342763928606412360","0.342763928606412360","Activated","228","viper","228","0.342763928606412360",NA,NA,"4","ReMap--ChIP-seq(rank=54); Enrichr--Queries(rank=240); GTEx--Coexpression(rank=264); ARCHS4--Coexpression(rank=683)","569","0.164300000000000002","GTEx Coexpression,0.1643"
"FOXA2","0.319861801304479720","0.319861801304479720","0.319861801304479720","Activated","229","viper","229","0.319861801304479720",NA,NA,"6","Literature--ChIP-seq(rank=39); ReMap--ChIP-seq(rank=60); ENCODE--ChIP-seq(rank=74); GTEx--Coexpression(rank=176); Enrichr--Queries(rank=342); ARCHS4--Coexpression(rank=371)","389","0.109500000000000000","GTEx Coexpression,0.1095"
"NFYA","-0.318928806689599886","-0.318928806689599886","0.318928806689599886","Repressed","230","viper","230","0.318928806689599886",NA,NA,"5","ENCODE--ChIP-seq(rank=83); ReMap--ChIP-seq(rank=256); Enrichr--Queries(rank=518); ARCHS4--Coexpression(rank=1018); GTEx--Coexpression(rank=1030)","1110","0.368900000000000006","Enrichr Queries,0.3689"
"TCF7L2","0.300138750876648319","0.300138750876648319","0.300138750876648319","Activated","231","viper","231","0.300138750876648319",NA,NA,"6","ENCODE--ChIP-seq(rank=26); ReMap--ChIP-seq(rank=61); Literature--ChIP-seq(rank=144); ARCHS4--Coexpression(rank=474); GTEx--Coexpression(rank=532); Enrichr--Queries(rank=603)","705","0.205399999999999999","ReMap ChIP-seq,0.2054"
"RXRA","0.284000371965960119","0.284000371965960119","0.284000371965960119","Activated","232","viper","232","0.284000371965960119",NA,NA,"6","ENCODE--ChIP-seq(rank=21); ReMap--ChIP-seq(rank=108); Literature--ChIP-seq(rank=139); GTEx--Coexpression(rank=305); ARCHS4--Coexpression(rank=344); Enrichr--Queries(rank=687)","614","0.177999999999999992","ENCODE ChIP-seq,0.178"
"PAX5","0.278875680760436007","0.278875680760436007","0.278875680760436007","Activated","233","viper","233","0.278875680760436007",NA,NA,"5","ENCODE--ChIP-seq(rank=64); ReMap--ChIP-seq(rank=186); ARCHS4--Coexpression(rank=394); Enrichr--Queries(rank=640); GTEx--Coexpression(rank=1106)","796","0.241999999999999993","ARCHS4 Coexpression,0.242"
"JUND","0.273121776791408255","0.273121776791408255","0.273121776791408255","Activated","234","viper","234","0.273121776791408255",NA,NA,"6","ENCODE--ChIP-seq(rank=1); Literature--ChIP-seq(rank=4); ReMap--ChIP-seq(rank=32); GTEx--Coexpression(rank=175); Enrichr--Queries(rank=483); ARCHS4--Coexpression(rank=574)","32","0.008475000000000000","ENCODE ChIP-seq,0.008475"
"ZNF740","0.257207798465456827","0.257207798465456827","0.257207798465456827","Activated","235","viper","235","0.257207798465456827",NA,NA,"4","ReMap--ChIP-seq(rank=194); ARCHS4--Coexpression(rank=316); Enrichr--Queries(rank=803); GTEx--Coexpression(rank=1529)","670","0.194099999999999995","ARCHS4 Coexpression,0.1941"
"SMAD1","-0.254492795794201476","-0.254492795794201476","0.254492795794201476","Repressed","236","viper","236","0.254492795794201476",NA,NA,"5","Literature--ChIP-seq(rank=29); ReMap--ChIP-seq(rank=213); ARCHS4--Coexpression(rank=269); Enrichr--Queries(rank=488); GTEx--Coexpression(rank=1166)","574","0.165200000000000014","ARCHS4 Coexpression,0.1652"
"ETS2","-0.250239809519809175","-0.250239809519809175","0.250239809519809175","Repressed","237","viper","237","0.250239809519809175",NA,NA,"4","Enrichr--Queries(rank=24); ARCHS4--Coexpression(rank=104); Literature--ChIP-seq(rank=124); GTEx--Coexpression(rank=229)","67","0.017090000000000001","Enrichr Queries,0.01709"
"CDX2","0.247855766733886179","0.247855766733886179","0.247855766733886179","Activated","238","viper","238","0.247855766733886179",NA,NA,"5","ReMap--ChIP-seq(rank=9); Literature--ChIP-seq(rank=16); ARCHS4--Coexpression(rank=203); GTEx--Coexpression(rank=380); Enrichr--Queries(rank=852)","116","0.030300000000000001","ReMap ChIP-seq,0.0303"
"NFE2L2","-0.240257109601755003","-0.240257109601755003","0.240257109601755003","Repressed","239","viper","239","0.240257109601755003",NA,NA,"5","ARCHS4--Coexpression(rank=10); Literature--ChIP-seq(rank=31); GTEx--Coexpression(rank=42); ReMap--ChIP-seq(rank=191); Enrichr--Queries(rank=277)","21","0.006143000000000000","ARCHS4 Coexpression,0.006143"
"ATF1","-0.237058896134789865","-0.237058896134789865","0.237058896134789865","Repressed","240","viper","240","0.237058896134789865",NA,NA,"5","ENCODE--ChIP-seq(rank=58); ReMap--ChIP-seq(rank=134); GTEx--Coexpression(rank=847); Enrichr--Queries(rank=1230); ARCHS4--Coexpression(rank=1416)","1256","0.451199999999999990","ReMap ChIP-seq,0.4512"
"ZFX","-0.232490153801202221","-0.232490153801202221","0.232490153801202221","Repressed","241","viper","241","0.232490153801202221",NA,NA,"5","Literature--ChIP-seq(rank=151); ReMap--ChIP-seq(rank=279); ARCHS4--Coexpression(rank=432); GTEx--Coexpression(rank=1077); Enrichr--Queries(rank=1106)","860","0.265400000000000025","ARCHS4 Coexpression,0.2654"
"SPI1","0.231656992206237450","0.231656992206237450","0.231656992206237450","Activated","242","viper","242","0.231656992206237450",NA,NA,"6","ENCODE--ChIP-seq(rank=30); ReMap--ChIP-seq(rank=30); Literature--ChIP-seq(rank=38); GTEx--Coexpression(rank=383); ARCHS4--Coexpression(rank=386); Enrichr--Queries(rank=551)","361","0.101000000000000006","ReMap ChIP-seq,0.101"
"CTCFL","0.195151470326966892","0.195151470326966892","0.195151470326966892","Activated","243","viper","243","0.195151470326966892",NA,NA,"5","ENCODE--ChIP-seq(rank=110); ReMap--ChIP-seq(rank=283); Enrichr--Queries(rank=582); ARCHS4--Coexpression(rank=1221); GTEx--Coexpression(rank=1350)","1196","0.414499999999999980","Enrichr Queries,0.4145"
"BACH1","0.180192573030314218","0.180192573030314218","0.180192573030314218","Activated","244","viper","244","0.180192573030314218",NA,NA,"6","Literature--ChIP-seq(rank=25); ENCODE--ChIP-seq(rank=79); Enrichr--Queries(rank=80); ReMap--ChIP-seq(rank=147); ARCHS4--Coexpression(rank=309); GTEx--Coexpression(rank=552)","215","0.056980000000000003","Enrichr Queries,0.05698"
"SP2","0.178829658675933589","0.178829658675933589","0.178829658675933589","Activated","245","viper","245","0.178829658675933589",NA,NA,"5","ENCODE--ChIP-seq(rank=95); ReMap--ChIP-seq(rank=291); Enrichr--Queries(rank=506); ARCHS4--Coexpression(rank=719); GTEx--Coexpression(rank=724)","1093","0.360399999999999998","Enrichr Queries,0.3604"
"KLF13","-0.175784457126089422","-0.175784457126089422","0.175784457126089422","Repressed","246","viper","246","0.175784457126089422",NA,NA,"4","ReMap--ChIP-seq(rank=33); ARCHS4--Coexpression(rank=264); Enrichr--Queries(rank=531); GTEx--Coexpression(rank=1081)","396","0.111100000000000004","ReMap ChIP-seq,0.1111"
"CREB3","0.168822847924205321","0.168822847924205321","0.168822847924205321","Activated","247","viper","247","0.168822847924205321",NA,NA,"4","ReMap--ChIP-seq(rank=73); Enrichr--Queries(rank=141); ARCHS4--Coexpression(rank=370); GTEx--Coexpression(rank=461)","358","0.100400000000000003","Enrichr Queries,0.1004"
"SOX13","0.160584946464868955","0.160584946464868955","0.160584946464868955","Activated","248","viper","248","0.160584946464868955",NA,NA,"4","ReMap--ChIP-seq(rank=28); Enrichr--Queries(rank=235); GTEx--Coexpression(rank=629); ARCHS4--Coexpression(rank=694)","340","0.094280000000000003","ReMap ChIP-seq,0.09428"
"HNF1A","-0.141310824312437522","-0.141310824312437522","0.141310824312437522","Repressed","249","viper","249","0.141310824312437522",NA,NA,"3","ARCHS4--Coexpression(rank=214); GTEx--Coexpression(rank=398); Enrichr--Queries(rank=908)","458","0.131399999999999989","ARCHS4 Coexpression,0.1314"
"HINFP","-0.125871067227041639","-0.125871067227041639","0.125871067227041639","Repressed","250","viper","250","0.125871067227041639",NA,NA,"3","ReMap--ChIP-seq(rank=68); GTEx--Coexpression(rank=330); ARCHS4--Coexpression(rank=630)","704","0.205399999999999999","GTEx Coexpression,0.2054"
"TP73","0.121941030725050886","0.121941030725050886","0.121941030725050886","Activated","251","viper","251","0.121941030725050886",NA,NA,"3","GTEx--Coexpression(rank=311); Enrichr--Queries(rank=597); ARCHS4--Coexpression(rank=920)","668","0.193500000000000005","GTEx Coexpression,0.1935"
"ELF5","-0.113132019217794796","-0.113132019217794796","0.113132019217794796","Repressed","252","viper","252","0.113132019217794796",NA,NA,"5","Literature--ChIP-seq(rank=132); ReMap--ChIP-seq(rank=159); Enrichr--Queries(rank=206); ARCHS4--Coexpression(rank=244); GTEx--Coexpression(rank=882)","513","0.146699999999999997","Enrichr Queries,0.1467"
"RFX5","0.109504705748638534","0.109504705748638534","0.109504705748638534","Activated","253","viper","253","0.109504705748638534",NA,NA,"5","ENCODE--ChIP-seq(rank=67); ReMap--ChIP-seq(rank=189); Enrichr--Queries(rank=420); ARCHS4--Coexpression(rank=754); GTEx--Coexpression(rank=1165)","939","0.299099999999999921","Enrichr Queries,0.2991"
"PGR","-0.108565307819889573","-0.108565307819889573","0.108565307819889573","Repressed","254","viper","254","0.108565307819889573",NA,NA,"4","ReMap--ChIP-seq(rank=20); ARCHS4--Coexpression(rank=271); Enrichr--Queries(rank=471); GTEx--Coexpression(rank=575)","246","0.067339999999999997","ReMap ChIP-seq,0.06734"
"NFE2L1","0.108287265853740683","0.108287265853740683","0.108287265853740683","Activated","255","viper","255","0.108287265853740683",NA,NA,"4","ReMap--ChIP-seq(rank=161); GTEx--Coexpression(rank=334); Enrichr--Queries(rank=911); ARCHS4--Coexpression(rank=1435)","712","0.207800000000000012","GTEx Coexpression,0.2078"
"GATA2","-0.085205842911660737","-0.085205842911660737","0.085205842911660737","Repressed","256","viper","256","0.085205842911660737",NA,NA,"6","ENCODE--ChIP-seq(rank=18); Literature--ChIP-seq(rank=20); Enrichr--Queries(rank=161); ReMap--ChIP-seq(rank=230); GTEx--Coexpression(rank=275); ARCHS4--Coexpression(rank=1406)","407","0.114699999999999996","Enrichr Queries,0.1147"
"SP4","0.054812159923967069","0.054812159923967069","0.054812159923967069","Activated","257","viper","257","0.054812159923967069",NA,NA,"5","ENCODE--ChIP-seq(rank=109); ReMap--ChIP-seq(rank=217); Enrichr--Queries(rank=1067); GTEx--Coexpression(rank=1154); ARCHS4--Coexpression(rank=1432)","1559","0.718099999999999961","GTEx Coexpression,0.7181"
"XBP1","0.044834070648437287","0.044834070648437287","0.044834070648437287","Activated","258","viper","258","0.044834070648437287",NA,NA,"4","ReMap--ChIP-seq(rank=276); ARCHS4--Coexpression(rank=701); GTEx--Coexpression(rank=747); Enrichr--Queries(rank=800)","1223","0.430599999999999983","ARCHS4 Coexpression,0.4306"
"ZEB1","0.033900790994840564","0.033900790994840564","0.033900790994840564","Activated","259","viper","259","0.033900790994840564",NA,NA,"5","ENCODE--ChIP-seq(rank=65); ReMap--ChIP-seq(rank=234); GTEx--Coexpression(rank=248); ARCHS4--Coexpression(rank=397); Enrichr--Queries(rank=614)","536","0.154299999999999993","GTEx Coexpression,0.1543"
"SPIB","0.014752392157260851","0.014752392157260851","0.014752392157260851","Activated","260","viper","260","0.014752392157260851",NA,NA,"4","ReMap--ChIP-seq(rank=34); ARCHS4--Coexpression(rank=274); Enrichr--Queries(rank=426); GTEx--Coexpression(rank=867)","405","0.114500000000000005","ReMap ChIP-seq,0.1145"
"MXI1","0.013906024873039826","0.013906024873039826","0.013906024873039826","Activated","261","viper","261","0.013906024873039826",NA,NA,"5","ENCODE--ChIP-seq(rank=72); Enrichr--Queries(rank=205); ReMap--ChIP-seq(rank=243); ARCHS4--Coexpression(rank=321); GTEx--Coexpression(rank=519)","511","0.145999999999999991","Enrichr Queries,0.146"
"TGIF2","-0.009003735909376982","-0.009003735909376982","0.009003735909376982","Repressed","262","viper","262","0.009003735909376982",NA,NA,"4","ReMap--ChIP-seq(rank=114); Enrichr--Queries(rank=344); GTEx--Coexpression(rank=864); ARCHS4--Coexpression(rank=1022)","803","0.244999999999999996","Enrichr Queries,0.245"
"SNAI2","-0.004324432544169051","-0.004324432544169051","0.004324432544169051","Repressed","263","viper","263","0.004324432544169051",NA,NA,"4","ARCHS4--Coexpression(rank=110); Enrichr--Queries(rank=136); ReMap--ChIP-seq(rank=175); GTEx--Coexpression(rank=546)","247","0.067570000000000005","ARCHS4 Coexpression,0.06757"
