Data_Type,Dataset_ID,Plot_Category,Analysis_Name,GeneSet_Name,GSEA_Result_File,Pathway ID,Name,pvalue,DEG number,DEG Density,Intersecton size,DEGs in Intersection,Result,Reciprocal pvalue,Filtered,Versus,Versus Name,Is Reciprocal,Top Genes
ngs,GSE50760,ATF3_correlation,Liver_metastasis,TFT_TFT_LEGACY,results/ngs/GSE50760/tables/ATF3_function/Liver_metastasis/GSEA/TFT_TFT_LEGACY/gsea_result.csv,BACH2_01,BACH2_01,1e-10,117,0.4286,0,0,1.0,0.0,keep,itself,,True,"CDKN1A,TRIB1,GADD45B,SERTAD1,MMP1,S100A2,DDIT3,KRT16,RGS2,CSRNP1,NR1D1,CALB2,SGK1,MMP19,HBEGF,ATF4,SLC4A11,YPEL5,VASP,TNFRSF12A"
ngs,GSE50760,ATF3_correlation,Liver_metastasis,TFT_TFT_LEGACY,results/ngs/GSE50760/tables/ATF3_function/Liver_metastasis/GSEA/TFT_TFT_LEGACY/gsea_result.csv,AP1_C,AP1_C,3.12e-08,119,0.4296,0,0,1.0,0.0,keep,itself,,True,"PPP1R15A,RGS2,EMP1,EPHA2,CALB2,NUDT11,SLC4A11,VASP,C15orf39,HOXA11,PTPRR,MAMDC2,SPRED1,FLNC,FGF11,SERPINB5,UBE2E3,SNCB,USP2,PHLDB3"
ngs,GSE50760,ATF3_correlation,Liver_metastasis,TFT_TFT_LEGACY,results/ngs/GSE50760/tables/ATF3_function/Liver_metastasis/GSEA/TFT_TFT_LEGACY/gsea_result.csv,CP2_01,CP2_01,3.45e-08,110,0.4215,0,0,1.0,0.0,keep,itself,,True,"ATF3,DSG3,CEBPB,FOXA2,CABP1,SMOX,EIF1,VEZF1,TGIF1,TGFB1I1,PHLDB3,MDFI,EDA,CDK5R2,RPL41,HDAC9,VAPA,HOXC8,ABHD4,TNKS1BP1"
ngs,GSE50760,ATF3_correlation,Liver_metastasis,TFT_TFT_LEGACY,results/ngs/GSE50760/tables/ATF3_function/Liver_metastasis/GSEA/TFT_TFT_LEGACY/gsea_result.csv,SRF_C,SRF_C,4.13e-08,103,0.4791,0,0,1.0,0.0,keep,itself,,True,"JUNB,FOSB,FOS,IER2,CCN1,EGR3,OSM,HOXD10,EGR2,DAPK3,MYL6,TGFB1I1,AKAP12,NR4A1,FOSL1,CNN2,BCAS3,RASD2,LRP5,KLF6"
ngs,GSE50760,ATF3_correlation,Liver_metastasis,TFT_TFT_LEGACY,results/ngs/GSE50760/tables/ATF3_function/Liver_metastasis/GSEA/TFT_TFT_LEGACY/gsea_result.csv,AP1_Q6_01,AP1_Q6_01,4.72e-08,123,0.4607,0,0,1.0,0.0,keep,itself,,True,"PPP1R15A,GAST,IL6,DDIT3,RGS2,EPHA2,SGK1,MMP19,IGSF8,NUDT11,CAVIN3,DMKN,HOXA11,PTPRR,SEMA6B,PRSS22,PIM1,FLNC,CAPN6,MAGED1"
ngs,GSE50760,ATF3_correlation,Liver_metastasis,TFT_TFT_LEGACY,results/ngs/GSE50760/tables/ATF3_function/Liver_metastasis/GSEA/TFT_TFT_LEGACY/gsea_result.csv,BACH1_01,BACH1_01,9.63e-08,94,0.3561,156,61,0.0973,0.9419,keep,BACH2_01,BACH2_01,False,"CDKN1A,PPP1R15A,TRIB1,SERTAD1,MMP1,DDIT3,KRT16,RGS2,CSRNP1,NR1D1,SGK1,HBEGF,SLC4A11,YPEL5,TNFRSF12A,KRT19,PTPRR,MAMDC2,ITGB4,PIM1"
ngs,GSE50760,ATF3_correlation,Liver_metastasis,TFT_TFT_LEGACY,results/ngs/GSE50760/tables/ATF3_function/Liver_metastasis/GSEA/TFT_TFT_LEGACY/gsea_result.csv,ATF3_Q6,ATF3_Q6,1.28e-07,120,0.4743,0,0,1.0,0.0,keep,itself,,True,"ATF3,CDKN1A,PPP1R15A,PNRC1,TRIB1,MAFF,FOSB,DUSP1,ADCY8,JUN,BNIP3L,EPHA2,HAS1,ISL1,PPP2R2A,EIF1,JUND,OLIG2,ZFP36L1,WNT4"
ngs,GSE50760,ATF3_correlation,Liver_metastasis,TFT_TFT_LEGACY,results/ngs/GSE50760/tables/ATF3_function/Liver_metastasis/GSEA/TFT_TFT_LEGACY/gsea_result.csv,CREB_Q2,CREB_Q2,3.07e-07,122,0.4535,0,0,1.0,0.0,keep,itself,,True,"ATF3,PPP1R15A,ID1,PNRC1,TRIB1,GADD45B,MAFF,FOSB,FOS,DUSP1,ADCY8,BNIP3L,EPHA2,EGR3,TCEAL9,PSENEN,TPM4,DACT1,EIF1,NTRK2"
ngs,GSE50760,ATF3_correlation,Liver_metastasis,TFT_TFT_LEGACY,results/ngs/GSE50760/tables/ATF3_function/Liver_metastasis/GSEA/TFT_TFT_LEGACY/gsea_result.csv,AP1_Q2,AP1_Q2,3.29e-07,124,0.4679,0,0,1.0,0.0,keep,itself,,True,"ID1,FOS,IL6,MFGE8,EPHA2,MMP19,NTRK2,HOXA11,PTPRR,FLNC,FGF11,SNCB,USP2,MAGED1,MDFI,AK5,IL1RN,MMP9,PAX9,CAPNS1"
ngs,GSE50760,ATF3_correlation,Liver_metastasis,TFT_TFT_LEGACY,results/ngs/GSE50760/tables/ATF3_function/Liver_metastasis/GSEA/TFT_TFT_LEGACY/gsea_result.csv,NFE2_01,NFE2_01,3.68e-07,132,0.48,107,61,0.0118,0.000145,keep,AP1_C,AP1_C,True,"CDKN1A,MAFF,GAST,IL6,S100A2,RBPMS,EPHA2,CALB2,MMP19,NUDT11,ZNF830,VASP,HOXA11,BCL3,PTPRR,TINAGL1,SPRED1,VEZF1,COL5A3,FGF11"
ngs,GSE50760,ATF3_correlation,Liver_metastasis,TFT_TFT_LEGACY,results/ngs/GSE50760/tables/ATF3_function/Liver_metastasis/GSEA/TFT_TFT_LEGACY/gsea_result.csv,AP1FJ_Q2,AP1FJ_Q2,4.83e-07,128,0.4723,205,100,0.2245,0.1464,keep,AP1_Q2,AP1_Q2,False,"ID1,FOS,IL6,S100A2,HOXD9,EPHA2,TRIP10,TCEAL9,MMP19,TLE4,NTRK2,SLC4A11,HOXA11,PTPRR,FLNC,FGF11,SNCB,USP2,SGIP1,MDFI"
ngs,GSE50760,ATF3_correlation,Liver_metastasis,TFT_TFT_LEGACY,results/ngs/GSE50760/tables/ATF3_function/Liver_metastasis/GSEA/TFT_TFT_LEGACY/gsea_result.csv,TATA_01,TATA_01,8.13e-07,99,0.3867,0,0,1.0,0.0,keep,itself,,True,"KRT10,SPRR1B,SMYD1,HOXD9,TPM1,TMEM117,HBEGF,OLIG2,KLF2,COL13A1,ZFP36L2,EGR2,HOXA11,NOG,SERPINH1,HOXC4,MMP20,RGS1,RUNX2,CEMIP"
ngs,GSE50760,ATF3_correlation,Liver_metastasis,TFT_TFT_LEGACY,results/ngs/GSE50760/tables/ATF3_function/Liver_metastasis/GSEA/TFT_TFT_LEGACY/gsea_result.csv,AP1_Q4,AP1_Q4,1.33e-06,130,0.4797,197,98,0.2067,0.0665,keep,AP1_Q2,AP1_Q2,False,"CDKN1A,TRIB1,IL6,S100A2,EPHA2,MMP19,SLC4A11,TNFRSF12A,HOXA11,KRT19,PTPRR,FGF11,USP2,MDFI,AK5,EEF1A1,IL1RN,MMP9,PAX9,ABHD4"
ngs,GSE50760,ATF3_correlation,Liver_metastasis,TFT_TFT_LEGACY,results/ngs/GSE50760/tables/ATF3_function/Liver_metastasis/GSEA/TFT_TFT_LEGACY/gsea_result.csv,AP1_Q2_01,AP1_Q2_01,2.27e-06,125,0.4529,115,53,0.4591,0.0014,keep,BACH1_01,BACH1_01,True,"CDKN1A,PERP,TRIB1,SERTAD1,MMP1,KRT16,ADCY8,RBPMS,NR1D1,HBEGF,LIMK2,SLC4A11,YPEL5,VASP,TNFRSF12A,TINAGL1,FLNC,SNCB,SLC6A14,FOSL1"
ngs,GSE50760,ATF3_correlation,Liver_metastasis,TFT_TFT_LEGACY,results/ngs/GSE50760/tables/ATF3_function/Liver_metastasis/GSEA/TFT_TFT_LEGACY/gsea_result.csv,SRF_Q4,SRF_Q4,2.3e-06,91,0.3957,130,54,0.2875,0.993,keep,SRF_C,SRF_C,False,"JUNB,FOSB,FOS,IER2,EGR3,TPM1,SGK1,MCL1,MSX1,YBX3,HOXD10,VASP,EGR2,SERPINH1,TGIF1,MYL6,TGFB1I1,AKAP12,KRT17,NR4A1"
ngs,GSE50760,ATF3_correlation,Liver_metastasis,TFT_TFT_LEGACY,results/ngs/GSE50760/tables/ATF3_function/Liver_metastasis/GSEA/TFT_TFT_LEGACY/gsea_result.csv,CREB_Q4,CREB_Q4,2.86e-06,119,0.4375,222,102,0.0829,0.3975,keep,CREB_Q2,CREB_Q2,False,"ATF3,PPP1R15A,ID1,PNRC1,TRIB1,MAFF,FOSB,FOS,DUSP1,ADCY8,BNIP3L,EPHA2,HAS1,EGR3,PSENEN,TPM4,TMEM59L,PPP2R2A,DACT1,EIF1"
ngs,GSE50760,ATF3_correlation,Liver_metastasis,TFT_TFT_LEGACY,results/ngs/GSE50760/tables/ATF3_function/Liver_metastasis/GSEA/TFT_TFT_LEGACY/gsea_result.csv,CYTAGCAAY_UNKNOWN,CYTAGCAAY_UNKNOWN,2.96e-06,101,0.6645,0,0,1.0,0.0,keep,itself,,True,"FOSB,CDKL5,NME5,TMEM53,NEDD9,IL20,DNAL4,ARL4A,TMEM95,TPGS1,HMGCS1,TBPL1,ZNF365,STRN4,JOSD2,MRPL10,HSPG2,TSC22D1,KIF6,ANXA1"
ngs,GSE50760,ATF3_correlation,Liver_metastasis,TFT_TFT_LEGACY,results/ngs/GSE50760/tables/ATF3_function/Liver_metastasis/GSEA/TFT_TFT_LEGACY/gsea_result.csv,WGGAATGY_TEF1_Q6,WGGAATGY_TEF1_Q6,4.09e-06,117,0.3023,0,0,1.0,0.0,keep,itself,,True,"KRT14,MMP1,DDIT3,RNF2,CCN1,EPHA2,TPM1,SYT8,DACT1,CAVIN3,ATF4,JUND,NOG,FOXO3,TINAGL1,SIX5,SPRED1,TGIF1,COL5A3,ITGB4"
ngs,GSE50760,ATF3_correlation,Liver_metastasis,TFT_TFT_LEGACY,results/ngs/GSE50760/tables/ATF3_function/Liver_metastasis/GSEA/TFT_TFT_LEGACY/gsea_result.csv,AP1_Q4_01,AP1_Q4_01,4.48e-06,104,0.3939,118,58,0.0026,0.0436,keep,BACH2_01,BACH2_01,True,"CDKN1A,PPP1R15A,DDIT3,RGS2,EMP1,ADCY8,NR1D1,CALB2,HBEGF,SLC4A11,VASP,C15orf39,HOXA11,TINAGL1,MAMDC2,ITGB4,FGF11,GTPBP2,UBE2E3,SNCB"
ngs,GSE50760,ATF3_correlation,Liver_metastasis,TFT_TFT_LEGACY,results/ngs/GSE50760/tables/ATF3_function/Liver_metastasis/GSEA/TFT_TFT_LEGACY/gsea_result.csv,AP1_01,AP1_01,4.82e-06,127,0.4686,140,73,0.0465,0.1003,exclude,NFE2_01,NFE2_01,False,"CDKN1A,TRIB1,SERTAD1,IL6,S100A2,EPHA2,CALB2,NUDT11,HBEGF,SLC4A11,VASP,TNFRSF12A,PTPRR,TINAGL1,SPRED1,COL5A3,ATP6V0D2,PIM1,SERPINB5,SNCB"
ngs,GSE50760,ATF3_correlation,Liver_metastasis,TFT_TFT_LEGACY,results/ngs/GSE50760/tables/ATF3_function/Liver_metastasis/GSEA/TFT_TFT_LEGACY/gsea_result.csv,CREB_Q4_01,CREB_Q4_01,6.42e-06,113,0.5207,117,67,0.0643,0.0027,keep,ATF3_Q6,ATF3_Q6,True,"PPP1R15A,ID1,TRIB1,MAFF,FOSB,DUSP1,ADCY8,CHMP1B,EPHA2,HAS1,TMEM59L,PPP2R2A,EIF1,JUND,EGR2,MXD1,SCG2,LGR5,CHPF,RELB"
ngs,GSE50760,ATF3_correlation,Liver_metastasis,TFT_TFT_LEGACY,results/ngs/GSE50760/tables/ATF3_function/Liver_metastasis/GSEA/TFT_TFT_LEGACY/gsea_result.csv,SRF_01,SRF_01,6.54e-06,32,0.6275,39,26,0.2391,0.000169,keep,SRF_Q4,SRF_Q4,True,"JUNB,FOSB,FOS,IER2,EGR3,TPM1,EGR2,MYL6,TGFB1I1,FOSL1,CNN2,CA3,KCNMB1,EGR1,NPAS4,IRAG1,VCL,ANXA6,MYH11,FLNA"
ngs,GSE50760,ATF3_correlation,Liver_metastasis,TFT_TFT_LEGACY,results/ngs/GSE50760/tables/ATF3_function/Liver_metastasis/GSEA/TFT_TFT_LEGACY/gsea_result.csv,SP3_Q3,SP3_Q3,6.61e-06,160,0.6426,0,0,1.0,0.0,keep,itself,,True,"JUNB,NR1D1,ALDOC,ARHGAP6,TCEAL9,EIF1,BCL3,HOXC4,TPBG,PIM1,USP2,SLC6A14,PFKFB3,PPARD,ATOSB,FZD2,FLT1,RUNX1,AGBL5,EPHB1"
ngs,GSE50760,ATF3_correlation,Liver_metastasis,TFT_TFT_LEGACY,results/ngs/GSE50760/tables/ATF3_function/Liver_metastasis/GSEA/TFT_TFT_LEGACY/gsea_result.csv,AP1_Q6,AP1_Q6,8.63e-06,127,0.4885,138,69,0.393,0.1666,keep,AP1_Q2,AP1_Q2,False,"CDKN1A,TRIB1,NR1D1,EPHA2,SLC4A11,VASP,HOXA11,TINAGL1,FLNC,SNCB,MDFI,AK5,IL1RN,MMP9,IDS,SCEL,ABHD4,CAPNS1,ITPKC,NRIP3"
ngs,GSE50760,ATF3_correlation,Liver_metastasis,TFT_TFT_LEGACY,results/ngs/GSE50760/tables/ATF3_function/Liver_metastasis/GSEA/TFT_TFT_LEGACY/gsea_result.csv,RFX1_01,RFX1_01,1.04e-05,126,0.4773,0,0,1.0,0.0,keep,itself,,True,"ADM,NME5,CALB2,IGSF8,DUSP4,ZFP36L2,NEDD9,DNAL4,AKIRIN1,BCL2L1,ARL4A,MAGED1,ORAI3,CBX8,HDAC9,IDS,HMGCS1,CDIPT,TBPL1,RSPH14"
ngs,GSE50760,ATF3_correlation,Liver_metastasis,TFT_TFT_LEGACY,results/ngs/GSE50760/tables/ATF3_function/Liver_metastasis/GSEA/TFT_TFT_LEGACY/gsea_result.csv,ATF_B,ATF_B,1.13e-05,94,0.4921,116,62,0.0955,0.0507,keep,ATF3_Q6,ATF3_Q6,False,"PPP1R15A,ID1,PNRC1,MAFF,FOSB,FOS,DUSP1,ADCY8,CHMP1B,EPHA2,HAS1,TMEM59L,PPP2R2A,JUND,HOXD8,SCG2,LGR5,MYL6,PDP1,AKIRIN1"
ngs,GSE50760,ATF3_correlation,Liver_metastasis,TFT_TFT_LEGACY,results/ngs/GSE50760/tables/ATF3_function/Liver_metastasis/GSEA/TFT_TFT_LEGACY/gsea_result.csv,YATTNATC_UNKNOWN,YATTNATC_UNKNOWN,1.28e-05,133,0.3482,0,0,1.0,0.0,keep,itself,,True,"DSG3,ACKR3,CSRNP1,RBPMS,EGR3,HOXC6,TLE4,SCGB3A2,HOXD10,WNT4,IGF2BP3,TTYH1,SPRED1,SLC16A10,PBXIP1,APP,CRCT1,TMBIM1,CALB1,LRRTM1"
ngs,GSE50760,ATF3_correlation,Liver_metastasis,TFT_TFT_LEGACY,results/ngs/GSE50760/tables/ATF3_function/Liver_metastasis/GSEA/TFT_TFT_LEGACY/gsea_result.csv,CEBP_C,CEBP_C,1.44e-05,87,0.4203,0,0,1.0,0.0,keep,itself,,True,"JUN,CEBPB,NR1D1,SERPINB2,FSIP2,C6orf15,P2RY1,FOXO3,SAV1,HOXC4,USP2,RAB6A,LRRTM1,SAT1,NCKAP5,HDAC9,RPS19,FGF14,CA3,SUPT4H1"
ngs,GSE50760,ATF3_correlation,Liver_metastasis,TFT_TFT_LEGACY,results/ngs/GSE50760/tables/ATF3_function/Liver_metastasis/GSEA/TFT_TFT_LEGACY/gsea_result.csv,CREB_Q2_01,CREB_Q2_01,1.49e-05,106,0.469,111,59,0.0429,0.128,exclude,ATF_B,ATF_B,False,"PPP1R15A,ID1,PNRC1,TRIB1,MAFF,FOSB,DUSP1,JUN,EPHA2,TPM4,TMEM59L,CDC42EP4,PPP2R2A,JUND,MXD1,SCG2,LGR5,CHPF,RELB,AKIRIN1"
ngs,GSE50760,ATF3_correlation,Liver_metastasis,TFT_TFT_LEGACY,results/ngs/GSE50760/tables/ATF3_function/Liver_metastasis/GSEA/TFT_TFT_LEGACY/gsea_result.csv,PXR_Q2,PXR_Q2,1.97e-05,103,0.3962,0,0,1.0,0.0,keep,itself,,True,"MPZL3,HOXD9,SOCS2,CABP1,STAC2,BHLHE40,SP8,HES1,ANGPT2,CYTH3,EGR2,ARLN,TTYH1,CNIH3,FGF11,PTCHD4,APP,ARL4A,SAT1,PYGL"
ngs,GSE50760,ATF3_correlation,Liver_metastasis,TFT_TFT_LEGACY,results/ngs/GSE50760/tables/ATF3_function/Liver_metastasis/GSEA/TFT_TFT_LEGACY/gsea_result.csv,SRF_Q6,SRF_Q6,2.64e-05,114,0.4597,42,26,0.0177,0.7359,exclude,SRF_01,SRF_01,False,"JUNB,FOSB,FOS,EGR3,CABP1,ATF4,MSX1,HOXD10,EGR2,MYL6,TGFB1I1,KRT17,SCN3B,MYADM,NR4A1,FOSL1,LDHA,ORAI3,CNN2,RASD2"
ngs,GSE50760,ATF3_correlation,Liver_metastasis,TFT_TFT_LEGACY,results/ngs/GSE50760/tables/ATF3_function/Liver_metastasis/GSEA/TFT_TFT_LEGACY/gsea_result.csv,WWTAAGGC_UNKNOWN,WWTAAGGC_UNKNOWN,2.72e-05,60,0.411,0,0,1.0,0.0,keep,itself,,True,"INA,BHLHE40,HBEGF,KLF2,HOXD8,VASP,VEZF1,FOXQ1,JDP2,CNN2,HDAC9,RBMS2,HSPB7,SLC41A1,HOXA10,WIPI1,ALDOA,RORB,SPAG7,NPAS4"
ngs,GSE50760,ATF3_correlation,Liver_metastasis,TFT_TFT_LEGACY,results/ngs/GSE50760/tables/ATF3_function/Liver_metastasis/GSEA/TFT_TFT_LEGACY/gsea_result.csv,MAZR_01,MAZR_01,3.39e-05,114,0.5089,0,0,1.0,0.0,keep,itself,,True,"JUNB,MMP1,L1CAM,NETO1,TRIP10,TMEM59L,HOXC6,TMEM119,VASP,VEZF1,HOXC4,PIM1,ITGA6,GTPBP2,PHLDB3,KRT17,PTPRF,FGF14,SRF,MKNK2"
ngs,GSE50760,ATF3_correlation,Liver_metastasis,TFT_TFT_LEGACY,results/ngs/GSE50760/tables/ATF3_function/Liver_metastasis/GSEA/TFT_TFT_LEGACY/gsea_result.csv,OCT_Q6,OCT_Q6,3.54e-05,101,0.3783,0,0,1.0,0.0,keep,itself,,True,"MMP1,GPRC5B,CSRNP1,CCN1,SH3BGRL,JUND,EGR2,RHOB,DAPK3,ADORA1,PAM,TP53INP2,FZD2,SREBF2,HDAC9,TWIST1,CCDC107,HOXD11,FGF14,GPC4"
ngs,GSE50760,ATF3_correlation,Liver_metastasis,TFT_TFT_LEGACY,results/ngs/GSE50760/tables/ATF3_function/Liver_metastasis/GSEA/TFT_TFT_LEGACY/gsea_result.csv,P300_01,P300_01,3.58e-05,137,0.5352,0,0,1.0,0.0,keep,itself,,True,"JUNB,EMP1,CHMP1B,ATP8A2,EGR3,PPP3CA,HOXC6,HBEGF,PRRG1,JUND,WNT4,TNFRSF12A,RARA,HOXC4,CSRNP2,BCL2L1,AKAP12,SLC12A4,ORAI3,SREBF2"
ngs,GSE50760,ATF3_correlation,Liver_metastasis,TFT_TFT_LEGACY,results/ngs/GSE50760/tables/ATF3_function/Liver_metastasis/GSEA/TFT_TFT_LEGACY/gsea_result.csv,CREB_01,CREB_01,3.95e-05,132,0.4925,175,95,0.0163,0.1231,exclude,CREB_Q4_01,CREB_Q4_01,False,"ATF3,PPP1R15A,ID1,PNRC1,MAFF,FOSB,DUSP1,ADCY8,BNIP3L,CHMP1B,EPHA2,HAS1,TMEM59L,PPP2R2A,JUND,SCG2,LGR5,CHPF,RELB,MYL6"
ngs,GSE50760,ATF3_correlation,Liver_metastasis,TFT_TFT_LEGACY,results/ngs/GSE50760/tables/ATF3_function/Liver_metastasis/GSEA/TFT_TFT_LEGACY/gsea_result.csv,TGACGTCA_ATF3_Q6,TGACGTCA_ATF3_Q6,5.87e-05,115,0.4894,163,89,0.0065,0.1276,exclude,CREB_Q4_01,CREB_Q4_01,False,"PPP1R15A,ID1,PNRC1,MAFF,DUSP1,ADCY8,BNIP3L,CHMP1B,EPHA2,HAS1,TMEM59L,PPP2R2A,JUND,SCG2,LGR5,CHPF,RELB,MYL6,PDP1,AKIRIN1"
ngs,GSE50760,ATF3_correlation,Liver_metastasis,TFT_TFT_LEGACY,results/ngs/GSE50760/tables/ATF3_function/Liver_metastasis/GSEA/TFT_TFT_LEGACY/gsea_result.csv,COMP1_01,COMP1_01,6.39e-05,48,0.4068,0,0,1.0,0.0,keep,itself,,True,"SLC2A12,NR1D1,HOXC6,TLE4,SERPINH1,SPRY4,HOXC4,EDA,TOM1,LMO1,MEIS2,PDE1B,MMGT1,HOXA10,WNT9A,NR2E1,MPPED2,COL4A5,NLK,DLX1"
ngs,GSE50760,ATF3_correlation,Liver_metastasis,TFT_TFT_LEGACY,results/ngs/GSE50760/tables/ATF3_function/Liver_metastasis/GSEA/TFT_TFT_LEGACY/gsea_result.csv,CREBP1CJUN_01,CREBP1CJUN_01,6.83e-05,126,0.4773,165,90,0.003,0.1273,exclude,CREB_Q4_01,CREB_Q4_01,False,"PPP1R15A,ID1,PNRC1,MAFF,DUSP1,ADCY8,BNIP3L,CHMP1B,EPHA2,HAS1,TMEM59L,PPP2R2A,JUND,SCG2,LGR5,CHPF,RELB,MYL6,PDP1,AKIRIN1"
ngs,GSE50760,ATF3_correlation,Liver_metastasis,TFT_TFT_LEGACY,results/ngs/GSE50760/tables/ATF3_function/Liver_metastasis/GSEA/TFT_TFT_LEGACY/gsea_result.csv,ETS_Q4,ETS_Q4,7.35e-05,137,0.5437,0,0,1.0,0.0,keep,itself,,True,"JUNB,DDIT3,CHMP1B,NR1D1,HBEGF,FOXO3,CYB5R4,BIN3,HOXC4,CHIC2,CCL2,MMP3,RPL41,TWIST1,RBMS2,TREML2,YIPF2,C1orf122,RPS3,TSHZ3"
ngs,GSE50760,ATF3_correlation,Liver_metastasis,TFT_TFT_LEGACY,results/ngs/GSE50760/tables/ATF3_function/Liver_metastasis/GSEA/TFT_TFT_LEGACY/gsea_result.csv,OCT1_B,OCT1_B,7.79e-05,95,0.3532,204,77,0.091,0.5811,keep,OCT_Q6,OCT_Q6,False,"MMP1,GPRC5B,CSRNP1,NR1D1,CCN1,SH3BGRL,JUND,EGR2,RHOB,ADORA1,BIN3,ID3,TP53INP2,FZD2,SREBF2,HDAC9,TWIST1,FGF14,GPC4,GPR42"
ngs,GSE50760,ATF3_correlation,Liver_metastasis,TFT_TFT_LEGACY,results/ngs/GSE50760/tables/ATF3_function/Liver_metastasis/GSEA/TFT_TFT_LEGACY/gsea_result.csv,E4F1_Q6,E4F1_Q6,9.68e-05,176,0.6027,118,75,0.2055,6.68e-09,keep,CREB_Q4,CREB_Q4,True,"PPP1R15A,ID1,TRIB1,MAFF,FOSB,DUSP1,ALDOC,CCN1,EGR3,TCEAL9,PSENEN,PPP2R2A,DACT1,EIF1,EGR2,SOX9,NEDD9,SCG2,LGR5,CHPF"
ngs,GSE50760,ATF3_correlation,Liver_metastasis,TFT_TFT_LEGACY,results/ngs/GSE50760/tables/ATF3_function/Liver_metastasis/GSEA/TFT_TFT_LEGACY/gsea_result.csv,TEF_Q6,TEF_Q6,9.83e-05,118,0.4504,0,0,1.0,0.0,keep,itself,,True,"KRT10,GPRC5B,CHMP1B,HOXC6,TLE4,IGF1R,COL13A1,HOXD10,EGR2,HOXA11,KCNS3,IL20,CDYL,SPRED1,HOXC4,HOXD12,ARRDC3,ITGBL1,C1orf116,CXCR4"
ngs,GSE50760,ATF3_correlation,Liver_metastasis,TFT_TFT_LEGACY,results/ngs/GSE50760/tables/ATF3_function/Liver_metastasis/GSEA/TFT_TFT_LEGACY/gsea_result.csv,CEBPB_02,CEBPB_02,0.000135,105,0.3947,0,0,1.0,0.0,keep,itself,,True,"TRIB1,DUSP1,CDKL5,BNIP3L,RBPMS,SOCS2,CCL3,EDN2,SP8,NFIL3,RHOB,SPRY4,SPRED1,TGIF1,ID3,ARRDC3,BDKRB1,NCKAP5,FGF14,C1orf122"
ngs,GSE50760,ATF3_correlation,Liver_metastasis,TFT_TFT_LEGACY,results/ngs/GSE50760/tables/ATF3_function/Liver_metastasis/GSEA/TFT_TFT_LEGACY/gsea_result.csv,GATA_C,GATA_C,0.000136,97,0.3619,0,0,1.0,0.0,keep,itself,,True,"FOSL2,NECTIN2,JUN,RBPMS,ISL1,HOXC6,HBEGF,ANGPT2,MXD1,PRSS22,HOXC4,PTCHD4,EDA,FGF14,CTSE,TOB1,TNFRSF19,EDN1,ACVR1,SLC18A1"
ngs,GSE50760,ATF3_correlation,Liver_metastasis,TFT_TFT_LEGACY,results/ngs/GSE50760/tables/ATF3_function/Liver_metastasis/GSEA/TFT_TFT_LEGACY/gsea_result.csv,CCAWWNAAGG_SRF_Q4,CCAWWNAAGG_SRF_Q4,0.000139,44,0.5,53,27,0.5,0.3624,keep,SRF_C,SRF_C,False,"FOSB,PSENEN,HOXD10,EGR2,DAPK3,SCN3B,NR4A1,EPHB1,KLF6,SRF,TFE3,LIN37,EGR1,CSRP1,HOXD13,RUNDC1,TMEM47,IRAG1,PRDM1,MYH11"
ngs,GSE50760,ATF3_correlation,Liver_metastasis,TFT_TFT_LEGACY,results/ngs/GSE50760/tables/ATF3_function/Liver_metastasis/GSEA/TFT_TFT_LEGACY/gsea_result.csv,HLF_01,HLF_01,0.000171,95,0.3668,0,0,1.0,0.0,keep,itself,,True,"SPRR1B,CDKL5,DDIT3,NR1D1,FOXA2,BHLHE40,HOXC6,PRKAA2,NFIL3,FOXO3,BAMBI,CDYL,SPRY4,SPRED1,HOXC4,PDP1,CLIC4,GTPBP2,USP2,ARRDC3"
ngs,GSE50760,ATF3_correlation,Liver_metastasis,TFT_TFT_LEGACY,results/ngs/GSE50760/tables/ATF3_function/Liver_metastasis/GSEA/TFT_TFT_LEGACY/gsea_result.csv,HEN1_02,HEN1_02,0.000185,95,0.475,0,0,1.0,0.0,keep,itself,,True,"CHPF,JAG1,GALNT10,SIX5,TGIF1,MYT1,ARL4A,FAM131A,JOSD1,GABBR2,ANKRD42,LRP5,RBX1,MRPL14,STMN2,TSHZ3,CDC42EP3,LYPD1,UBE2D3,KLF8"
ngs,GSE50760,ATF3_correlation,Liver_metastasis,TFT_TFT_LEGACY,results/ngs/GSE50760/tables/ATF3_function/Liver_metastasis/GSEA/TFT_TFT_LEGACY/gsea_result.csv,CREBP1_Q2,CREBP1_Q2,0.000185,120,0.4615,162,84,0.0123,0.000778,keep,CREB_Q4,CREB_Q4,True,"PPP1R15A,ID1,PNRC1,TRIB1,MAFF,FOSB,FOS,DUSP1,CEBPB,EPHA2,EGR3,TCEAL9,PSENEN,TPM4,TMEM59L,PPP2R2A,DACT1,HOXD8,EGR2,SCG2"
ngs,GSE50760,ATF3_correlation,Liver_metastasis,TFT_TFT_LEGACY,results/ngs/GSE50760/tables/ATF3_function/Liver_metastasis/GSEA/TFT_TFT_LEGACY/gsea_result.csv,PAX2_02,PAX2_02,0.000217,107,0.4038,0,0,1.0,0.0,keep,itself,,True,"SLC2A14,FOS,ADCY8,DNER,PPP3CA,NTRK2,LIMK2,DUSP4,HOXC12,NEDD9,MAML2,HOXC4,FLNC,MISP,PHF21B,PFKFB3,CDYL2,LRRTM1,EPHB1,CIMAP1C"
ngs,GSE50760,ATF3_correlation,Liver_metastasis,TFT_TFT_LEGACY,results/ngs/GSE50760/tables/ATF3_function/Liver_metastasis/GSEA/TFT_TFT_LEGACY/gsea_result.csv,TST1_01,TST1_01,0.000228,89,0.3358,0,0,1.0,0.0,keep,itself,,True,"RAP2A,ISL1,CABP1,HOXC6,INPP4B,OLIG2,WNT4,EGR2,HOXC12,IGF2BP3,TTYH1,HOXC4,PIM1,AKIRIN1,ARL4A,ARRDC3,TMSB4X,SLC27A4,TWIST1,HEY1"
ngs,GSE50760,ATF3_correlation,Liver_metastasis,TFT_TFT_LEGACY,results/ngs/GSE50760/tables/ATF3_function/Liver_metastasis/GSEA/TFT_TFT_LEGACY/gsea_result.csv,SRF_Q5_01,SRF_Q5_01,0.000242,105,0.4667,41,26,0.0137,0.5572,exclude,SRF_01,SRF_01,False,"ATF3,JUNB,FOSB,FOS,IER2,EGR3,SGK1,ATF4,YBX3,CXCL5,HOXD10,VASP,EGR2,TIMP3,MYL6,HOXC4,FLNC,TGFB1I1,MYADM,CNN2"
ngs,GSE50760,ATF3_correlation,Liver_metastasis,TFT_TFT_LEGACY,results/ngs/GSE50760/tables/ATF3_function/Liver_metastasis/GSEA/TFT_TFT_LEGACY/gsea_result.csv,CEBPDELTA_Q6,CEBPDELTA_Q6,0.000245,97,0.3927,0,0,1.0,0.0,keep,itself,,True,"ATF3,SPRR1B,TRIB1,FOSB,FOS,JUN,FOXA2,OSM,HOXA11,KCNS3,FOXO3,TIMP3,HOXC4,SGIP1,NR4A1,HOXD12,ARRDC3,ITGBL1,SREBF2,IL1RN"
ngs,GSE50760,ATF3_correlation,Liver_metastasis,TFT_TFT_LEGACY,results/ngs/GSE50760/tables/ATF3_function/Liver_metastasis/GSEA/TFT_TFT_LEGACY/gsea_result.csv,AP2GAMMA_01,AP2GAMMA_01,0.000254,121,0.4802,0,0,1.0,0.0,keep,itself,,True,"L1CAM,ZFAND3,JUND,SPATA6,SOX9,IER5L,BARX1,BCL3,KRT4,SRRM3,ARTN,RELB,FRMPD1,FGF11,SLC12A4,ZNF385A,EDA,KLF10,HSPB2,CRYAB"
ngs,GSE50760,ATF3_correlation,Liver_metastasis,TFT_TFT_LEGACY,results/ngs/GSE50760/tables/ATF3_function/Liver_metastasis/GSEA/TFT_TFT_LEGACY/gsea_result.csv,MZF1_01,MZF1_01,0.00026,107,0.4458,0,0,1.0,0.0,keep,itself,,True,"DSG3,PADI1,KRT13,FOXA2,TMEM119,YBX3,WNT4,SIX5,HOXC4,FGF11,SGIP1,SCN3B,ZNF385A,FLT1,KIF3C,MRPL14,INKA1,NRIP3,MN1,C1orf122"
ngs,GSE50760,ATF3_correlation,Liver_metastasis,TFT_TFT_LEGACY,results/ngs/GSE50760/tables/ATF3_function/Liver_metastasis/GSEA/TFT_TFT_LEGACY/gsea_result.csv,WYAAANNRNNNGCG_UNKNOWN,WYAAANNRNNNGCG_UNKNOWN,0.00028,31,0.4769,0,0,1.0,0.0,keep,itself,,True,"MB21D2,SOCS2,LGR5,RHOB,PHF21B,NR4A1,CDC20B,SUPT4H1,NEUROD1,TMEM184B,HOXA5,ST8SIA2,LMO4,C1QTNF7,HNRNPA0,DUSP6,RFX4,TLNRD1,ROR1,SRSF3"
ngs,GSE50760,ATF3_correlation,Liver_metastasis,TFT_TFT_LEGACY,results/ngs/GSE50760/tables/ATF3_function/Liver_metastasis/GSEA/TFT_TFT_LEGACY/gsea_result.csv,TAL1BETAITF2_01,TAL1BETAITF2_01,0.000302,99,0.3722,0,0,1.0,0.0,keep,itself,,True,"CPE,FBXO16,FOSB,DDIT3,TMEM59L,CDC42EP4,LVRN,ZFP36L1,HOXA11,GLDN,FLNC,PBXIP1,TP53INP2,CDK19,NKAIN3,ARL4A,PHF21B,EHD4,ITGBL1,LRP5"
ngs,GSE50760,ATF3_correlation,Liver_metastasis,TFT_TFT_LEGACY,results/ngs/GSE50760/tables/ATF3_function/Liver_metastasis/GSEA/TFT_TFT_LEGACY/gsea_result.csv,AP2ALPHA_01,AP2ALPHA_01,0.000314,112,0.4609,192,89,0.5002,0.8627,keep,AP2GAMMA_01,AP2GAMMA_01,False,"L1CAM,ZFAND3,NETO1,JUND,ZFP36L1,SOX9,IER5L,BARX1,BCL3,KRT4,RARA,TMEM127,ARTN,RELB,FRMPD1,SLC12A4,PRPH,PPARD,KLF10,CERCAM"
ngs,GSE50760,ATF3_correlation,Liver_metastasis,TFT_TFT_LEGACY,results/ngs/GSE50760/tables/ATF3_function/Liver_metastasis/GSEA/TFT_TFT_LEGACY/gsea_result.csv,TGGNNNNNNKCCAR_UNKNOWN,TGGNNNNNNKCCAR_UNKNOWN,0.000421,223,0.5115,0,0,1.0,0.0,keep,itself,,True,"PNRC1,IL6,PADI1,CSRNP1,CCN1,BHLHE40,HBEGF,SCN4B,SPRY1,GDPD2,CYTH3,IER5L,KRT4,EFNB1,TINAGL1,EXTL3,ANXA3,FGF11,GTPBP2,KRT17"
ngs,GSE50760,ATF3_correlation,Liver_metastasis,TFT_TFT_LEGACY,results/ngs/GSE50760/tables/ATF3_function/Liver_metastasis/GSEA/TFT_TFT_LEGACY/gsea_result.csv,SREBP1_Q6,SREBP1_Q6,0.000427,100,0.4049,0,0,1.0,0.0,keep,itself,,True,"LDLR,EMP1,CEBPB,NR1D1,CDC42EP4,TMEM119,HOXD10,ZFP36L1,HOXA11,MYL6,HOXC4,FLNC,TGFB1I1,PHLDB3,KRT17,CLDN5,SREBF2,LEFTY1,RBX1,DDR1"
ngs,GSE50760,ATF3_correlation,Liver_metastasis,TFT_TFT_LEGACY,results/ngs/GSE50760/tables/ATF3_function/Liver_metastasis/GSEA/TFT_TFT_LEGACY/gsea_result.csv,POU6F1_01,POU6F1_01,0.000427,89,0.3708,0,0,1.0,0.0,keep,itself,,True,"KRT10,DUSP1,HOXC6,PPM1L,HOXA11,SCG2,TGIF1,HOXC4,MYT1,JOSD1,TAX1BP3,TOB1,MEIS2,LIPG,ZNF827,HOXA5,RTL3,DRG1,FBXO32,ABLIM1"
ngs,GSE50760,ATF3_correlation,Liver_metastasis,TFT_TFT_LEGACY,results/ngs/GSE50760/tables/ATF3_function/Liver_metastasis/GSEA/TFT_TFT_LEGACY/gsea_result.csv,TFIIA_Q6,TFIIA_Q6,0.000483,122,0.4766,0,0,1.0,0.0,keep,itself,,True,"TRIB1,FOSB,IER2,NR1D1,SP8,HOXD8,VASP,ANXA3,ID3,MMP20,PHF21B,NR4A1,HMG20B,JDP2,HSPB2,CRYAB,DLX3,FGF14,GPC4,TGFB1"
ngs,GSE50760,ATF3_correlation,Liver_metastasis,TFT_TFT_LEGACY,results/ngs/GSE50760/tables/ATF3_function/Liver_metastasis/GSEA/TFT_TFT_LEGACY/gsea_result.csv,EN1_01,EN1_01,0.000483,42,0.3784,0,0,1.0,0.0,keep,itself,,True,"ISL1,ARHGAP6,TMEM59L,HOXD10,HOXA11,SAV1,SLC6A14,SAT1,CD55,GPC4,TSHZ3,LMO1,GREM1,PDGFRA,RTKN,FAM53C,RPL38,PAX6,RBFOX1,MORF4L2"
ngs,GSE50760,ATF3_correlation,Liver_metastasis,TFT_TFT_LEGACY,results/ngs/GSE50760/tables/ATF3_function/Liver_metastasis/GSEA/TFT_TFT_LEGACY/gsea_result.csv,AP2_Q3,AP2_Q3,0.000506,86,0.3373,0,0,1.0,0.0,keep,itself,,True,"GPRC5B,FOSL2,IGF1R,LIMK2,SPATA6,IER5L,FOXO3,BARX1,ARTN,RELB,CSRNP2,SLC12A4,ZNF385A,GABBR2,KLF10,RPL41,EPHB1,ZBTB22,TGFB1,HEBP2"
ngs,GSE50760,ATF3_correlation,Liver_metastasis,TFT_TFT_LEGACY,results/ngs/GSE50760/tables/ATF3_function/Liver_metastasis/GSEA/TFT_TFT_LEGACY/gsea_result.csv,WHN_B,WHN_B,0.00054,150,0.5747,0,0,1.0,0.0,keep,itself,,True,"JUNB,TRIB1,JUN,EGR3,BHLHE40,PPP3CA,NUDT11,HOXC6,KLF2,KCNS3,EFNB1,JAG1,SRRM3,VEZF1,SNCB,PHF21B,ZNF385A,SNX9,RPL41,ANGPTL5"
ngs,GSE50760,ATF3_correlation,Liver_metastasis,TFT_TFT_LEGACY,results/ngs/GSE50760/tables/ATF3_function/Liver_metastasis/GSEA/TFT_TFT_LEGACY/gsea_result.csv,EGR_Q6,EGR_Q6,0.000574,152,0.5409,0,0,1.0,0.0,keep,itself,,True,"ZFP36,SERTAD1,MMP1,ADCY8,ICAM5,INA,NETO1,TPM4,PPP3CA,VLDLR,ZFP36L1,EGR2,TNFRSF12A,TGIF1,RELB,TGFB1I1,AK5,KLF10,HSPB2,CRYAB"
ngs,GSE50760,ATF3_correlation,Liver_metastasis,TFT_TFT_LEGACY,results/ngs/GSE50760/tables/ATF3_function/Liver_metastasis/GSEA/TFT_TFT_LEGACY/gsea_result.csv,HFH8_01,HFH8_01,0.000652,75,0.3606,0,0,1.0,0.0,keep,itself,,True,"DUSP1,COL13A1,BEX2,EGR2,HOXA11,BAMBI,TGIF1,ARTN,HOXC4,HMGN3,SNCB,NR4A1,RUNX1,ZBTB22,TOB1,HR,SUPT4H1,FHL2,LYPD1,HOXA10"
ngs,GSE50760,ATF3_correlation,Liver_metastasis,TFT_TFT_LEGACY,results/ngs/GSE50760/tables/ATF3_function/Liver_metastasis/GSEA/TFT_TFT_LEGACY/gsea_result.csv,CEBP_01,CEBP_01,0.000696,146,0.5271,0,0,1.0,0.0,keep,itself,,True,"ADM,FOSB,TPM1,ARHGAP6,OSR2,ANGPT2,EGR2,HOXA11,TGIF1,SGIP1,LRRTM1,ORAI3,ANKRD42,NCKAP5,C1orf116,HPCAL1,HEY1,C1orf122,FABP1,TACSTD2"
ngs,GSE50760,ATF3_correlation,Liver_metastasis,TFT_TFT_LEGACY,results/ngs/GSE50760/tables/ATF3_function/Liver_metastasis/GSEA/TFT_TFT_LEGACY/gsea_result.csv,ATF_01,ATF_01,0.000774,146,0.5468,113,68,0.0775,0.000206,keep,ATF3_Q6,ATF3_Q6,True,"ATF3,PPP1R15A,PNRC1,TRIB1,MAFF,FOSB,FOS,DUSP1,ADCY8,BNIP3L,CCN1,EPHA2,EGR3,SGK1,TPM4,TMEM59L,EIF1,JUND,NFIL3,DUSP4"
ngs,GSE50760,ATF3_correlation,Liver_metastasis,TFT_TFT_LEGACY,results/ngs/GSE50760/tables/ATF3_function/Liver_metastasis/GSEA/TFT_TFT_LEGACY/gsea_result.csv,MIF1_01,MIF1_01,0.000886,114,0.6129,98,58,0.7802,0.0031,keep,RFX1_01,RFX1_01,True,"LURAP1L,CDKL5,NEDD9,DNAL4,AKIRIN1,BCL2L1,ARL4A,MAGED1,ORAI3,LSM7,HMGCS1,TBPL1,VEGFA,MRPL10,RNF25,MDH1B,TSC22D1,CARS1,PARP8,CBX4"
ngs,GSE50760,ATF3_correlation,Liver_metastasis,TFT_TFT_LEGACY,results/ngs/GSE50760/tables/ATF3_function/Liver_metastasis/GSEA/TFT_TFT_LEGACY/gsea_result.csv,SMTTTTGT_UNKNOWN,SMTTTTGT_UNKNOWN,0.000919,188,0.4608,0,0,1.0,0.0,keep,itself,,True,"HOXD9,ALDOC,ISL1,HOXC6,SP8,NTRK2,DUSP4,ZFP36L1,GLDN,TGIF1,ITGB4,USP2,APP,FGFR4,MAGED1,HOXD12,CXCR4,LRRC4,MAPK6,HOXD11"
ngs,GSE50760,ATF3_correlation,Liver_metastasis,TFT_TFT_LEGACY,results/ngs/GSE50760/tables/ATF3_function/Liver_metastasis/GSEA/TFT_TFT_LEGACY/gsea_result.csv,ETS1_B,ETS1_B,0.00093,146,0.5448,127,72,0.285,0.2672,keep,ETS_Q4,ETS_Q4,False,"JUNB,CSRNP1,CHMP1B,SH3BGRL,FOXO3,BIN3,SPRED1,HOXC4,FLNC,SLC12A4,FOSL1,MAGED1,MMP3,TWIST1,RBMS2,TREML2,PRSS27,RPS3,S100A10,TSC22D3"
ngs,GSE50760,ATF3_correlation,Liver_metastasis,TFT_TFT_LEGACY,results/ngs/GSE50760/tables/ATF3_function/Liver_metastasis/GSEA/TFT_TFT_LEGACY/gsea_result.csv,TGANNYRGCA_TCF11MAFG_01,TGANNYRGCA_TCF11MAFG_01,0.000997,171,0.557,0,0,1.0,0.0,keep,itself,,True,"GAST,IL6,KRT13,SMOX,NUDT11,VASP,NEDD9,PIM1,FLNC,FGF11,SERPINB5,SNCB,PHF21B,RAB6A,ARRDC3,TREML2,MMP9,C1orf122,STMN2,TOB1"
ngs,GSE50760,ATF3_correlation,Liver_metastasis,TFT_TFT_LEGACY,results/ngs/GSE50760/tables/ATF3_function/Liver_metastasis/GSEA/TFT_TFT_LEGACY/gsea_result.csv,E4BP4_01,E4BP4_01,0.0011,100,0.4484,116,56,0.174,0.000389,keep,HLF_01,HLF_01,True,"ATF3,NR1D1,HOXC6,PRKAA2,NFIL3,FOXO3,CDYL,HOXC4,CHIC2,USP2,SAT1,ARRDC3,NCKAP5,SREBF2,ANO1,FGF14,MIOX,CDK8,TSC22D3,HOXA10"
ngs,GSE50760,ATF3_correlation,Liver_metastasis,TFT_TFT_LEGACY,results/ngs/GSE50760/tables/ATF3_function/Liver_metastasis/GSEA/TFT_TFT_LEGACY/gsea_result.csv,ATF4_Q2,ATF4_Q2,0.0011,170,0.6513,121,83,0.1684,8.22e-14,keep,CREB_Q4,CREB_Q4,True,"PPP1R15A,ID1,PNRC1,TRIB1,FOSB,FOS,DUSP1,EPHA2,SGK1,TPM4,JAG1,RELB,PDP1,FLNC,AKIRIN1,ATG5,USP2,CAPN6,FAM131A,GEM"
ngs,GSE50760,ATF3_correlation,Liver_metastasis,TFT_TFT_LEGACY,results/ngs/GSE50760/tables/ATF3_function/Liver_metastasis/GSEA/TFT_TFT_LEGACY/gsea_result.csv,OCT1_Q5_01,OCT1_Q5_01,0.0014,99,0.36,185,72,0.0941,0.0437,keep,OCT1_B,OCT1_B,True,"MMP1,GPRC5B,CSRNP1,CCN1,ISL1,SH3BGRL,JUND,HOXD8,EGR2,RHOB,DAPK3,ADORA1,TP53INP2,EDA,SREBF2,HOXD11,FGF14,RPP21,SRF,TSC22D3"
ngs,GSE50760,ATF3_correlation,Liver_metastasis,TFT_TFT_LEGACY,results/ngs/GSE50760/tables/ATF3_function/Liver_metastasis/GSEA/TFT_TFT_LEGACY/gsea_result.csv,HNF6_Q6,HNF6_Q6,0.0014,83,0.3458,0,0,1.0,0.0,keep,itself,,True,"NMNAT3,SULF2,HOXC6,INPP4B,TLE4,SP8,VLDLR,COL13A1,HOXD10,HOXA11,BAMBI,HOXC4,SGIP1,ARRDC3,CCL2,RUNX1,TWIST1,PAX9,SPACA9,CLSTN2"
ngs,GSE50760,ATF3_correlation,Liver_metastasis,TFT_TFT_LEGACY,results/ngs/GSE50760/tables/ATF3_function/Liver_metastasis/GSEA/TFT_TFT_LEGACY/gsea_result.csv,ALX4_01,ALX4_01,0.0014,8,0.5,0,0,1.0,0.0,keep,itself,,True,"JUN,KLK9,ZNF532,ZBTB8A,ZNRD2,FAM89B,TCF7L2,LMO3"
ngs,GSE50760,ATF3_correlation,Liver_metastasis,TFT_TFT_LEGACY,results/ngs/GSE50760/tables/ATF3_function/Liver_metastasis/GSEA/TFT_TFT_LEGACY/gsea_result.csv,IK2_01,IK2_01,0.0015,151,0.5531,0,0,1.0,0.0,keep,itself,,True,"FOSL2,EPHA2,OSR2,HOXC6,MSX1,HES1,IGF1R,WNT4,BCL3,TGIF1,RELB,HOXC4,USP2,MAGED1,TMEM95,SAT1,HSPB2,CRYAB,AGBL5,RBMS2"
ngs,GSE50760,ATF3_correlation,Liver_metastasis,TFT_TFT_LEGACY,results/ngs/GSE50760/tables/ATF3_function/Liver_metastasis/GSEA/TFT_TFT_LEGACY/gsea_result.csv,NFY_01,NFY_01,0.0015,127,0.4866,0,0,1.0,0.0,keep,itself,,True,"JUNB,PNRC1,ISL1,TLE4,OLIG2,HES1,ZFP36L2,RHOB,COL5A3,HOXC4,PDP1,ERG28,ZNF385A,KLF10,SREBF2,DLX3,COQ10B,CHAC1,WBP2,TMA7"
ngs,GSE50760,ATF3_correlation,Liver_metastasis,TFT_TFT_LEGACY,results/ngs/GSE50760/tables/ATF3_function/Liver_metastasis/GSEA/TFT_TFT_LEGACY/gsea_result.csv,NKX62_Q2,NKX62_Q2,0.0015,106,0.4309,0,0,1.0,0.0,keep,itself,,True,"IER3,HOXC6,NFIL3,HOXA11,RPL34,BAMBI,ARTN,HOXC4,UNC5B,MYT1,RAB6A,STX7,TWIST1,LRP5,C1orf122,STMN2,RIPK4,TSC22D3,GREM1,CDC42EP3"
ngs,GSE50760,ATF3_correlation,Liver_metastasis,TFT_TFT_LEGACY,results/ngs/GSE50760/tables/ATF3_function/Liver_metastasis/GSEA/TFT_TFT_LEGACY/gsea_result.csv,STAT4_01,STAT4_01,0.0016,121,0.4515,0,0,1.0,0.0,keep,itself,,True,"NMNAT3,FSIP2,SGK1,SMOX,TMEM59L,HOXC6,EIF1,TMPRSS11D,LIMK2,HOXD10,HOXD8,LNX2,CABCOCO1,PTCHD4,USP2,RUNX2,NR4A1,AFAP1,ERG28,ARRDC3"
ngs,GSE50760,ATF3_correlation,Liver_metastasis,TFT_TFT_LEGACY,results/ngs/GSE50760/tables/ATF3_function/Liver_metastasis/GSEA/TFT_TFT_LEGACY/gsea_result.csv,TGASTMAGC_NFE2_01,TGASTMAGC_NFE2_01,0.0016,101,0.5179,95,54,0.109,1.29e-05,keep,AP1_Q4_01,AP1_Q4_01,True,"GAST,IL6,S100A2,NR1D1,CALB2,MMP19,NUDT11,VASP,TINAGL1,FGF11,SERPINB5,SNCB,FOSL1,MDFI,FLT1,MMP9,IDS,ABHD4,ITPKC,DIRAS1"
ngs,GSE50760,ATF3_correlation,Liver_metastasis,TFT_TFT_LEGACY,results/ngs/GSE50760/tables/ATF3_function/Liver_metastasis/GSEA/TFT_TFT_LEGACY/gsea_result.csv,CEBP_Q2_01,CEBP_Q2_01,0.0017,96,0.3529,0,0,1.0,0.0,keep,itself,,True,"SPRR1B,TRIB1,JUN,HOXD9,CCN1,CCL3,HOXC6,NFIL3,ZFP36L1,RHOB,SPRY4,SPRED1,HOXC4,ID3,CDKN1C,ARRDC3,NCKAP5,ANO1,STC1,FGF14"
ngs,GSE50760,ATF3_correlation,Liver_metastasis,TFT_TFT_LEGACY,results/ngs/GSE50760/tables/ATF3_function/Liver_metastasis/GSEA/TFT_TFT_LEGACY/gsea_result.csv,AFP1_Q6,AFP1_Q6,0.0019,121,0.4515,0,0,1.0,0.0,keep,itself,,True,"ATF3,HOXD9,SERPINB2,INA,SULF2,HOXC6,HOXD10,HS3ST5,NOG,HOXC4,EDA,STX7,C1orf116,STC1,GPC4,DLX2,HOXC10,CDC42EP3,MEIS2,HAS2"
ngs,GSE50760,ATF3_correlation,Liver_metastasis,TFT_TFT_LEGACY,results/ngs/GSE50760/tables/ATF3_function/Liver_metastasis/GSEA/TFT_TFT_LEGACY/gsea_result.csv,FOXJ2_02,FOXJ2_02,0.002,107,0.4403,0,0,1.0,0.0,keep,itself,,True,"ATF3,ID1,ACKR3,FSIP2,INPP4B,HOXC12,NOG,IL20,HOXC4,PTCHD4,USP2,CCL2,HDAC9,C1orf122,DLX2,TOB1,HAS2,HOXA10,EDN1,ANAPC11"
ngs,GSE50760,ATF3_correlation,Liver_metastasis,TFT_TFT_LEGACY,results/ngs/GSE50760/tables/ATF3_function/Liver_metastasis/GSEA/TFT_TFT_LEGACY/gsea_result.csv,ATF1_Q6,ATF1_Q6,0.002,92,0.3866,0,0,1.0,0.0,keep,itself,,True,"ID1,TRIB1,MAFF,FOSB,FOS,DDIT3,BNIP3L,CHMP1B,HAS1,ISL1,PSENEN,TPM4,JUND,NTRK2,NFIL3,TNFRSF12A,SCG2,PDP1,AKIRIN1,TMEM147"
ngs,GSE50760,ATF3_correlation,Liver_metastasis,TFT_TFT_LEGACY,results/ngs/GSE50760/tables/ATF3_function/Liver_metastasis/GSEA/TFT_TFT_LEGACY/gsea_result.csv,TEF1_Q6,TEF1_Q6,0.0021,66,0.2907,0,0,1.0,0.0,keep,itself,,True,"RNF2,CCN1,EPHA2,SYT8,CAVIN3,PRKAA2,EGR2,TINAGL1,MFAP5,ELF3,PBXIP1,USP2,SGIP1,CACNA1S,PTPRF,HSPB2,CRYAB,C1orf116,CACNA1E,NES"
ngs,GSE50760,ATF3_correlation,Liver_metastasis,TFT_TFT_LEGACY,results/ngs/GSE50760/tables/ATF3_function/Liver_metastasis/GSEA/TFT_TFT_LEGACY/gsea_result.csv,OCT_C,OCT_C,0.0021,91,0.337,160,61,0.0419,0.1496,exclude,OCT1_B,OCT1_B,False,"MMP1,NR1D1,CCN1,ISL1,TCEAL9,SH3BGRL,JUND,YBX3,EGR2,NEDD9,RHOB,ADORA1,MMP17,SREBF2,HDAC9,CCDC107,HOXD11,FGF14,SRF,TSC22D3"
ngs,GSE50760,ATF3_correlation,Liver_metastasis,TFT_TFT_LEGACY,results/ngs/GSE50760/tables/ATF3_function/Liver_metastasis/GSEA/TFT_TFT_LEGACY/gsea_result.csv,ETS2_B,ETS2_B,0.0022,151,0.5355,0,0,1.0,0.0,keep,itself,,True,"CHMP1B,NR1D1,EPHA2,SPATA6,VASP,MUC13,IER5L,FOXO3,BCL3,HOXC4,FLNC,RAB20,FGFR4,MMP3,AGBL5,C1QTNF5,TWIST1,RBMS2,TREML2,PCDH1"
ngs,GSE50760,ATF3_correlation,Liver_metastasis,TFT_TFT_LEGACY,results/ngs/GSE50760/tables/ATF3_function/Liver_metastasis/GSEA/TFT_TFT_LEGACY/gsea_result.csv,PAX_Q6,PAX_Q6,0.0022,101,0.3826,0,0,1.0,0.0,keep,itself,,True,"ATF3,TRIB1,HDDC2,IER3,SOCS2,CCN1,BTG1,EGR3,TMEM53,HBEGF,KDM4B,JAG1,ITGB4,HOXC4,FLNC,MYADM,PPARD,WDR54,RUNX1,TWIST1"
ngs,GSE50760,ATF3_correlation,Liver_metastasis,TFT_TFT_LEGACY,results/ngs/GSE50760/tables/ATF3_function/Liver_metastasis/GSEA/TFT_TFT_LEGACY/gsea_result.csv,CDC5_01,CDC5_01,0.0022,86,0.3233,0,0,1.0,0.0,keep,itself,,True,"HOXD9,OSR2,HOXC6,INPP4B,MSX1,CCL20,HOXD10,TMPRSS3,EGR2,HOXC12,HOXA11,BAMBI,RARA,IL20,TGIF1,RGS1,HOXD12,GPR87,SAT1,ARRDC3"
ngs,GSE50760,ATF3_correlation,Liver_metastasis,TFT_TFT_LEGACY,results/ngs/GSE50760/tables/ATF3_function/Liver_metastasis/GSEA/TFT_TFT_LEGACY/gsea_result.csv,GCNF_01,GCNF_01,0.0022,23,0.2949,0,0,1.0,0.0,keep,itself,,True,"NFE2,STAC2,BHLHE40,HOXC6,NFIL3,NOG,HOXC4,FLT1,TNKS1BP1,HOXC10,RASAL1,SOCS5,HNF1B,GNAZ,ZNF532,AMD1,CHD2,IRAG1,GPR155,ZFYVE1"
ngs,GSE50760,ATF3_correlation,Liver_metastasis,TFT_TFT_LEGACY,results/ngs/GSE50760/tables/ATF3_function/Liver_metastasis/GSEA/TFT_TFT_LEGACY/gsea_result.csv,GTGGGTGK_UNKNOWN,GTGGGTGK_UNKNOWN,0.0024,123,0.4128,0,0,1.0,0.0,keep,itself,,True,"HAS1,EGR3,TPM1,ARHGAP6,ASIC4,BHLHE40,PPP3CA,HBEGF,OSM,FUT2,CYTH3,ZFP36L1,FOXO3,MID2,SERPINE1,APP,KRT17,RUNX2,CAPN6,MAGED1"
ngs,GSE50760,ATF3_correlation,Liver_metastasis,TFT_TFT_LEGACY,results/ngs/GSE50760/tables/ATF3_function/Liver_metastasis/GSEA/TFT_TFT_LEGACY/gsea_result.csv,CCANNAGRKGGC_UNKNOWN,CCANNAGRKGGC_UNKNOWN,0.0024,61,0.5083,0,0,1.0,0.0,keep,itself,,True,"FBXO16,MMP1,IL6,CABP1,ADORA1,TMEM127,ARTN,CORIN,GPR37L1,DAPK2,CDC20B,CCR10,INKA1,DLX2,FAM177B,TSC22D3,HOXA10,GRN,RPL38,SMAD7"
ngs,GSE50760,ATF3_correlation,Liver_metastasis,TFT_TFT_LEGACY,results/ngs/GSE50760/tables/ATF3_function/Liver_metastasis/GSEA/TFT_TFT_LEGACY/gsea_result.csv,TCANNTGAY_SREBP1_01,TCANNTGAY_SREBP1_01,0.0025,231,0.4823,0,0,1.0,0.0,keep,itself,,True,"MAFF,DDIT3,ADCY8,NR1D1,SOCS2,TCEAL9,PSENEN,TCEAL8,HOXC6,CD164,TGIF1,ATP6V0D2,GTPBP2,RGS1,APP,CRCT1,AKAP12,NR4A1,PTPRF,GEM"
ngs,GSE50760,ATF3_correlation,Liver_metastasis,TFT_TFT_LEGACY,results/ngs/GSE50760/tables/ATF3_function/Liver_metastasis/GSEA/TFT_TFT_LEGACY/gsea_result.csv,IRF7_01,IRF7_01,0.0027,87,0.3372,0,0,1.0,0.0,keep,itself,,True,"FOS,CCL3,PPP2R2A,MSX1,OSM,CYTH3,ZFP36L1,NOG,CDYL,ARTN,USP2,SAT1,ARRDC3,DLX4,CXCR4,HOXC10,LAPTM4A,INTS9,PDE1B,HOXA10"
ngs,GSE50760,ATF3_correlation,Liver_metastasis,TFT_TFT_LEGACY,results/ngs/GSE50760/tables/ATF3_function/Liver_metastasis/GSEA/TFT_TFT_LEGACY/gsea_result.csv,AMEF2_Q6,AMEF2_Q6,0.0028,95,0.3585,0,0,1.0,0.0,keep,itself,,True,"CDKL5,SMYD1,JUN,CHMP1B,HOXC6,JUND,COL13A1,YPEL5,ZFP36L1,HS3ST5,NOG,PTCHD4,USP2,RUNX2,NR4A1,EHD4,NCKAP5,FLT1,HDAC9,GPC4"
ngs,GSE50760,ATF3_correlation,Liver_metastasis,TFT_TFT_LEGACY,results/ngs/GSE50760/tables/ATF3_function/Liver_metastasis/GSEA/TFT_TFT_LEGACY/gsea_result.csv,PAX5_01,PAX5_01,0.0029,60,0.3846,0,0,1.0,0.0,keep,itself,,True,"CCL20,LNX2,TIMP3,DNAL4,FLNC,HMGN3,CDK5R2,SRF,ANGPTL2,HOXA10,TRAF4,RTN2,UBE2D3,RNF220,FAM222B,ATP5MC2,DLX1,CDK9,PARP8,POLR1D"
ngs,GSE50760,ATF3_correlation,Liver_metastasis,TFT_TFT_LEGACY,results/ngs/GSE50760/tables/ATF3_function/Liver_metastasis/GSEA/TFT_TFT_LEGACY/gsea_result.csv,STAT5A_03,STAT5A_03,0.003,148,0.5382,0,0,1.0,0.0,keep,itself,,True,"EPHA2,BTG1,ZFAND3,HOXC6,TINAGL1,TNFRSF11B,SPRED1,TGIF1,HOXC4,MYT1,PIM1,ID3,FLNC,FGF11,ERG28,ORAI3,ARRDC3,ZNF385A,FLT1,S100A4"
ngs,GSE50760,ATF3_correlation,Liver_metastasis,TFT_TFT_LEGACY,results/ngs/GSE50760/tables/ATF3_function/Liver_metastasis/GSEA/TFT_TFT_LEGACY/gsea_result.csv,TCF1P_Q6,TCF1P_Q6,0.0031,141,0.5203,0,0,1.0,0.0,keep,itself,,True,"CDKN1A,TRIB1,FOS,ADCY8,FOXA2,HOXC6,KLK8,CCL20,HOXA11,CDYL,TGIF1,HOXC4,FRMPD1,USP2,APP,GPR87,KMT5C,SAT1,EDA,KIF3C"
ngs,GSE50760,ATF3_correlation,Liver_metastasis,TFT_TFT_LEGACY,results/ngs/GSE50760/tables/ATF3_function/Liver_metastasis/GSEA/TFT_TFT_LEGACY/gsea_result.csv,HNF4_Q6,HNF4_Q6,0.0031,76,0.2804,0,0,1.0,0.0,keep,itself,,True,"ADM,NFE2,CDKL5,EMP1,HBEGF,SP8,ATF4,SPRY1,FUT2,HOXA11,IER5L,EFNB1,RARA,MISP,TMBIM1,MAGED1,ORAI3,SEMA3B,TGFB1,TMA7"
ngs,GSE50760,ATF3_correlation,Liver_metastasis,TFT_TFT_LEGACY,results/ngs/GSE50760/tables/ATF3_function/Liver_metastasis/GSEA/TFT_TFT_LEGACY/gsea_result.csv,CTGYNNCTYTAA_UNKNOWN,CTGYNNCTYTAA_UNKNOWN,0.0032,40,0.4545,0,0,1.0,0.0,keep,itself,,True,"MB21D2,OSR2,PRPH,MFRP,IVNS1ABP,ZBTB22,CERCAM,KLHL25,ITGA3,PMP22,KLC4,PDPN,DLG3,MSI2,IRAG1,NLGN2,PRDM1,CDK15,PELI2,FXYD3"
ngs,GSE50760,ATF3_correlation,Liver_metastasis,TFT_TFT_LEGACY,results/ngs/GSE50760/tables/ATF3_function/Liver_metastasis/GSEA/TFT_TFT_LEGACY/gsea_result.csv,TAAYNRNNTCC_UNKNOWN,TAAYNRNNTCC_UNKNOWN,0.0033,93,0.5314,0,0,1.0,0.0,keep,itself,,True,"ATF3,NR1D1,ISL1,NFIL3,HOXD10,FOXO3,HOXC4,ID3,HOXD12,ITGBL1,LRP2BP,GPC4,NME7,CERCAM,ALX4,TNFRSF19,UNC13D,ARMH4,FAM181B,FBXO32"
ngs,GSE50760,ATF3_correlation,Liver_metastasis,TFT_TFT_LEGACY,results/ngs/GSE50760/tables/ATF3_function/Liver_metastasis/GSEA/TFT_TFT_LEGACY/gsea_result.csv,VDR_Q6,VDR_Q6,0.0035,124,0.4493,0,0,1.0,0.0,keep,itself,,True,"DDIT3,CEBPB,NR1D1,KLK8,NTRK2,CDKN2B,VEZF1,HOXC4,MYT1,SNCB,S100G,FOSL1,CCDC120,SAT1,FLYWCH2,SLC36A2,MAPK6,FGF14,SEMA3B,ID4"
ngs,GSE50760,ATF3_correlation,Liver_metastasis,TFT_TFT_LEGACY,results/ngs/GSE50760/tables/ATF3_function/Liver_metastasis/GSEA/TFT_TFT_LEGACY/gsea_result.csv,TATA_C,TATA_C,0.0036,86,0.3018,0,0,1.0,0.0,keep,itself,,True,"ATF3,CHMP1B,HOXD9,CCN1,IL1B,HOXC6,JUND,OLIG2,HOXD10,HOXC4,MMP20,AKAP12,CD24,S100G,CAPN6,ORAI3,ARRDC3,CD109,MMP3,TWIST1"
ngs,GSE50760,ATF3_correlation,Liver_metastasis,TFT_TFT_LEGACY,results/ngs/GSE50760/tables/ATF3_function/Liver_metastasis/GSEA/TFT_TFT_LEGACY/gsea_result.csv,YTCCCRNNAGGY_UNKNOWN,YTCCCRNNAGGY_UNKNOWN,0.0037,36,0.4865,0,0,1.0,0.0,keep,itself,,True,"IER3,OSM,HOXD8,CCDC120,MRPL54,LEFTY2,BCAS3,WBP2,SAMM50,CDK9,APBA3,GSC,SLC9A1,RANBP3,PCDH11X,BTBD1,SOWAHC,TCEAL1,TDG,GTPBP8"
ngs,GSE50760,ATF3_correlation,Liver_metastasis,TFT_TFT_LEGACY,results/ngs/GSE50760/tables/ATF3_function/Liver_metastasis/GSEA/TFT_TFT_LEGACY/gsea_result.csv,OCT1_04,OCT1_04,0.0037,86,0.3525,0,0,1.0,0.0,keep,itself,,True,"ISL1,HOXC6,SH3BGRL,HOXD10,KCNS3,HOXC4,TP53INP2,BCL2L1,RUNX1,HDAC9,TWIST1,SCEL,HOXC10,CDC42EP3,HOXA10,ARMH4,PROKR2,GDI1,NIN,NOTCH2NLA"
ngs,GSE50760,ATF3_correlation,Liver_metastasis,TFT_TFT_LEGACY,results/ngs/GSE50760/tables/ATF3_function/Liver_metastasis/GSEA/TFT_TFT_LEGACY/gsea_result.csv,ACCTGTTG_UNKNOWN,ACCTGTTG_UNKNOWN,0.004,72,0.45,0,0,1.0,0.0,keep,itself,,True,"SMIM10L2A,KCNQ3,NUDT11,GALR1,C6orf15,HAP1,FOXO3,PHLDB3,ARL4A,EHD4,MKNK2,MRC2,LAMA4,JUP,SESTD1,NR4A2,TSC22D1,NPAS4,DDAH2,MSI2"
ngs,GSE50760,ATF3_correlation,Liver_metastasis,TFT_TFT_LEGACY,results/ngs/GSE50760/tables/ATF3_function/Liver_metastasis/GSEA/TFT_TFT_LEGACY/gsea_result.csv,HSF2_01,HSF2_01,0.0043,102,0.3938,0,0,1.0,0.0,keep,itself,,True,"DNAJB1,TRIB1,FOS,DUSP1,SMYD1,JUN,RBPMS,EGR3,MMP19,COL13A1,IER5L,SERPINH1,TGIF1,FLNC,PLA2G4D,HSPB2,CRYAB,SREBF2,FSTL3,STC1"
ngs,GSE50760,ATF3_correlation,Liver_metastasis,TFT_TFT_LEGACY,results/ngs/GSE50760/tables/ATF3_function/Liver_metastasis/GSEA/TFT_TFT_LEGACY/gsea_result.csv,SMAD_Q6,SMAD_Q6,0.0044,110,0.4264,0,0,1.0,0.0,keep,itself,,True,"NFE2,ADCY8,GARNL3,SERTAD3,IGF2BP3,RARA,TINAGL1,KCNC1,PIM1,SERPINB5,CSRNP2,RUNX2,LEFTY2,NCKAP5,C1QTNF5,TWIST1,LEFTY1,PIAS3,RPP21,SH3KBP1"
ngs,GSE50760,ATF3_correlation,Liver_metastasis,TFT_TFT_LEGACY,results/ngs/GSE50760/tables/ATF3_function/Liver_metastasis/GSEA/TFT_TFT_LEGACY/gsea_result.csv,MYOGNF1_01,MYOGNF1_01,0.0048,28,0.5833,0,0,1.0,0.0,keep,itself,,True,"EMP1,PPM1L,IER5L,CCN3,BRSK1,PTCHD1,ESM1,KLF7,HOXA6,IL13RA1,DNAJB4,PGF,EPHA7,IL1RAPL1,APLN,BMF,IGSF22,TUSC2,HOXD3,ITGB8"
ngs,GSE50760,ATF3_correlation,Liver_metastasis,TFT_TFT_LEGACY,results/ngs/GSE50760/tables/ATF3_function/Liver_metastasis/GSEA/TFT_TFT_LEGACY/gsea_result.csv,DR4_Q2,DR4_Q2,0.0049,152,0.5714,0,0,1.0,0.0,keep,itself,,True,"ADM,MPZL3,NR1D1,SGK1,STAC2,TNFRSF12A,BCL3,RARA,FGF11,TP53INP2,NKAIN3,PHLDB3,SLC6A14,PPARD,TMEM95,TLE6,ZNF385A,LPAR2,RAB6B,PRSS27"
ngs,GSE50760,ATF3_correlation,Liver_metastasis,TFT_TFT_LEGACY,results/ngs/GSE50760/tables/ATF3_function/Liver_metastasis/GSEA/TFT_TFT_LEGACY/gsea_result.csv,GATA_Q6,GATA_Q6,0.005,70,0.3483,0,0,1.0,0.0,keep,itself,,True,"ADM,FOSL2,NECTIN2,JUN,RBPMS,ISL1,HS3ST5,SPRY4,SGIP1,TMBIM1,EDA,KRT80,CDC42EP3,FHL2,EDN1,PDGFRA,SLC26A9,ICAM4,SLC18A1,EPB42"
ngs,GSE50760,ATF3_correlation,Liver_metastasis,TFT_TFT_LEGACY,results/ngs/GSE50760/tables/ATF3_function/Liver_metastasis/GSEA/TFT_TFT_LEGACY/gsea_result.csv,OCT1_06,OCT1_06,0.0051,89,0.3321,0,0,1.0,0.0,keep,itself,,True,"CDKL5,CCN1,SULF2,FSIP2,SH3BGRL,HOXD8,HOXA11,TMEM127,HOXC4,MID2,TP53INP2,SAT1,HOXD11,STC1,GPC4,C1orf122,STMN2,ID4,LMO1,GPR27"
ngs,GSE50760,ATF3_correlation,Liver_metastasis,TFT_TFT_LEGACY,results/ngs/GSE50760/tables/ATF3_function/Liver_metastasis/GSEA/TFT_TFT_LEGACY/gsea_result.csv,EVI1_04,EVI1_04,0.0051,81,0.3361,0,0,1.0,0.0,keep,itself,,True,"NMNAT3,ISL1,TPM1,ARHGAP6,HOXC6,COL13A1,HOXD10,ZFAND6,RHOB,HOXC4,PTCHD4,LRRTM1,ARRDC3,HSPB2,FZD2,CRYAB,TWIST1,CHAC1,STC1,TOB1"
ngs,GSE50760,ATF3_correlation,Liver_metastasis,TFT_TFT_LEGACY,results/ngs/GSE50760/tables/ATF3_function/Liver_metastasis/GSEA/TFT_TFT_LEGACY/gsea_result.csv,CEBP_Q2,CEBP_Q2,0.0052,90,0.3766,0,0,1.0,0.0,keep,itself,,True,"DDIT3,RBPMS,EDN2,COL13A1,NFIL3,ZFP36L1,IER5L,SPRED1,PYGO1,ID3,CLIC4,CDKN1C,NCKAP5,CHAC1,STC1,FGF14,HPCAL1,C1orf122,TOB1,TSHZ3"
ngs,GSE50760,ATF3_correlation,Liver_metastasis,TFT_TFT_LEGACY,results/ngs/GSE50760/tables/ATF3_function/Liver_metastasis/GSEA/TFT_TFT_LEGACY/gsea_result.csv,GATA1_05,GATA1_05,0.0053,66,0.2316,0,0,1.0,0.0,keep,itself,,True,"NFE2,IL6,JUN,CEBPB,TPM1,FSIP2,MSX1,HES1,CXCL5,ANGPT2,SLC14A1,CYTH3,EGR2,HS3ST5,HOXA11,KCNS3,PTPRR,HOXC4,CHRM3,ID3"
ngs,GSE50760,ATF3_correlation,Liver_metastasis,TFT_TFT_LEGACY,results/ngs/GSE50760/tables/ATF3_function/Liver_metastasis/GSEA/TFT_TFT_LEGACY/gsea_result.csv,LEF1_Q6,LEF1_Q6,0.0055,134,0.5019,0,0,1.0,0.0,keep,itself,,True,"DSG3,HOXD9,SP8,SH3BGRL,JUND,IGF1R,HOXD10,SPRY4,TGIF1,PIM1,HOXD12,ARRDC3,EDA,IVNS1ABP,BASP1,GPC4,RPP21,SOX11,HR,HOXC10"
ngs,GSE50760,ATF3_correlation,Liver_metastasis,TFT_TFT_LEGACY,results/ngs/GSE50760/tables/ATF3_function/Liver_metastasis/GSEA/TFT_TFT_LEGACY/gsea_result.csv,ATF6_01,ATF6_01,0.0057,83,0.6587,0,0,1.0,0.0,keep,itself,,True,"EGR3,TPM4,JUND,NTRK2,DUSP4,EGR2,FLNC,USP2,NR4A1,JOSD1,TWIST1,SEMA3B,LMX1B,TFE3,EGR1,ARMCX2,DNAJB2,LMBRD1,KDELR1,LMO4"
ngs,GSE50760,ATF3_correlation,Liver_metastasis,TFT_TFT_LEGACY,results/ngs/GSE50760/tables/ATF3_function/Liver_metastasis/GSEA/TFT_TFT_LEGACY/gsea_result.csv,RP58_01,RP58_01,0.0058,94,0.4434,0,0,1.0,0.0,keep,itself,,True,"ATF3,TMEM59L,NTRK2,HOXC12,HOXC4,TP53INP2,RAB6A,MAGED1,RUNX1,C1orf116,PCDH1,LRP5,TNKS1BP1,HSPB7,S100A10,TBPL1,TSC22D3,DTX2,PROK2,TNNI3K"
ngs,GSE50760,ATF3_correlation,Liver_metastasis,TFT_TFT_LEGACY,results/ngs/GSE50760/tables/ATF3_function/Liver_metastasis/GSEA/TFT_TFT_LEGACY/gsea_result.csv,BRN2_01,BRN2_01,0.0058,80,0.3333,0,0,1.0,0.0,keep,itself,,True,"FOS,CDKL5,HS3ST5,NOG,IGF2BP3,BAMBI,SPRY4,HOXC4,MYT1,PIM1,PTCHD4,FOSL1,SAT1,EHD4,FGF14,PHLDA2,C1orf122,STMN2,TOB1,TUFT1"
ngs,GSE50760,ATF3_correlation,Liver_metastasis,TFT_TFT_LEGACY,results/ngs/GSE50760/tables/ATF3_function/Liver_metastasis/GSEA/TFT_TFT_LEGACY/gsea_result.csv,FOXO4_02,FOXO4_02,0.0059,94,0.3574,0,0,1.0,0.0,keep,itself,,True,"MAFF,EMP1,NR1D1,PDGFD,JAG1,TGIF1,HOXC4,FLNC,RAB6A,ARFIP1,CDKN1C,POLR2L,RUNX1,HOXC8,LRP5,NPAS3,HEBP2,HR,MEIS2,ADGRF1"
ngs,GSE50760,ATF3_correlation,Liver_metastasis,TFT_TFT_LEGACY,results/ngs/GSE50760/tables/ATF3_function/Liver_metastasis/GSEA/TFT_TFT_LEGACY/gsea_result.csv,CP2_02,CP2_02,0.0061,142,0.5591,0,0,1.0,0.0,keep,itself,,True,"JUNB,DNAJB1,NR1D1,STAC2,HBEGF,IER5L,VEZF1,MID2,CAPN6,ZNF385A,RPL41,C1QTNF5,SHB,TFCP2L1,MRPL14,HPCAL1,DDIT4,ARHGAP26,TUFT1,DDR1"
ngs,GSE50760,ATF3_correlation,Liver_metastasis,TFT_TFT_LEGACY,results/ngs/GSE50760/tables/ATF3_function/Liver_metastasis/GSEA/TFT_TFT_LEGACY/gsea_result.csv,CGTSACG_PAX3_B,CGTSACG_PAX3_B,0.0061,68,0.4564,0,0,1.0,0.0,keep,itself,,True,"CDKN1A,PNRC1,TRIB1,EGR3,BHLHE40,EGR2,RELB,PDP1,AKIRIN1,NR4A1,GEM,EHD4,TSC22D2,HOXC10,PIAS4,EGR1,JOSD2,LYPD1,STXBP1,VPS37B"
ngs,GSE50760,ATF3_correlation,Liver_metastasis,TFT_TFT_LEGACY,results/ngs/GSE50760/tables/ATF3_function/Liver_metastasis/GSEA/TFT_TFT_LEGACY/gsea_result.csv,YATGNWAAT_OCT_C,YATGNWAAT_OCT_C,0.0061,124,0.3379,170,67,0.0225,0.2832,exclude,OCT_Q6,OCT_Q6,False,"ADM,MMP1,GPRC5B,HOXD9,CCN1,ISL1,SH3BGRL,JUND,EGR2,RHOB,ADORA1,TP53INP2,SLC24A3,ORAI3,EDA,MMP17,FZD2,SREBF2,HDAC9,SLC17A7"
ngs,GSE50760,ATF3_correlation,Liver_metastasis,TFT_TFT_LEGACY,results/ngs/GSE50760/tables/ATF3_function/Liver_metastasis/GSEA/TFT_TFT_LEGACY/gsea_result.csv,CEBPA_01,CEBPA_01,0.0064,128,0.5,98,53,0.1841,1.26e-06,keep,CEBP_Q2_01,CEBP_Q2_01,True,"SPRR1B,TRIB1,CDKL5,S100A2,CHMP1B,EDN2,SP8,COL13A1,ANGPT2,SPRED1,HOXC4,PDP1,ID3,ARRDC3,CD109,NCKAP5,SLC36A2,CD55,STC1,GPC4"
ngs,GSE50760,ATF3_correlation,Liver_metastasis,TFT_TFT_LEGACY,results/ngs/GSE50760/tables/ATF3_function/Liver_metastasis/GSEA/TFT_TFT_LEGACY/gsea_result.csv,FOXO4_01,FOXO4_01,0.0065,80,0.3252,0,0,1.0,0.0,keep,itself,,True,"MAFF,CCN1,ISL1,HOXC6,VLDLR,LIMK2,HOXA11,RARA,TGIF1,HOXC4,PTCHD4,PFKFB3,ARRDC3,POLR2L,RUNX1,SLC36A2,HDAC9,EPHB1,FGF14,DDIT4"
ngs,GSE50760,ATF3_correlation,Liver_metastasis,TFT_TFT_LEGACY,results/ngs/GSE50760/tables/ATF3_function/Liver_metastasis/GSEA/TFT_TFT_LEGACY/gsea_result.csv,EVI1_01,EVI1_01,0.0066,8,0.5,5,5,0.0128,0.0058,keep,GATA_C,GATA_C,True,"ISL1,PTCHD4,TOB1,VCL,SPINK4,SIX1,SCUBE3,THBS2"
ngs,GSE50760,ATF3_correlation,Liver_metastasis,TFT_TFT_LEGACY,results/ngs/GSE50760/tables/ATF3_function/Liver_metastasis/GSEA/TFT_TFT_LEGACY/gsea_result.csv,CATTGTYY_SOX9_B1,CATTGTYY_SOX9_B1,0.0066,119,0.3234,0,0,1.0,0.0,keep,itself,,True,"CDKN1A,LURAP1L,PNRC1,KRT14,MMP1,FOSL2,ZFAND3,TPM4,VLDLR,OLIG2,BAMBI,TGIF1,MFAP5,CLIC4,HMGN3,BCL2L1,ORAI3,MDFI,HDAC9,TMEM258"
ngs,GSE50760,ATF3_correlation,Liver_metastasis,TFT_TFT_LEGACY,results/ngs/GSE50760/tables/ATF3_function/Liver_metastasis/GSEA/TFT_TFT_LEGACY/gsea_result.csv,P53_DECAMER_Q2,P53_DECAMER_Q2,0.0069,97,0.376,0,0,1.0,0.0,keep,itself,,True,"CDKN1A,MPZL2,SMOX,TLE4,ANGPT2,HOXD10,HOXA11,INHBB,RARA,IL20,HOXC4,PIM1,FGF11,PTCHD4,TMBIM1,HMG20B,SLC36A2,RPS19,DLX3,HMGCS1"
ngs,GSE50760,ATF3_correlation,Liver_metastasis,TFT_TFT_LEGACY,results/ngs/GSE50760/tables/ATF3_function/Liver_metastasis/GSEA/TFT_TFT_LEGACY/gsea_result.csv,SP1_01,SP1_01,0.007,142,0.5941,0,0,1.0,0.0,keep,itself,,True,"ZFP36,TPM4,VLDLR,KLK8,OLIG2,COL13A1,SPATA6,BCL3,VEZF1,CSRNP2,SNCB,MYADM,ARFIP1,MAGED1,EDA,HSPB2,CRYAB,LRRC4,KLF16,SLC2A1"
ngs,GSE50760,ATF3_correlation,Liver_metastasis,TFT_TFT_LEGACY,results/ngs/GSE50760/tables/ATF3_function/Liver_metastasis/GSEA/TFT_TFT_LEGACY/gsea_result.csv,ARGGGTTAA_UNKNOWN,ARGGGTTAA_UNKNOWN,0.0075,62,0.5041,0,0,1.0,0.0,keep,itself,,True,"NECTIN2,ISL1,HES1,FLNC,TGFB1I1,CCDC120,SREBF2,NES,KLK6,ITPKC,BRSK1,NEUROD1,HAS2,ZNF827,RTKN,PLEC,MYL6B,ZNF532,ATP1B1,ARHGAP18"
ngs,GSE50760,ATF3_correlation,Liver_metastasis,TFT_TFT_LEGACY,results/ngs/GSE50760/tables/ATF3_function/Liver_metastasis/GSEA/TFT_TFT_LEGACY/gsea_result.csv,XBP1_01,XBP1_01,0.0075,68,0.5,0,0,1.0,0.0,keep,itself,,True,"SHOC1,HOXA11,PIM1,TP53INP2,RGS1,SEMA3B,ARMCX2,INTS9,ZNF827,LMBRD1,PTCHD1,ARMCX3,KDELR1,IRS4,SRPRA,KRTCAP2,PCYT1B,PRRX1,MORF4L2,PRR16"
ngs,GSE50760,ATF3_correlation,Liver_metastasis,TFT_TFT_LEGACY,results/ngs/GSE50760/tables/ATF3_function/Liver_metastasis/GSEA/TFT_TFT_LEGACY/gsea_result.csv,RFX1_02,RFX1_02,0.0081,119,0.4161,0,0,1.0,0.0,keep,itself,,True,"PKIG,SEMA4B,ICAM5,PTPRR,KCNJ9,LRRC49,TEX9,PBXIP1,ORAI3,CCN3,TMEM67,KMT5C,B9D2,HSD11B1L,CCDC181,HPCAL1,TNKS1BP1,NME7,CCDC74B,RPL17"
ngs,GSE50760,ATF3_correlation,Liver_metastasis,TFT_TFT_LEGACY,results/ngs/GSE50760/tables/ATF3_function/Liver_metastasis/GSEA/TFT_TFT_LEGACY/gsea_result.csv,RACCACAR_AML_Q6,RACCACAR_AML_Q6,0.0083,157,0.5836,0,0,1.0,0.0,keep,itself,,True,"EMP1,HOXC6,HOXD10,TNFRSF12A,HOXC4,ID3,RGS1,SGIP1,RUNX2,CEMIP,CCL2,RUNX1,SREBF2,SLC36A2,DYRK1B,HPCAL1,RPP21,HEY1,SCRN1,TBPL1"
ngs,GSE50760,ATF3_correlation,Liver_metastasis,TFT_TFT_LEGACY,results/ngs/GSE50760/tables/ATF3_function/Liver_metastasis/GSEA/TFT_TFT_LEGACY/gsea_result.csv,NRF2_01,NRF2_01,0.0083,126,0.4615,0,0,1.0,0.0,keep,itself,,True,"DDIT3,MPZL3,PSENEN,SCN4B,EGR2,RPL34,PTRH2,BIN3,LRRC49,PHLDB3,BCL2L1,SLC6A14,AKAP12,CBX8,COQ10B,TNFRSF1A,ZNF653,RPS10,DTX2,INTS9"
ngs,GSE50760,ATF3_correlation,Liver_metastasis,TFT_TFT_LEGACY,results/ngs/GSE50760/tables/ATF3_function/Liver_metastasis/GSEA/TFT_TFT_LEGACY/gsea_result.csv,FREAC3_01,FREAC3_01,0.0083,94,0.3643,0,0,1.0,0.0,keep,itself,,True,"CDKN1A,MAFF,FOSL2,ICAM5,ANGPT2,EGR2,HOXC12,HOXA11,NOG,SCG2,BAMBI,ARTN,SUPT3H,CRCT1,PHF21B,CDKN1C,C1orf116,HOXC8,TGFB1,HOXA13"
ngs,GSE50760,ATF3_correlation,Liver_metastasis,TFT_TFT_LEGACY,results/ngs/GSE50760/tables/ATF3_function/Liver_metastasis/GSEA/TFT_TFT_LEGACY/gsea_result.csv,SOX9_B1,SOX9_B1,0.0084,99,0.4142,112,50,0.2068,0.000735,keep,CATTGTYY_SOX9_B1,CATTGTYY_SOX9_B1,True,"LURAP1L,PNRC1,KRT14,FSIP2,HOXC6,VLDLR,BBS12,MYT1,MFAP5,NR4A1,EDA,HDAC9,TMEM258,BASP1,STC1,CDK8,HOXC10,TLE1,RCN1,TSC22D3"
ngs,GSE50760,ATF3_correlation,Liver_metastasis,TFT_TFT_LEGACY,results/ngs/GSE50760/tables/ATF3_function/Liver_metastasis/GSEA/TFT_TFT_LEGACY/gsea_result.csv,FOXO1_01,FOXO1_01,0.0085,131,0.5282,64,38,0.1414,3.89e-06,keep,HFH8_01,HFH8_01,True,"DUSP1,EMP1,CCN1,HOXA11,IER5L,HOXC4,PTCHD4,CDKN1C,HSPB2,RUNX1,EPHB1,CIMAP1C,ZBTB22,FGF14,DDIT4,ADGRF1,PTCHD1,NDRG1,KDM3A,LMO4"
ngs,GSE50760,ATF3_correlation,Liver_metastasis,TFT_TFT_LEGACY,results/ngs/GSE50760/tables/ATF3_function/Liver_metastasis/GSEA/TFT_TFT_LEGACY/gsea_result.csv,GCGNNANTTCC_UNKNOWN,GCGNNANTTCC_UNKNOWN,0.0088,68,0.544,0,0,1.0,0.0,keep,itself,,True,"CDKN1A,TRIB1,SOCS2,TMEM53,GALNT10,UBXN6,C1orf122,ZNF653,TBPL1,SH3KBP1,TBC1D22A,PTCHD1,NIN,RNF13,NFKBIL1,NLK,QPCTL,AMD1,SUMO1,PUF60"
ngs,GSE50760,ATF3_correlation,Liver_metastasis,TFT_TFT_LEGACY,results/ngs/GSE50760/tables/ATF3_function/Liver_metastasis/GSEA/TFT_TFT_LEGACY/gsea_result.csv,CREL_01,CREL_01,0.0088,118,0.4591,0,0,1.0,0.0,keep,itself,,True,"GADD45B,IER3,ZFAND3,MSX1,CCL20,MIA,SDC4,FAM43B,WNT4,BCL3,SIX5,MAML2,VEZF1,RELB,CLDN5,RPS19,CCDC107,MAPK6,MMP9,ITPKC"
ngs,GSE50760,ATF3_correlation,Liver_metastasis,TFT_TFT_LEGACY,results/ngs/GSE50760/tables/ATF3_function/Liver_metastasis/GSEA/TFT_TFT_LEGACY/gsea_result.csv,PITX2_Q2,PITX2_Q2,0.0092,88,0.3333,0,0,1.0,0.0,keep,itself,,True,"TRIB1,FOSL2,RBPMS,PPM1L,TLE4,MSX1,NTRK2,BAMBI,ADORA1,VEZF1,PDP1,PBXIP1,APP,JOSD1,ATOSB,RUNX1,MFRP,TWIST1,RBMS2,TNKS1BP1"
ngs,GSE50760,ATF3_correlation,Liver_metastasis,TFT_TFT_LEGACY,results/ngs/GSE50760/tables/ATF3_function/Liver_metastasis/GSEA/TFT_TFT_LEGACY/gsea_result.csv,HSF1_01,HSF1_01,0.0093,114,0.413,164,66,0.7117,0.4058,keep,HSF2_01,HSF2_01,False,"DNAJB1,TRIB1,FOS,DUSP1,SMYD1,ADCY8,JUN,RBPMS,SOCS2,EPHA2,EGR3,ARHGAP6,OSR2,SCG2,IER5L,SERPINH1,TGIF1,PIM1,FLNC,IQUB"
ngs,GSE50760,ATF3_correlation,Liver_metastasis,TFT_TFT_LEGACY,results/ngs/GSE50760/tables/ATF3_function/Liver_metastasis/GSEA/TFT_TFT_LEGACY/gsea_result.csv,LFA1_Q6,LFA1_Q6,0.0095,152,0.6056,0,0,1.0,0.0,keep,itself,,True,"ZFP36,ADM,CEBPB,TRIP10,HOXC6,MSX1,HES1,VASP,WNT4,NR4A1,CNN2,PLA2G4D,ZNF385A,FLT1,CXCR4,DUOXA2,NPAS3,DUOX2,HOXC10,RHOG"
ngs,GSE50760,ATF3_correlation,Liver_metastasis,TFT_TFT_LEGACY,results/ngs/GSE50760/tables/ATF3_function/Liver_metastasis/GSEA/TFT_TFT_LEGACY/gsea_result.csv,MZF1_02,MZF1_02,0.0095,128,0.5424,0,0,1.0,0.0,keep,itself,,True,"MMP1,SERPINB2,EGR3,IGF1R,GDPD2,VASP,KCNS3,IGF2BP3,MAML2,HOXC4,PHLDB3,PTPRF,LRRTM1,MRPL14,TGFB1,KLF6,BRSK1,HR,TFE3,MEIS2"
ngs,GSE50760,ATF3_correlation,Liver_metastasis,TFT_TFT_LEGACY,results/ngs/GSE50760/tables/ATF3_function/Liver_metastasis/GSEA/TFT_TFT_LEGACY/gsea_result.csv,TCF11MAFG_01,TCF11MAFG_01,0.0095,84,0.4078,0,0,1.0,0.0,keep,itself,,True,"GAST,IL6,NUDT11,BEX2,SPRED1,FLNC,SERPINB5,SNCB,FOSL1,JOSD1,ERO1A,MEIS2,MRC2,DRP2,ALDOA,RORB,LMO4,PADI4,TLL1,SOBP"
ngs,GSE50760,ATF3_correlation,Liver_metastasis,TFT_TFT_LEGACY,results/ngs/GSE50760/tables/ATF3_function/Liver_metastasis/GSEA/TFT_TFT_LEGACY/gsea_result.csv,TBP_01,TBP_01,0.0097,84,0.3373,0,0,1.0,0.0,keep,itself,,True,"FOS,SEMA4B,CHMP1B,NME5,TMEM117,HOXC6,HBEGF,PPP2R2A,PRKAA2,COL13A1,BEX2,ZFP36L1,EGR2,NOG,SOX9,RARA,HOXC4,NR4A1,LPAR4,TAX1BP3"
ngs,GSE50760,ATF3_correlation,Liver_metastasis,TFT_TFT_LEGACY,results/ngs/GSE50760/tables/ATF3_function/Liver_metastasis/GSEA/TFT_TFT_LEGACY/gsea_result.csv,RNCTGNYNRNCTGNY_UNKNOWN,RNCTGNYNRNCTGNY_UNKNOWN,0.0098,23,0.2644,0,0,1.0,0.0,keep,itself,,True,"ID1,EFNB1,RARA,HOXD12,SLC27A4,INKA1,TUFT1,POLR2I,HOXA10,VEGFA,PICK1,SOBP,KIF7,LENG9,FZD9,ELMOD1,NLGN2,DUSP6,EHF,NSG2"
ngs,GSE50760,ATF3_correlation,Liver_metastasis,TFT_TFT_LEGACY,results/ngs/GSE50760/tables/ATF3_function/Liver_metastasis/GSEA/TFT_TFT_LEGACY/gsea_result.csv,SREBP1_02,SREBP1_02,0.0102,53,0.6023,0,0,1.0,0.0,keep,itself,,True,"CEBPB,JUND,ZFP36L1,RARA,CHRM3,SREBF2,DDR1,GREM1,UNC13D,ARMH4,RHOG,PTCHD1,NOTCH2NLA,GNAS,ZNF532,MORF4L2,LOXL1,ZFYVE1,WDR13,LINC03040"
ngs,GSE50760,ATF3_correlation,Liver_metastasis,TFT_TFT_LEGACY,results/ngs/GSE50760/tables/ATF3_function/Liver_metastasis/GSEA/TFT_TFT_LEGACY/gsea_result.csv,CACBINDINGPROTEIN_Q6,CACBINDINGPROTEIN_Q6,0.0103,133,0.5407,0,0,1.0,0.0,keep,itself,,True,"ATF3,MMP1,KRT13,FOXA2,HOXC6,YBX3,GDPD2,KCNS3,HOXC4,PYGO1,PIM1,FGF11,ITGA6,RAB6A,ZNF385A,KIF3C,EEF1A1,RAB6B,HEBP2,HR"
ngs,GSE50760,ATF3_correlation,Liver_metastasis,TFT_TFT_LEGACY,results/ngs/GSE50760/tables/ATF3_function/Liver_metastasis/GSEA/TFT_TFT_LEGACY/gsea_result.csv,STAT_01,STAT_01,0.0105,98,0.3784,0,0,1.0,0.0,keep,itself,,True,"MAFF,JUN,HOXD9,SOCS2,SERTAD3,OSM,NFIL3,DUSP4,ZFP36L1,ADORA1,IFT43,PTCHD4,SNCB,SLC6A14,PRPH,PLSCR1,PPARD,TMEM95,DLX4,CCL2"
ngs,GSE50760,ATF3_correlation,Liver_metastasis,TFT_TFT_LEGACY,results/ngs/GSE50760/tables/ATF3_function/Liver_metastasis/GSEA/TFT_TFT_LEGACY/gsea_result.csv,GATA6_01,GATA6_01,0.011,93,0.3457,0,0,1.0,0.0,keep,itself,,True,"FOSL2,NECTIN2,RBPMS,ISL1,FSIP2,BTG2,TLE4,ANGPT2,HS3ST5,NOG,SPRY4,TGIF1,HOXC4,SGIP1,RUNX2,RNF186,EDA,NCKAP5,STC1,CTSE"
ngs,GSE50760,ATF3_correlation,Liver_metastasis,TFT_TFT_LEGACY,results/ngs/GSE50760/tables/ATF3_function/Liver_metastasis/GSEA/TFT_TFT_LEGACY/gsea_result.csv,FAC1_01,FAC1_01,0.0112,76,0.3393,0,0,1.0,0.0,keep,itself,,True,"JUNB,CHMP1B,SGK1,FOXA2,NTRK2,YPEL5,EFNB1,PDP1,SAT1,RUNX1,HDAC9,LRP5,DYRK1B,HEY1,ID4,REPS2,HAS2,ITGA3,WNT9A,PTCHD1"
ngs,GSE50760,ATF3_correlation,Liver_metastasis,TFT_TFT_LEGACY,results/ngs/GSE50760/tables/ATF3_function/Liver_metastasis/GSEA/TFT_TFT_LEGACY/gsea_result.csv,SOX5_01,SOX5_01,0.0112,86,0.3209,0,0,1.0,0.0,keep,itself,,True,"ID1,KRT14,FOSL2,ISL1,NFIL3,RHOB,HOXC4,PIM1,CSRNP2,NR4A1,TWIST1,RSPH9,EPHB1,ZBTB22,STC1,GPC4,TACSTD2,TOB1,RCN1,ZNF365"
ngs,GSE50760,ATF3_correlation,Liver_metastasis,TFT_TFT_LEGACY,results/ngs/GSE50760/tables/ATF3_function/Liver_metastasis/GSEA/TFT_TFT_LEGACY/gsea_result.csv,CEBPB_01,CEBPB_01,0.0113,105,0.3933,0,0,1.0,0.0,keep,itself,,True,"SPRR1B,TRIB1,DUSP1,DDIT3,BNIP3L,IL1B,FSIP2,P2RY1,RHOB,SPRY4,HOXC4,PIM1,CAPN6,NCKAP5,CHAC1,STC1,FGF14,ADGRG3,TOB1,HOXC10"
ngs,GSE50760,ATF3_correlation,Liver_metastasis,TFT_TFT_LEGACY,results/ngs/GSE50760/tables/ATF3_function/Liver_metastasis/GSEA/TFT_TFT_LEGACY/gsea_result.csv,HOXA4_Q2,HOXA4_Q2,0.0113,83,0.3051,0,0,1.0,0.0,keep,itself,,True,"CHMP1B,FSIP2,STAC2,HOXC6,EDN2,NTRK2,ZFP36L2,ZFP36L1,ZFAND6,BAMBI,SAV1,MAMDC2,HOXC4,PIM1,PBXIP1,CACNA1S,LRRTM1,ITGBL1,C1orf116,STC1"
ngs,GSE50760,ATF3_correlation,Liver_metastasis,TFT_TFT_LEGACY,results/ngs/GSE50760/tables/ATF3_function/Liver_metastasis/GSEA/TFT_TFT_LEGACY/gsea_result.csv,RAAGNYNNCTTY_UNKNOWN,RAAGNYNNCTTY_UNKNOWN,0.0117,56,0.3784,0,0,1.0,0.0,keep,itself,,True,"ARHGAP6,CDC42EP4,TLE4,SP8,ATF4,ZFP36L1,BBS12,TGIF1,CABCOCO1,ID3,PBXIP1,GPC4,SH3KBP1,PROK2,HOXA5,SAMM50,SEMA7A,YWHAQ,KLF7,RBFOX1"
ngs,GSE50760,ATF3_correlation,Liver_metastasis,TFT_TFT_LEGACY,results/ngs/GSE50760/tables/ATF3_function/Liver_metastasis/GSEA/TFT_TFT_LEGACY/gsea_result.csv,MAZ_Q6,MAZ_Q6,0.012,108,0.5596,0,0,1.0,0.0,keep,itself,,True,"RNF2,JUN,EPHA2,KCNC1,PLK3,PTPRF,SLC2A1,PIAS3,RHOG,RNF220,CNN3,LMNA,PAX6,TNNI2,PBX1,EFNA1,STX5,GRK5,KRTCAP2,FHL3"
ngs,GSE50760,ATF3_correlation,Liver_metastasis,TFT_TFT_LEGACY,results/ngs/GSE50760/tables/ATF3_function/Liver_metastasis/GSEA/TFT_TFT_LEGACY/gsea_result.csv,GCCNNNWTAAR_UNKNOWN,GCCNNNWTAAR_UNKNOWN,0.0122,61,0.4013,0,0,1.0,0.0,keep,itself,,True,"SLC2A14,SOCS2,ISL1,TMEM59L,MSX1,NFIL3,VASP,IER5L,PTCHD4,MMP9,LRP5,RPP21,MN1,EGR1,ITGA3,TAMALIN,HOXA10,UBE2D3,ATP5MC2,FSBP"
ngs,GSE50760,ATF3_correlation,Liver_metastasis,TFT_TFT_LEGACY,results/ngs/GSE50760/tables/ATF3_function/Liver_metastasis/GSEA/TFT_TFT_LEGACY/gsea_result.csv,NFKAPPAB65_01,NFKAPPAB65_01,0.0124,123,0.5104,208,105,0.7324,0.0018,keep,CREL_01,CREL_01,True,"GADD45B,IER3,MSX1,MIA,SDC4,FAM43B,WNT4,BCL3,SIX5,MAML2,VEZF1,RELB,CLDN5,RPS19,CCDC107,MAPK6,MMP9,ITPKC,TNIP1,DDR1"
ngs,GSE50760,ATF3_correlation,Liver_metastasis,TFT_TFT_LEGACY,results/ngs/GSE50760/tables/ATF3_function/Liver_metastasis/GSEA/TFT_TFT_LEGACY/gsea_result.csv,TAAWWATAG_RSRFC4_Q2,TAAWWATAG_RSRFC4_Q2,0.0129,61,0.3547,0,0,1.0,0.0,keep,itself,,True,"CDKN1A,JUN,BEX2,NOG,KCNJ9,VEZF1,PTCHD4,MID2,USP2,NR4A1,LPAR4,TACSTD2,ARHGAP26,DNAJA4,PDGFRA,TMEM71,KY,LIF,ALDOA,KCNA7"
ngs,GSE50760,ATF3_correlation,Liver_metastasis,TFT_TFT_LEGACY,results/ngs/GSE50760/tables/ATF3_function/Liver_metastasis/GSEA/TFT_TFT_LEGACY/gsea_result.csv,TTGCWCAAY_CEBPB_02,TTGCWCAAY_CEBPB_02,0.0129,29,0.4603,40,20,0.2848,0.0284,keep,CEBP_Q2_01,CEBP_Q2_01,True,"TRIB1,CEBPB,ZFP36L1,RHOB,SERPINE1,FGF14,TOB1,HOXA5,CUEDC1,KRT23,CITED4,VCAN,KLF5,EIF4A2,NAT9,BNC2,IL19,WNT5A,SLIT3,SLC7A11"
ngs,GSE50760,ATF3_correlation,Liver_metastasis,TFT_TFT_LEGACY,results/ngs/GSE50760/tables/ATF3_function/Liver_metastasis/GSEA/TFT_TFT_LEGACY/gsea_result.csv,CREB_02,CREB_02,0.0132,150,0.5769,89,56,0.1358,0.000325,keep,ATF_B,ATF_B,True,"PPP1R15A,ID1,MAFF,FOSB,DUSP1,EPHA2,TCEAL9,TMEM59L,PPP2R2A,JUND,SCG2,LGR5,BIN3,ARTN,PDP1,AKIRIN1,ATG5,TP53INP2,FBXL2,SGIP1"
ngs,GSE50760,ATF3_correlation,Liver_metastasis,TFT_TFT_LEGACY,results/ngs/GSE50760/tables/ATF3_function/Liver_metastasis/GSEA/TFT_TFT_LEGACY/gsea_result.csv,MTF1_Q4,MTF1_Q4,0.0132,79,0.3086,0,0,1.0,0.0,keep,itself,,True,"JUN,FOXA2,STAC2,PPP3CA,HOXC6,NFIL3,YPEL5,CHPF,ARTN,HOXC4,PTCHD4,SLC6A14,HMG20B,ZNF385A,PCDH1,FGF14,GPC4,TOB1,ACTN4,HR"
ngs,GSE50760,ATF3_correlation,Liver_metastasis,TFT_TFT_LEGACY,results/ngs/GSE50760/tables/ATF3_function/Liver_metastasis/GSEA/TFT_TFT_LEGACY/gsea_result.csv,CATRRAGC_UNKNOWN,CATRRAGC_UNKNOWN,0.0137,51,0.3669,0,0,1.0,0.0,keep,itself,,True,"ALDOC,HOXC6,HOXD10,HOXA11,SRRM3,ITGB4,HOXC4,USP2,RUNX1,FGF14,PRSS27,TOB1,TFE3,ATG9A,WNT10A,FBXL19,DRG1,RORB,GBX2,PRKAG1"
ngs,GSE50760,ATF3_correlation,Liver_metastasis,TFT_TFT_LEGACY,results/ngs/GSE50760/tables/ATF3_function/Liver_metastasis/GSEA/TFT_TFT_LEGACY/gsea_result.csv,RGTTAMWNATT_HNF1_01,RGTTAMWNATT_HNF1_01,0.0137,27,0.3649,0,0,1.0,0.0,keep,itself,,True,"HOXC6,EEPD1,HOXC4,FGFR4,RNF186,NCKAP5,EGR1,HOXA10,HNF1B,DLX1,RBMS1,DZIP1L,NPAS2,COL16A1,RTN4,USP3,PDLIM5,ZBTB4,BCL9,ACSL4"
ngs,GSE50760,ATF3_correlation,Liver_metastasis,TFT_TFT_LEGACY,results/ngs/GSE50760/tables/ATF3_function/Liver_metastasis/GSEA/TFT_TFT_LEGACY/gsea_result.csv,ER_Q6,ER_Q6,0.0145,119,0.419,0,0,1.0,0.0,keep,itself,,True,"SOCS2,TMEM53,PRKAA2,DUSP4,ZFP36L1,WNT4,IER5L,RARA,PHF21B,MYADM,LPAR4,ADAMTSL5,MAPK6,FAM174B,GPC4,PGAP4,PNPLA2,ZNF827,WNT10A,PMP22"
ngs,GSE50760,ATF3_correlation,Liver_metastasis,TFT_TFT_LEGACY,results/ngs/GSE50760/tables/ATF3_function/Liver_metastasis/GSEA/TFT_TFT_LEGACY/gsea_result.csv,CDPCR3HD_01,CDPCR3HD_01,0.0145,72,0.3025,0,0,1.0,0.0,keep,itself,,True,"EMP1,BTG1,EGR3,HOXD10,NOG,MYT1,SREBF2,TWIST1,RBX1,SPACA9,CLSTN2,MN1,STMN2,S100A10,AK8,HOXA10,ZNF827,PIGP,DRP2,SMARCB1"
ngs,GSE50760,ATF3_correlation,Liver_metastasis,TFT_TFT_LEGACY,results/ngs/GSE50760/tables/ATF3_function/Liver_metastasis/GSEA/TFT_TFT_LEGACY/gsea_result.csv,TAXCREB_02,TAXCREB_02,0.0151,15,0.5556,0,0,1.0,0.0,keep,itself,,True,"SERTAD1,JAG1,SGIP1,CAPN6,EEF1A1,S100A10,PPP1R11,CRLF1,ADIPOR2,OTP,ZNF362,ZMYM5,EMP3,ARIH1,NOL10"
ngs,GSE50760,ATF3_correlation,Liver_metastasis,TFT_TFT_LEGACY,results/ngs/GSE50760/tables/ATF3_function/Liver_metastasis/GSEA/TFT_TFT_LEGACY/gsea_result.csv,LXR_DR4_Q3,LXR_DR4_Q3,0.0152,48,0.5106,59,32,0.2791,0.7461,keep,DR4_Q2,DR4_Q2,False,"SGK1,STAC2,BCL3,RARA,TP53INP2,PPARD,ACSL3,RTL9,NR2E1,ABCG1,NALF2,MID1IP1,AZI2,RBFOX1,HIC1,NACC1,ADAMTS4,BZW1,COL11A2,COL16A1"
ngs,GSE50760,ATF3_correlation,Liver_metastasis,TFT_TFT_LEGACY,results/ngs/GSE50760/tables/ATF3_function/Liver_metastasis/GSEA/TFT_TFT_LEGACY/gsea_result.csv,NRF2_Q4,NRF2_Q4,0.0152,101,0.39,0,0,1.0,0.0,keep,itself,,True,"GAST,IL6,RGS2,NR1D1,MMP19,NUDT11,BEX2,NOG,TGIF1,FLNC,FGF11,RAB6A,CAPN6,MDFI,JOSD1,IDS,ABHD4,ITPKC,PHLDA2,DTX2"
ngs,GSE50760,ATF3_correlation,Liver_metastasis,TFT_TFT_LEGACY,results/ngs/GSE50760/tables/ATF3_function/Liver_metastasis/GSEA/TFT_TFT_LEGACY/gsea_result.csv,TAL1ALPHAE47_01,TAL1ALPHAE47_01,0.0159,104,0.4047,177,71,0.6225,0.1065,keep,TAL1BETAITF2_01,TAL1BETAITF2_01,False,"CPE,FBXO16,DDIT3,SLC2A12,CDC42EP4,OSM,HOXC12,HOXA11,GLDN,RNF133,PBXIP1,TP53INP2,CDK19,ARL4A,PHF21B,ARRDC3,EHD4,ITGBL1,PCDH1,INKA1"
ngs,GSE50760,ATF3_correlation,Liver_metastasis,TFT_TFT_LEGACY,results/ngs/GSE50760/tables/ATF3_function/Liver_metastasis/GSEA/TFT_TFT_LEGACY/gsea_result.csv,TAXCREB_01,TAXCREB_01,0.0161,46,0.3286,0,0,1.0,0.0,keep,itself,,True,"PNRC1,MAFF,FOSB,FOS,DUSP1,CEBPB,HAS1,TMEM59L,JUND,NTRK2,VEZF1,FAM131A,GEM,CDK5R2,PPP2CB,FGF14,TSC22D2,DNAJB2,HOXA10,VEGFA"
ngs,GSE50760,ATF3_correlation,Liver_metastasis,TFT_TFT_LEGACY,results/ngs/GSE50760/tables/ATF3_function/Liver_metastasis/GSEA/TFT_TFT_LEGACY/gsea_result.csv,AREB6_02,AREB6_02,0.0162,131,0.5058,0,0,1.0,0.0,keep,itself,,True,"TRIB1,FOS,LNX2,EGLN3,USP2,BCL2L1,PRPH,PGM2L1,FAM131A,GPR87,PLA2G4D,HMGCS1,PCDH1,WBP2,ADGRG3,S100A16,DDR1,ARMCX2,ITGA3,EDN1"
ngs,GSE50760,ATF3_correlation,Liver_metastasis,TFT_TFT_LEGACY,results/ngs/GSE50760/tables/ATF3_function/Liver_metastasis/GSEA/TFT_TFT_LEGACY/gsea_result.csv,COREBINDINGFACTOR_Q6,COREBINDINGFACTOR_Q6,0.0164,121,0.4384,0,0,1.0,0.0,keep,itself,,True,"EMP1,CCL3,TMEM117,HOXC6,DACT1,SLC2A3,HOXC4,RGS1,SGIP1,RUNX2,NR4A1,JDP2,HOXD12,RUNX1,SREBF2,SLC36A2,HDAC9,LRP5,HPCAL1,HEY1"
ngs,GSE50760,ATF3_correlation,Liver_metastasis,TFT_TFT_LEGACY,results/ngs/GSE50760/tables/ATF3_function/Liver_metastasis/GSEA/TFT_TFT_LEGACY/gsea_result.csv,SP1_Q6_01,SP1_Q6_01,0.0167,156,0.629,0,0,1.0,0.0,keep,itself,,True,"FOSB,NECTIN2,KLF2,SPATA6,VASP,RELB,FGF11,PGM2L1,AGBL5,SLC2A1,PIAS3,TGFB1,C1orf122,POLR2I,DUOX1,RHOG,PTPN2,HES7,NAV1,RABEP2"
ngs,GSE50760,ATF3_correlation,Liver_metastasis,TFT_TFT_LEGACY,results/ngs/GSE50760/tables/ATF3_function/Liver_metastasis/GSEA/TFT_TFT_LEGACY/gsea_result.csv,SMAD3_Q6,SMAD3_Q6,0.0174,130,0.5372,0,0,1.0,0.0,keep,itself,,True,"CDKN1A,ACKR3,HOXC6,YBX3,BAMBI,SAV1,HOXC4,MYT1,FGF11,EDA,CDK5R2,C1QTNF5,DLX3,FGF14,MN1,TSHZ3,S100A16,TEAD3,EDN1,MRC2"
ngs,GSE50760,ATF3_correlation,Liver_metastasis,TFT_TFT_LEGACY,results/ngs/GSE50760/tables/ATF3_function/Liver_metastasis/GSEA/TFT_TFT_LEGACY/gsea_result.csv,RREB1_01,RREB1_01,0.0174,100,0.4762,0,0,1.0,0.0,keep,itself,,True,"GSPT2,KRT16,EGR3,FOXA2,TIMP3,FLNC,PHF21B,ZNF385A,RUNX1,CBX8,ITPKC,C1orf122,ID4,S100A16,INTS9,RNF220,RALBP1,VIM,GNAZ,NALF2"
ngs,GSE50760,ATF3_correlation,Liver_metastasis,TFT_TFT_LEGACY,results/ngs/GSE50760/tables/ATF3_function/Liver_metastasis/GSEA/TFT_TFT_LEGACY/gsea_result.csv,GTTRYCATRR_UNKNOWN,GTTRYCATRR_UNKNOWN,0.0174,81,0.4602,0,0,1.0,0.0,keep,itself,,True,"KCNK15,GAST,PNMA8A,SEMA4B,SPATA6,LRRC49,PBXIP1,ORAI3,HOXD12,ATOSB,TNKS1BP1,NUDT2,DUSP14,STRN4,CFAP53,MPPED2,DNAAF3,RUNDC1,YWHAQ,LRRC23"
ngs,GSE50760,ATF3_correlation,Liver_metastasis,TFT_TFT_LEGACY,results/ngs/GSE50760/tables/ATF3_function/Liver_metastasis/GSEA/TFT_TFT_LEGACY/gsea_result.csv,OCT1_03,OCT1_03,0.0177,81,0.3418,0,0,1.0,0.0,keep,itself,,True,"NR1D1,ISL1,ZFP36L1,TMPRSS3,GLDN,FOXO3,BAMBI,JAG1,HOXC4,FRMPD1,PTCHD4,KMT5C,HDAC9,DLX2,LMO1,MEIS2,FAM89A,UBE2D3,PDGFRA,FAM53C"
ngs,GSE50760,ATF3_correlation,Liver_metastasis,TFT_TFT_LEGACY,results/ngs/GSE50760/tables/ATF3_function/Liver_metastasis/GSEA/TFT_TFT_LEGACY/gsea_result.csv,CCCNNGGGAR_OLF1_01,CCCNNGGGAR_OLF1_01,0.0181,192,0.589,0,0,1.0,0.0,keep,itself,,True,"MMP1,ZFAND3,TPM1,TMEM59L,HBEGF,LIMK2,DUSP4,CYTH3,VASP,HOXA11,TTYH1,FGF11,SNCB,AKAP12,LRFN3,KLF10,CDC20B,FLT1,FSTL3,TNKS1BP1"
ngs,GSE50760,ATF3_correlation,Liver_metastasis,TFT_TFT_LEGACY,results/ngs/GSE50760/tables/ATF3_function/Liver_metastasis/GSEA/TFT_TFT_LEGACY/gsea_result.csv,EFC_Q6,EFC_Q6,0.0181,105,0.3804,0,0,1.0,0.0,keep,itself,,True,"FOSB,KRT79,IGSF8,OSR2,HOXC6,HES1,GDPD2,ZFP36L1,HOXA11,HOXC4,HMGN3,CDK19,BCL2L1,ARL4A,FAM131A,MAGED1,ORAI3,TNKS1BP1,NPAS3,RPP21"
ngs,GSE50760,ATF3_correlation,Liver_metastasis,TFT_TFT_LEGACY,results/ngs/GSE50760/tables/ATF3_function/Liver_metastasis/GSEA/TFT_TFT_LEGACY/gsea_result.csv,CCTNTMAGA_UNKNOWN,CCTNTMAGA_UNKNOWN,0.0187,59,0.4403,0,0,1.0,0.0,keep,itself,,True,"ADCY8,CATIP,OSR2,SP8,SDC4,CYTH3,CSRNP2,MGAM,ITGA3,NR2E1,LMNA,TGFBR1,KLF7,RNF19A,PMEPA1,ZBTB7A,IMMP1L,ARL4C,TMEM154,ACTR1B"
ngs,GSE50760,ATF3_correlation,Liver_metastasis,TFT_TFT_LEGACY,results/ngs/GSE50760/tables/ATF3_function/Liver_metastasis/GSEA/TFT_TFT_LEGACY/gsea_result.csv,YY1_01,YY1_01,0.0191,137,0.5437,0,0,1.0,0.0,keep,itself,,True,"ID1,FOS,CDKL5,CCN1,EGR3,TPM1,FSIP2,NETO1,PPP2R2A,HOXD10,EGR2,SPRY4,CABCOCO1,SRF,HOXC10,ARMCX3,RALGDS,ATP5MC2,CDH20,PRKAG1"
ngs,GSE50760,ATF3_correlation,Liver_metastasis,TFT_TFT_LEGACY,results/ngs/GSE50760/tables/ATF3_function/Liver_metastasis/GSEA/TFT_TFT_LEGACY/gsea_result.csv,MAF_Q6,MAF_Q6,0.0191,123,0.4659,0,0,1.0,0.0,keep,itself,,True,"PNRC1,STAC2,HOXC6,SP8,RARA,HOXC4,TPBG,CHIC2,S100G,WDR54,ATOSB,SAT1,CCR10,FLT1,CBX8,TWIST1,HMGCS1,GPC4,NPAS3,LMAN2"
ngs,GSE50760,ATF3_correlation,Liver_metastasis,TFT_TFT_LEGACY,results/ngs/GSE50760/tables/ATF3_function/Liver_metastasis/GSEA/TFT_TFT_LEGACY/gsea_result.csv,HP1SITEFACTOR_Q6,HP1SITEFACTOR_Q6,0.0191,73,0.3106,0,0,1.0,0.0,keep,itself,,True,"KRT14,CDKL5,FOXA2,ASIC4,TLE4,VLDLR,ZFP36L1,HOXA11,NOG,JAG1,TGIF1,ID3,PJA1,TMEM95,NCKAP5,HDAC9,STC1,TNKS1BP1,NPAS3,GPR27"
ngs,GSE50760,ATF3_correlation,Liver_metastasis,TFT_TFT_LEGACY,results/ngs/GSE50760/tables/ATF3_function/Liver_metastasis/GSEA/TFT_TFT_LEGACY/gsea_result.csv,CREBP1_01,CREBP1_01,0.0207,66,0.3607,122,46,0.3136,0.9937,keep,E4BP4_01,E4BP4_01,False,"ATF3,NR1D1,NFIL3,KCNC1,SPRY4,PDP1,CHIC2,USP2,ARRDC3,SREBF2,ANO1,RBMS2,FGF14,C1orf122,ID4,MKNK2,TOB1,TSC22D3,NEGR1,LMO4"
ngs,GSE50760,ATF3_correlation,Liver_metastasis,TFT_TFT_LEGACY,results/ngs/GSE50760/tables/ATF3_function/Liver_metastasis/GSEA/TFT_TFT_LEGACY/gsea_result.csv,TTCNRGNNNNTTC_HSF_Q6,TTCNRGNNNNTTC_HSF_Q6,0.021,61,0.3935,0,0,1.0,0.0,keep,itself,,True,"FOSB,CDKL5,EGR3,INHBB,SERPINH1,LRRC49,UBE2E3,HSPB2,CRYAB,TWIST1,TFCP2L1,MKNK2,TBPL1,JOSD2,MAP6,EDN1,PMP22,VEGFA,GPR4,MACROH2A2"
ngs,GSE50760,ATF3_correlation,Liver_metastasis,TFT_TFT_LEGACY,results/ngs/GSE50760/tables/ATF3_function/Liver_metastasis/GSEA/TFT_TFT_LEGACY/gsea_result.csv,GGCNRNWCTTYS_UNKNOWN,GGCNRNWCTTYS_UNKNOWN,0.0214,48,0.5647,0,0,1.0,0.0,keep,itself,,True,"KRT14,UBXN6,ATP6V1E1,KLF10,RPL41,ARFGAP1,TBC1D22A,RNF13,HOXA9,QPCTL,XYLT2,RPL18A,NREP,SNRPD2,GABARAPL2,PAFAH1B2,OSR1,ENOX1,AKT1S1,SRP14"
ngs,GSE50760,ATF3_correlation,Liver_metastasis,TFT_TFT_LEGACY,results/ngs/GSE50760/tables/ATF3_function/Liver_metastasis/GSEA/TFT_TFT_LEGACY/gsea_result.csv,AREB6_04,AREB6_04,0.0214,131,0.5178,0,0,1.0,0.0,keep,itself,,True,"JUNB,FSIP2,FOXA2,IGF1R,WNT4,HOXA11,NEDD9,TGIF1,HSPB2,CRYAB,ITGBL1,AGBL5,TFCP2L1,HPCAL1,SOX11,HR,HOXC10,MEIS2,RACK1,LRRC8A"
ngs,GSE50760,ATF3_correlation,Liver_metastasis,TFT_TFT_LEGACY,results/ngs/GSE50760/tables/ATF3_function/Liver_metastasis/GSEA/TFT_TFT_LEGACY/gsea_result.csv,ZIC3_01,ZIC3_01,0.0217,158,0.6196,0,0,1.0,0.0,keep,itself,,True,"MB21D2,MPZL3,FOXA2,GDPD2,HOXA11,BCL3,TIMP3,EXTL3,TGIF1,PIM1,BCL2L1,PHF21B,SCN3B,HOXD12,CDK5R2,HSPB2,CRYAB,FSTL3,EPHB1,SEMA3B"
ngs,GSE50760,ATF3_correlation,Liver_metastasis,TFT_TFT_LEGACY,results/ngs/GSE50760/tables/ATF3_function/Liver_metastasis/GSEA/TFT_TFT_LEGACY/gsea_result.csv,VDR_Q3,VDR_Q3,0.0217,127,0.5474,0,0,1.0,0.0,keep,itself,,True,"FOS,HOXD9,KRT13,HAS1,BHLHE40,JUND,TIMP3,VEZF1,ATOSB,ZNF385A,DLX3,DUOXA2,STC1,RAB6B,TGFB1,ADGRG3,SRF,DUOX2,LMO1,SH3KBP1"
ngs,GSE50760,ATF3_correlation,Liver_metastasis,TFT_TFT_LEGACY,results/ngs/GSE50760/tables/ATF3_function/Liver_metastasis/GSEA/TFT_TFT_LEGACY/gsea_result.csv,IK3_01,IK3_01,0.0217,118,0.5153,0,0,1.0,0.0,keep,itself,,True,"MMP1,FOS,CCN1,EGR3,MSX1,CCL20,CXCL5,TIMP3,JAG1,TINAGL1,SIX5,VEZF1,MYT1,FLNC,CBX8,LRP2BP,RBX1,MKNK2,NAPG,TNFRSF21"
ngs,GSE50760,ATF3_correlation,Liver_metastasis,TFT_TFT_LEGACY,results/ngs/GSE50760/tables/ATF3_function/Liver_metastasis/GSEA/TFT_TFT_LEGACY/gsea_result.csv,TEL2_Q6,TEL2_Q6,0.0217,124,0.5167,0,0,1.0,0.0,keep,itself,,True,"JUNB,DDIT3,MPZL3,CHMP1B,NR1D1,HBEGF,BIN3,HOXC4,CCL2,TFE3,SUPT4H1,TEAD3,TMEM71,DES,IL23A,RHOV,NXT2,NR4A2,LSR,ARHGAP1"
ngs,GSE50760,ATF3_correlation,Liver_metastasis,TFT_TFT_LEGACY,results/ngs/GSE50760/tables/ATF3_function/Liver_metastasis/GSEA/TFT_TFT_LEGACY/gsea_result.csv,OCT1_02,OCT1_02,0.0217,75,0.3488,0,0,1.0,0.0,keep,itself,,True,"RNF2,ARHGAP6,JAG1,TGIF1,BCL2L1,PHF21B,IQUB,RUNX1,HDAC9,RPS19,STC1,NPAS3,DNAJA4,TNNI3K,HOXA10,ANKRD1,PTPRN,PAX6,TAFA1,DLX1"
ngs,GSE50760,ATF3_correlation,Liver_metastasis,TFT_TFT_LEGACY,results/ngs/GSE50760/tables/ATF3_function/Liver_metastasis/GSEA/TFT_TFT_LEGACY/gsea_result.csv,PBX1_02,PBX1_02,0.0237,56,0.4242,0,0,1.0,0.0,keep,itself,,True,"SLC2A14,MMP1,HOXD9,EGR3,TLE4,HES1,HOXD10,ZFP36L1,NOG,RHOB,AKAP12,SPACA9,AK8,TLE1,MEIS2,NOSIP,LIF,ABCB5,HOXD13,RNF128"
ngs,GSE50760,ATF3_correlation,Liver_metastasis,TFT_TFT_LEGACY,results/ngs/GSE50760/tables/ATF3_function/Liver_metastasis/GSEA/TFT_TFT_LEGACY/gsea_result.csv,ARP1_01,ARP1_01,0.0237,62,0.3713,0,0,1.0,0.0,keep,itself,,True,"ACKR3,NFE2,EMP1,NKAIN3,PLK3,C1QTNF5,C1orf116,TREML2,TRAF4,ALDOA,CCN2,NALF2,NLK,DLX1,ZNF711,C19orf73,RRAGD,ZNF532,DBP,PPM1E"
ngs,GSE50760,ATF3_correlation,Liver_metastasis,TFT_TFT_LEGACY,results/ngs/GSE50760/tables/ATF3_function/Liver_metastasis/GSEA/TFT_TFT_LEGACY/gsea_result.csv,ZF5_01,ZF5_01,0.0247,135,0.5696,0,0,1.0,0.0,keep,itself,,True,"JUNB,ADM,GADD45B,DDIT3,TPM1,KCNC1,SPRED1,TGIF1,NR4A1,FOSL1,RPL41,HSD11B1L,ALX4,ITGA3,ADO,RHOG,MICOS13,ST8SIA2,NIN,SEMA7A"
ngs,GSE50760,ATF3_correlation,Liver_metastasis,TFT_TFT_LEGACY,results/ngs/GSE50760/tables/ATF3_function/Liver_metastasis/GSEA/TFT_TFT_LEGACY/gsea_result.csv,STAT3_02,STAT3_02,0.025,64,0.4324,0,0,1.0,0.0,keep,itself,,True,"FOSB,DDIT3,NR1D1,EGR3,TRIP10,ASIC4,HOXC6,WNT4,VEZF1,HOXC4,MYT1,NR4A1,ADM2,DIPK2B,MEIS2,EGR1,CCN2,NPAS4,UPK2,MID1IP1"
ngs,GSE50760,ATF3_correlation,Liver_metastasis,TFT_TFT_LEGACY,results/ngs/GSE50760/tables/ATF3_function/Liver_metastasis/GSEA/TFT_TFT_LEGACY/gsea_result.csv,GATGKMRGCG_UNKNOWN,GATGKMRGCG_UNKNOWN,0.0257,39,0.5909,0,0,1.0,0.0,keep,itself,,True,"PPP2R2A,HOXD12,ZBTB22,REPS2,STRN4,RPL27,FRY,H3-3B,YWHAQ,RAB22A,DUSP6,REXO1,RPL24,SPCS2,CNOT3,CIZ1,PCIF1,RAD23A,RNF26,EEF2"
ngs,GSE50760,ATF3_correlation,Liver_metastasis,TFT_TFT_LEGACY,results/ngs/GSE50760/tables/ATF3_function/Liver_metastasis/GSEA/TFT_TFT_LEGACY/gsea_result.csv,LYF1_01,LYF1_01,0.026,153,0.5646,0,0,1.0,0.0,keep,itself,,True,"EPHA2,STAC2,SERTAD3,HES1,IGF1R,SPRY1,ITGB4,PTPRF,IQUB,STC1,ALX4,DLX2,TNFRSF19,CDC42EP3,IGFBP6,FBXL19,GDI1,ATP5MC2,PLEC,ENO2"
ngs,GSE50760,ATF3_correlation,Liver_metastasis,TFT_TFT_LEGACY,results/ngs/GSE50760/tables/ATF3_function/Liver_metastasis/GSEA/TFT_TFT_LEGACY/gsea_result.csv,STAT6_02,STAT6_02,0.026,134,0.5154,0,0,1.0,0.0,keep,itself,,True,"CDKL5,SEMA4B,EPHA2,SGK1,TMEM59L,EIF1,TMPRSS11D,VASP,LNX2,FOXO3,FLNC,OCIAD2,USP2,PGM2L1,CNN2,FLT1,TWIST1,PAX9,CA3,DIPK2B"
ngs,GSE50760,ATF3_correlation,Liver_metastasis,TFT_TFT_LEGACY,results/ngs/GSE50760/tables/ATF3_function/Liver_metastasis/GSEA/TFT_TFT_LEGACY/gsea_result.csv,ZIC2_01,ZIC2_01,0.026,126,0.5,0,0,1.0,0.0,keep,itself,,True,"ZFP36L1,NOG,TIMP3,KCNC1,TGIF1,PIM1,USP2,CALB1,LRRTM1,ZNF385A,HSPB2,CRYAB,RAB6B,SEMA3B,CERCAM,CA3,HR,HOXA10,PDLIM2,PRX"
ngs,GSE50760,ATF3_correlation,Liver_metastasis,TFT_TFT_LEGACY,results/ngs/GSE50760/tables/ATF3_function/Liver_metastasis/GSEA/TFT_TFT_LEGACY/gsea_result.csv,CACCCBINDINGFACTOR_Q6,CACCCBINDINGFACTOR_Q6,0.026,90,0.3321,0,0,1.0,0.0,keep,itself,,True,"CDKN1A,HOXC6,EIF1,JUND,OSM,HES1,LIMK2,SPRY4,ITGB4,HOXC4,ID3,FLNC,FGF11,MID2,SERPINE1,CDK19,EDA,EEF1A1,SEMA3B,MRPL14"
ngs,GSE50760,ATF3_correlation,Liver_metastasis,TFT_TFT_LEGACY,results/ngs/GSE50760/tables/ATF3_function/Liver_metastasis/GSEA/TFT_TFT_LEGACY/gsea_result.csv,YRCCAKNNGNCGC_UNKNOWN,YRCCAKNNGNCGC_UNKNOWN,0.027,29,0.4394,0,0,1.0,0.0,keep,itself,,True,"GADD45B,HES1,SGIP1,PTPRF,CDK5R2,HR,TSC22D3,UBE2D3,ZNF341,FRS3,BHLHE22,GNAS,HOXA6,GRIN2A,FLNA,DCTPP1,DYNLL1,HOXA2,ADGRB2,DUSP10"
ngs,GSE50760,ATF3_correlation,Liver_metastasis,TFT_TFT_LEGACY,results/ngs/GSE50760/tables/ATF3_function/Liver_metastasis/GSEA/TFT_TFT_LEGACY/gsea_result.csv,GFI1_01,GFI1_01,0.027,104,0.3925,0,0,1.0,0.0,keep,itself,,True,"DSG3,PREP,MPZL3,ICAM5,MPZL2,BTG1,PPP2R2A,SP8,HOXD10,SOX9,TGIF1,HOXC4,TPBG,GABBR2,SREBF2,HOXD11,LRP2BP,HOXC8,RAB6B,GREM1"
ngs,GSE50760,ATF3_correlation,Liver_metastasis,TFT_TFT_LEGACY,results/ngs/GSE50760/tables/ATF3_function/Liver_metastasis/GSEA/TFT_TFT_LEGACY/gsea_result.csv,P53_02,P53_02,0.027,90,0.3529,0,0,1.0,0.0,keep,itself,,True,"CDKN1A,GADD45B,DDIT3,ASIC4,SP8,HOXA11,INHBB,CDYL,HMGN3,FOSL1,RPS19,CACNA1E,DYRK1B,INKA1,NAPG,DDR1,MEIS2,TRAF4,ADO,MRC2"
ngs,GSE50760,ATF3_correlation,Liver_metastasis,TFT_TFT_LEGACY,results/ngs/GSE50760/tables/ATF3_function/Liver_metastasis/GSEA/TFT_TFT_LEGACY/gsea_result.csv,MYOD_01,MYOD_01,0.027,89,0.3309,0,0,1.0,0.0,keep,itself,,True,"HBEGF,NTRK2,C6orf15,GDPD2,LNX2,SCG2,RARA,FRMPD1,FGF11,ITGA6,PHLDB3,BCL2L1,ARL4A,GALNT17,CALB1,ARRDC3,KLF10,CBX8,PCDH1,PAX9"
ngs,GSE50760,ATF3_correlation,Liver_metastasis,TFT_TFT_LEGACY,results/ngs/GSE50760/tables/ATF3_function/Liver_metastasis/GSEA/TFT_TFT_LEGACY/gsea_result.csv,HFH3_01,HFH3_01,0.027,62,0.3163,0,0,1.0,0.0,keep,itself,,True,"ID1,DUSP1,TWIST2,CCN1,SGK1,COL13A1,EGR2,HOXA11,SIX5,ARTN,HOXC4,RUNX2,TWIST1,TOB1,REPS2,CDC42EP3,ITGA3,HOXA10,PRX,NIN"
ngs,GSE50760,ATF3_correlation,Liver_metastasis,TFT_TFT_LEGACY,results/ngs/GSE50760/tables/ATF3_function/Liver_metastasis/GSEA/TFT_TFT_LEGACY/gsea_result.csv,CDX2_Q5,CDX2_Q5,0.028,133,0.5057,0,0,1.0,0.0,keep,itself,,True,"PNRC1,HOXD9,FSIP2,FOXA2,HOXC6,TLE4,VLDLR,HOXC12,HOXA11,PTPRR,JAG1,CABCOCO1,HOXC4,ARL4A,PRPH,NCKAP5,TWIST1,MN1,TOB1,HOXC10"
ngs,GSE50760,ATF3_correlation,Liver_metastasis,TFT_TFT_LEGACY,results/ngs/GSE50760/tables/ATF3_function/Liver_metastasis/GSEA/TFT_TFT_LEGACY/gsea_result.csv,SREBP_Q3,SREBP_Q3,0.028,66,0.2558,0,0,1.0,0.0,keep,itself,,True,"DSG3,LDLR,GAST,CEBPB,HBEGF,OSM,TMEM119,HOXD10,ZFP36L1,IER5L,IGF2BP3,ADORA1,VEZF1,HOXC4,APP,KRT17,SREBF2,IVNS1ABP,SEMA3B,CA3"
ngs,GSE50760,ATF3_correlation,Liver_metastasis,TFT_TFT_LEGACY,results/ngs/GSE50760/tables/ATF3_function/Liver_metastasis/GSEA/TFT_TFT_LEGACY/gsea_result.csv,GGAANCGGAANY_UNKNOWN,GGAANCGGAANY_UNKNOWN,0.029,64,0.5818,0,0,1.0,0.0,keep,itself,,True,"COX7A2,ATP6V1E1,DLX4,VTA1,UBL5,RPL28,MRPS18A,RACK1,TAF10,RPL38,NCBP2AS2,RNF25,NCBP2,MRPL21,ZNF513,POMP,UBA52,RRAS,TRMT11,GYS1"
ngs,GSE50760,ATF3_correlation,Liver_metastasis,TFT_TFT_LEGACY,results/ngs/GSE50760/tables/ATF3_function/Liver_metastasis/GSEA/TFT_TFT_LEGACY/gsea_result.csv,E2F1_Q3_01,E2F1_Q3_01,0.029,131,0.524,0,0,1.0,0.0,keep,itself,,True,"JUNB,FOSL2,ISL1,EGR3,TMEM59L,ZFP36L2,LNX2,FOXO3,TPBG,ID3,FGF11,USP2,FOSL1,CDKN1C,KLF10,RASD2,LMX1B,HOXA13,HR,MEIS2"
ngs,GSE50760,ATF3_correlation,Liver_metastasis,TFT_TFT_LEGACY,results/ngs/GSE50760/tables/ATF3_function/Liver_metastasis/GSEA/TFT_TFT_LEGACY/gsea_result.csv,CEBP_Q3,CEBP_Q3,0.029,83,0.3242,0,0,1.0,0.0,keep,itself,,True,"JUNB,DDIT3,JUN,CHMP1B,CCN1,HOXC6,HOXD10,RHOB,SPRED1,HOXC4,SUPT3H,ID3,HMGN3,CHIC2,PBXIP1,S100G,NCKAP5,DDIT4L,LPAR4,SLC36A2"
ngs,GSE50760,ATF3_correlation,Liver_metastasis,TFT_TFT_LEGACY,results/ngs/GSE50760/tables/ATF3_function/Liver_metastasis/GSEA/TFT_TFT_LEGACY/gsea_result.csv,STAT5A_01,STAT5A_01,0.03,122,0.471,137,68,0.2297,2.5e-05,keep,STAT_01,STAT_01,True,"MAFF,FOS,ATP8A2,SOCS2,OSM,NFIL3,MXD1,RARA,IFT43,PTCHD4,SNCB,PHF21B,SGIP1,PLSCR1,SCN3B,PPARD,DLX4,CCL2,FLT1,STC1"
ngs,GSE50760,ATF3_correlation,Liver_metastasis,TFT_TFT_LEGACY,results/ngs/GSE50760/tables/ATF3_function/Liver_metastasis/GSEA/TFT_TFT_LEGACY/gsea_result.csv,LMO2COM_02,LMO2COM_02,0.03,80,0.3279,0,0,1.0,0.0,keep,itself,,True,"ADM,GSPT2,FOSL2,NECTIN2,RBPMS,ISL1,BAMBI,SPRY4,SGIP1,NR4A1,RUNX1,LRRC4,DLX3,ICAM2,SH3TC2,KRT80,TOB1,SLC41A1,SPINT1,UNC13D"
ngs,GSE50760,ATF3_correlation,Liver_metastasis,TFT_TFT_LEGACY,results/ngs/GSE50760/tables/ATF3_function/Liver_metastasis/GSEA/TFT_TFT_LEGACY/gsea_result.csv,AHRARNT_01,AHRARNT_01,0.031,77,0.5423,0,0,1.0,0.0,keep,itself,,True,"MMP1,EGR3,TMEM53,SGK1,HES1,WNT4,JAG1,VEZF1,PDP1,PTCHD4,CEMIP,NR4A1,KLF10,CCR10,RUNX1,PCDH1,HPCAL1,TGFB1,BRSK1,ID4"
ngs,GSE50760,ATF3_correlation,Liver_metastasis,TFT_TFT_LEGACY,results/ngs/GSE50760/tables/ATF3_function/Liver_metastasis/GSEA/TFT_TFT_LEGACY/gsea_result.csv,DBP_Q6,DBP_Q6,0.031,85,0.3208,0,0,1.0,0.0,keep,itself,,True,"TRIB1,SLC2A12,NR1D1,BTG1,PPP2R2A,TLE4,OLIG2,TGIF1,KRT17,ORAI3,ATOSB,SNX9,RPL41,MN1,C1orf122,FABP1,TOB1,CA3,TSHZ3,HS3ST3A1"
ngs,GSE50760,ATF3_correlation,Liver_metastasis,TFT_TFT_LEGACY,results/ngs/GSE50760/tables/ATF3_function/Liver_metastasis/GSEA/TFT_TFT_LEGACY/gsea_result.csv,HEB_Q6,HEB_Q6,0.031,136,0.5075,0,0,1.0,0.0,keep,itself,,True,"S100A2,L1CAM,CYTH3,HOXC12,KLHDC8A,KCNS3,RARA,HOXC4,USP2,GPR37L1,ORAI3,ZNF385A,MRPL54,CDK5R2,AGBL5,ABHD4,INKA1,MKNK2,ANGPTL2,KSR2"
ngs,GSE50760,ATF3_correlation,Liver_metastasis,TFT_TFT_LEGACY,results/ngs/GSE50760/tables/ATF3_function/Liver_metastasis/GSEA/TFT_TFT_LEGACY/gsea_result.csv,LXR_Q3,LXR_Q3,0.031,41,0.5,40,22,0.2539,0.6824,keep,DR4_Q2,DR4_Q2,False,"SGK1,CYB5R4,RARA,NKAIN3,PPARD,GREM1,HAS2,ACSL3,NR2E1,ABCG1,MID1IP1,AMD1,AZI2,ZNF513,JARID2,DCUN1D3,PRKCG,CCNI,LRP3,ADAM17"
ngs,GSE50760,ATF3_correlation,Liver_metastasis,TFT_TFT_LEGACY,results/ngs/GSE50760/tables/ATF3_function/Liver_metastasis/GSEA/TFT_TFT_LEGACY/gsea_result.csv,AP2_Q6,AP2_Q6,0.0313,142,0.5483,0,0,1.0,0.0,keep,itself,,True,"ZFAND3,SMOX,TMEM59L,SPATA6,BCL3,GALNT10,RELB,FGF11,PHF21B,MYADM,EDA,IQUB,TNFAIP8L3,SHB,ZDHHC2,EPHB1,MAPK6,GPC4,CDK8,MEIS2"
ngs,GSE50760,ATF3_correlation,Liver_metastasis,TFT_TFT_LEGACY,results/ngs/GSE50760/tables/ATF3_function/Liver_metastasis/GSEA/TFT_TFT_LEGACY/gsea_result.csv,USF_02,USF_02,0.032,118,0.4245,0,0,1.0,0.0,keep,itself,,True,"DUSP1,DDIT3,CCN1,SHOC1,VLDLR,ATF4,RPS28,HOXD10,CD164,HOXA11,AKAP12,CAPN6,RUNX1,TMEM258,LRP5,FGF14,NRIP3,NEUROD1,SQSTM1,LAMA3"
ngs,GSE50760,ATF3_correlation,Liver_metastasis,TFT_TFT_LEGACY,results/ngs/GSE50760/tables/ATF3_function/Liver_metastasis/GSEA/TFT_TFT_LEGACY/gsea_result.csv,PPARA_02,PPARA_02,0.032,55,0.4135,0,0,1.0,0.0,keep,itself,,True,"TRIB1,OSM,WNT4,CACNA1S,ATOSB,CDK5R2,LEFTY2,EPHB1,ARHGAP26,HR,LMO1,RTN2,HOXA5,VEGFA,PTCHD1,PRX,ATP5MC2,PRKAG1,HOXA9,CHD2"
ngs,GSE50760,ATF3_correlation,Liver_metastasis,TFT_TFT_LEGACY,results/ngs/GSE50760/tables/ATF3_function/Liver_metastasis/GSEA/TFT_TFT_LEGACY/gsea_result.csv,HEN1_01,HEN1_01,0.032,78,0.39,110,53,0.0024,0.4717,exclude,HEN1_02,HEN1_02,False,"ACKR3,HOXA11,CHPF,SIX5,TGIF1,ARTN,SLC5A10,ARL4A,CLDN5,FAM131A,JOSD1,MRPL14,PLCD3,TSHZ3,CDC42EP3,LYPD1,TRAF4,UBE2D3,RTKN,RTL9"
ngs,GSE50760,ATF3_correlation,Liver_metastasis,TFT_TFT_LEGACY,results/ngs/GSE50760/tables/ATF3_function/Liver_metastasis/GSEA/TFT_TFT_LEGACY/gsea_result.csv,AML_Q6,AML_Q6,0.033,127,0.4721,142,68,0.4553,0.1014,keep,COREBINDINGFACTOR_Q6,COREBINDINGFACTOR_Q6,False,"TRIB1,DUSP1,CCN1,LIMK2,SLC2A3,GDPD2,CDYL,RGS1,SGIP1,RUNX2,CEMIP,NR4A1,CCL2,FLT1,RUNX1,SREBF2,MMP9,HPCAL1,HEY1,SCRN1"
ngs,GSE50760,ATF3_correlation,Liver_metastasis,TFT_TFT_LEGACY,results/ngs/GSE50760/tables/ATF3_function/Liver_metastasis/GSEA/TFT_TFT_LEGACY/gsea_result.csv,LMO2COM_01,LMO2COM_01,0.033,91,0.3434,0,0,1.0,0.0,keep,itself,,True,"ID1,NFE2,ADCY8,EPHA2,HOXD10,HOXA11,JAG1,EXTL3,FGF11,MYADM,CALB1,FOSL1,SERF2,JOSD1,ARRDC3,EDA,RUNX1,HIPK4,PAX9,STMN2"
ngs,GSE50760,ATF3_correlation,Liver_metastasis,TFT_TFT_LEGACY,results/ngs/GSE50760/tables/ATF3_function/Liver_metastasis/GSEA/TFT_TFT_LEGACY/gsea_result.csv,YWATTWNNRGCT_UNKNOWN,YWATTWNNRGCT_UNKNOWN,0.033,48,0.6761,0,0,1.0,0.0,keep,itself,,True,"ATF3,VLDLR,CYTH3,NR4A1,HDAC9,HEY1,TSHZ3,BHLHE22,TSC22D1,PRRX1,RBFOX1,PRDM1,IMMP1L,ARL4C,RASGRF1,GSC,TLK2,ELP4,PBX2,ITGA10"
ngs,GSE50760,ATF3_correlation,Liver_metastasis,TFT_TFT_LEGACY,results/ngs/GSE50760/tables/ATF3_function/Liver_metastasis/GSEA/TFT_TFT_LEGACY/gsea_result.csv,TTF1_Q6,TTF1_Q6,0.034,110,0.4104,0,0,1.0,0.0,keep,itself,,True,"HOXC6,C6orf15,CYTH3,HOXD8,IGF2BP3,SPRY4,COL5A3,HOXC4,IFT43,SERPINB5,FLT1,TWIST1,CCDC107,HPCAL1,FZD7,HOXA13,HEBP2,DUSP14,GPR27,CDC42EP3"
ngs,GSE50760,ATF3_correlation,Liver_metastasis,TFT_TFT_LEGACY,results/ngs/GSE50760/tables/ATF3_function/Liver_metastasis/GSEA/TFT_TFT_LEGACY/gsea_result.csv,PR_Q2,PR_Q2,0.034,81,0.3011,0,0,1.0,0.0,keep,itself,,True,"EPHA2,FOXC1,CDC42EP4,PPP2R2A,NFIL3,HOXC12,IL1A,KCNC1,PGM2L1,CD24,CAPN6,SH3BP4,JDP2,KLF10,ITGBL1,CXCR4,HMGCS1,LRP5,MRPL14,RWDD1"
ngs,GSE50760,ATF3_correlation,Liver_metastasis,TFT_TFT_LEGACY,results/ngs/GSE50760/tables/ATF3_function/Liver_metastasis/GSEA/TFT_TFT_LEGACY/gsea_result.csv,EVI1_05,EVI1_05,0.036,91,0.523,9,6,0.296,0.1573,keep,EVI1_01,EVI1_01,False,"ISL1,TCEAL9,HOXD10,HS3ST5,PTCHD4,USP2,HSPB2,CRYAB,LPAR4,TOB1,SOX11,MEIS2,WNT9A,RHOG,SLC26A9,H4C3,HNF1B,SEMG1,TMEM47,CHD2"
ngs,GSE50760,ATF3_correlation,Liver_metastasis,TFT_TFT_LEGACY,results/ngs/GSE50760/tables/ATF3_function/Liver_metastasis/GSEA/TFT_TFT_LEGACY/gsea_result.csv,USF_C,USF_C,0.036,129,0.4542,0,0,1.0,0.0,keep,itself,,True,"NR1D1,BHLHE40,SLC4A11,HOXC12,IER5L,EFNB1,FGF11,USP2,AKAP12,RUNX2,ATOSB,ARRDC3,POLR2L,MICAL2,IVNS1ABP,RPS19,BCAS3,FGF14,WBP2,TNFRSF21"
ngs,GSE50760,ATF3_correlation,Liver_metastasis,TFT_TFT_LEGACY,results/ngs/GSE50760/tables/ATF3_function/Liver_metastasis/GSEA/TFT_TFT_LEGACY/gsea_result.csv,ATCMNTCCGY_UNKNOWN,ATCMNTCCGY_UNKNOWN,0.036,29,0.5472,0,0,1.0,0.0,keep,itself,,True,"ATF4,HOXD8,WBP2,UBE2D3,UBC,CYP51A1,KDM3A,UBE2D2,COL4A5,PAX6,HOXA9,KDM5C,GABPB2,GIPC1,COL4A6,UBE2B,CALM2,DNAI4,TCF12,CCNG2"
ngs,GSE50760,ATF3_correlation,Liver_metastasis,TFT_TFT_LEGACY,results/ngs/GSE50760/tables/ATF3_function/Liver_metastasis/GSEA/TFT_TFT_LEGACY/gsea_result.csv,NFKB_Q6,NFKB_Q6,0.037,151,0.5853,105,67,0.0969,0.000377,keep,NFKAPPAB65_01,NFKAPPAB65_01,True,"CCN1,EPHA2,BHLHE40,HOXA11,BCL3,MAML2,VEZF1,BFSP1,RUNX1,IL1RN,CCDC107,CACNA1E,SEMA3B,TGFB1,TNIP1,DDR1,TFE3,GREM1,UNC13D,WNT10A"
ngs,GSE50760,ATF3_correlation,Liver_metastasis,TFT_TFT_LEGACY,results/ngs/GSE50760/tables/ATF3_function/Liver_metastasis/GSEA/TFT_TFT_LEGACY/gsea_result.csv,NFKAPPAB_01,NFKAPPAB_01,0.037,144,0.5647,143,80,0.6248,0.0436,keep,NFKAPPAB65_01,NFKAPPAB65_01,True,"GADD45B,NOD2,EDN2,MSX1,CXCL5,SDC4,ZFP36L2,HOXA11,KCNS3,IL1A,BCL3,MAML2,VEZF1,ITGB4,RELB,BFSP1,IL1RN,CCDC107,MMP9,TNIP1"
ngs,GSE50760,ATF3_correlation,Liver_metastasis,TFT_TFT_LEGACY,results/ngs/GSE50760/tables/ATF3_function/Liver_metastasis/GSEA/TFT_TFT_LEGACY/gsea_result.csv,EGR1_01,EGR1_01,0.039,150,0.5556,0,0,1.0,0.0,keep,itself,,True,"TRIB1,SERTAD1,L1CAM,ICAM5,HAS1,EGR3,TPM4,TLE4,TNFRSF12A,RHOB,KCNC1,SPRED1,RELB,TPBG,APP,AKAP12,PJA1,CNN2,ATOSB,DLX4"
ngs,GSE50760,ATF3_correlation,Liver_metastasis,TFT_TFT_LEGACY,results/ngs/GSE50760/tables/ATF3_function/Liver_metastasis/GSEA/TFT_TFT_LEGACY/gsea_result.csv,TCCATTKW_UNKNOWN,TCCATTKW_UNKNOWN,0.039,114,0.4711,0,0,1.0,0.0,keep,itself,,True,"ACKR3,CDKL5,SMYD1,EGR3,FSIP2,NETO1,CABP1,BEX2,SPRED1,MYL6,FGF11,BCL2L1,NR4A1,JDP2,DDIT4L,MAPK6,LRP5,TNNI3K,FAM53C,NAV1"
ngs,GSE50760,ATF3_correlation,Liver_metastasis,TFT_TFT_LEGACY,results/ngs/GSE50760/tables/ATF3_function/Liver_metastasis/GSEA/TFT_TFT_LEGACY/gsea_result.csv,GABP_B,GABP_B,0.04,186,0.7019,96,71,0.1922,7.58e-12,keep,NRF2_01,NRF2_01,True,"DDIT3,MPZL3,CYB5R4,RPL34,CHPF,GALNT10,TMEM127,ATG5,PHLDB3,PLA2G4D,DLX4,RBMS2,COQ10B,ZNF653,DTX2,TAF10,PPP1R21,CRB3,TOMM22,KXD1"
ngs,GSE50760,ATF3_correlation,Liver_metastasis,TFT_TFT_LEGACY,results/ngs/GSE50760/tables/ATF3_function/Liver_metastasis/GSEA/TFT_TFT_LEGACY/gsea_result.csv,PAX3_01,PAX3_01,0.0401,9,0.4091,0,0,1.0,0.0,keep,itself,,True,"PHF21B,CBX8,STXBP1,NOTCH2NLA,KCNE4,CACNA1G,YARS1,CRY1,MAP1A"
ngs,GSE50760,ATF3_correlation,Liver_metastasis,TFT_TFT_LEGACY,results/ngs/GSE50760/tables/ATF3_function/Liver_metastasis/GSEA/TFT_TFT_LEGACY/gsea_result.csv,NF1_Q6_01,NF1_Q6_01,0.041,129,0.4674,0,0,1.0,0.0,keep,itself,,True,"CSRNP1,SLC2A12,ALDOC,SYT8,IGSF8,ATF4,SPRY1,GDPD2,KRT4,EFNB1,EXTL3,FGF11,LRRTM1,JDP2,GABBR2,NCKAP5,DDIT4L,RUNX1,DLX3,DUSP14"
ngs,GSE50760,ATF3_correlation,Liver_metastasis,TFT_TFT_LEGACY,results/ngs/GSE50760/tables/ATF3_function/Liver_metastasis/GSEA/TFT_TFT_LEGACY/gsea_result.csv,AREB6_03,AREB6_03,0.041,103,0.3887,0,0,1.0,0.0,keep,itself,,True,"NFE2,ASIC4,CCL20,LIMK2,HOXA11,JAG1,EXTL3,ITGB4,ARTN,ITGA6,APP,SCN3B,SLC24A3,SERF2,CBX8,CXCR4,CHAC1,LRP5,MRPL14,BRSK1"
ngs,GSE50760,ATF3_correlation,Liver_metastasis,TFT_TFT_LEGACY,results/ngs/GSE50760/tables/ATF3_function/Liver_metastasis/GSEA/TFT_TFT_LEGACY/gsea_result.csv,AREB6_01,AREB6_01,0.042,105,0.3832,0,0,1.0,0.0,keep,itself,,True,"DSG3,TRIB1,FOS,SLC4A11,HOXD8,LNX2,RARA,USP2,PHF21B,CLDN5,CEMIP,CCDC120,ARRDC3,MICAL2,HDAC9,ID4,RBMX2,TMED1,DDR1,STRN4"
ngs,GSE50760,ATF3_correlation,Liver_metastasis,TFT_TFT_LEGACY,results/ngs/GSE50760/tables/ATF3_function/Liver_metastasis/GSEA/TFT_TFT_LEGACY/gsea_result.csv,GGAMTNNNNNTCCY_UNKNOWN,GGAMTNNNNNTCCY_UNKNOWN,0.043,68,0.5714,0,0,1.0,0.0,keep,itself,,True,"TLE4,GTPBP2,MISP,RUNX1,HOXD11,TMEM258,UBALD1,ADO,RNF220,GSK3A,PNPLA6,GRK5,CACNA1G,RRAS,HSPH1,NCLN,MADD,AKT1S1,UBE2N,MEA1"
ngs,GSE50760,ATF3_correlation,Liver_metastasis,TFT_TFT_LEGACY,results/ngs/GSE50760/tables/ATF3_function/Liver_metastasis/GSEA/TFT_TFT_LEGACY/gsea_result.csv,GCCATNTTG_YY1_Q6,GCCATNTTG_YY1_Q6,0.045,237,0.5423,0,0,1.0,0.0,keep,itself,,True,"HOXC6,PPP2R2A,EZR,ATF4,CD164,BAMBI,TGIF1,HOXC4,TGM5,TAX1BP3,LRRC4,PIAS3,ZBTB22,ANGPTL5,DYRK1B,SCRN1,STRN4,INTS9,HSF1,PPP1R21"
ngs,GSE50760,ATF3_correlation,Liver_metastasis,TFT_TFT_LEGACY,results/ngs/GSE50760/tables/ATF3_function/Liver_metastasis/GSEA/TFT_TFT_LEGACY/gsea_result.csv,STAT5B_01,STAT5B_01,0.045,119,0.4667,134,66,0.228,6.66e-05,keep,STAT_01,STAT_01,True,"MAFF,FOS,SOCS2,MSX1,OSM,NFIL3,MXD1,RARA,IFT43,PTCHD4,SNCB,PHF21B,PLSCR1,CLDN5,PPARD,DLX4,CCL2,TWIST1,STC1,PCDH1"
ngs,GSE50760,ATF3_correlation,Liver_metastasis,TFT_TFT_LEGACY,results/ngs/GSE50760/tables/ATF3_function/Liver_metastasis/GSEA/TFT_TFT_LEGACY/gsea_result.csv,AML1_01,AML1_01,0.045,124,0.4576,0,0,1.0,0.0,keep,itself,,True,"EMP1,TPM1,TMEM117,HOXC6,DACT1,SLC2A3,EGR2,HOXC4,CNIH3,ID3,RGS1,SGIP1,SCN3B,NR4A1,JDP2,LRP5,SCEL,TACSTD2,MEIS2,TAMALIN"
ngs,GSE50760,ATF3_correlation,Liver_metastasis,TFT_TFT_LEGACY,results/ngs/GSE50760/tables/ATF3_function/Liver_metastasis/GSEA/TFT_TFT_LEGACY/gsea_result.csv,AML1_Q6,AML1_Q6,0.045,124,0.4576,0,0,1.0,0.0,keep,itself,,True,"EMP1,TPM1,TMEM117,HOXC6,DACT1,SLC2A3,EGR2,HOXC4,CNIH3,ID3,RGS1,SGIP1,SCN3B,NR4A1,JDP2,LRP5,SCEL,TACSTD2,MEIS2,TAMALIN"
ngs,GSE50760,ATF3_correlation,Liver_metastasis,TFT_TFT_LEGACY,results/ngs/GSE50760/tables/ATF3_function/Liver_metastasis/GSEA/TFT_TFT_LEGACY/gsea_result.csv,WCTCNATGGY_UNKNOWN,WCTCNATGGY_UNKNOWN,0.045,45,0.5422,0,0,1.0,0.0,keep,itself,,True,"ID1,IER2,JUN,SLC27A1,COX7A2,GPN1,WDR54,RPL41,ATG101,ERCC1,RPL10,METTL18,GALNT2,SKIL,CFAP107,SMIM29,ARMC2,RFFL,HSD3B7,BRIX1"
ngs,GSE50760,ATF3_correlation,Liver_metastasis,TFT_TFT_LEGACY,results/ngs/GSE50760/tables/ATF3_function/Liver_metastasis/GSEA/TFT_TFT_LEGACY/gsea_result.csv,STAT1_01,STAT1_01,0.046,31,0.4493,0,0,1.0,0.0,keep,itself,,True,"IFT43,SNCB,SLC6A14,TMEM95,PCDH1,LRP5,GREM1,TRAF4,WNT10A,GSK3A,TNIP2,CCDC85B,GABPB2,EIF2B4,SCAMP3,BTBD1,RAB10,RELA,TCEAL1,TDG"
ngs,GSE50760,ATF3_correlation,Liver_metastasis,TFT_TFT_LEGACY,results/ngs/GSE50760/tables/ATF3_function/Liver_metastasis/GSEA/TFT_TFT_LEGACY/gsea_result.csv,TCF11_01,TCF11_01,0.046,81,0.314,0,0,1.0,0.0,keep,itself,,True,"LURAP1L,HOXC6,CDKN2B,RARA,PTRH2,JAG1,EDAR,MYT1,MID2,UBE2E3,SGIP1,JDP2,MAGED1,SAT1,AK5,KRT2,NCKAP5,DLX3,GPC4,ALX4"
ngs,GSE50760,ATF3_correlation,Liver_metastasis,TFT_TFT_LEGACY,results/ngs/GSE50760/tables/ATF3_function/Liver_metastasis/GSEA/TFT_TFT_LEGACY/gsea_result.csv,GATA2_01,GATA2_01,0.047,47,0.4476,0,0,1.0,0.0,keep,itself,,True,"FOXA2,PPP2R2A,VASP,VEZF1,FAM131A,RPL8,RBMS2,REPS2,GREM1,HOXA10,PDGFRA,GNAS,GRIN2A,SPEG,SLC8A3,POLD4,PDLIM4,CNOT3,WNT5A,NPNT"
ngs,GSE50760,ATF3_correlation,Liver_metastasis,TFT_TFT_LEGACY,results/ngs/GSE50760/tables/ATF3_function/Liver_metastasis/GSEA/TFT_TFT_LEGACY/gsea_result.csv,CCAWYNNGAAR_UNKNOWN,CCAWYNNGAAR_UNKNOWN,0.048,74,0.4966,0,0,1.0,0.0,keep,itself,,True,"ADCY8,JUN,PPM1L,PPP2R2A,EIF1,RHOB,USP2,RAB6A,EDA,ID4,MKNK2,LMO1,TESK2,SLC26A9,KDM3A,NXT2,H3-3B,PPM1E,CHD2,RBMS1"
ngs,GSE50760,ATF3_correlation,Liver_metastasis,TFT_TFT_LEGACY,results/ngs/GSE50760/tables/ATF3_function/Liver_metastasis/GSEA/TFT_TFT_LEGACY/gsea_result.csv,RSRFC4_Q2,RSRFC4_Q2,0.049,109,0.5,71,35,0.6137,0.0013,keep,TAAWWATAG_RSRFC4_Q2,TAAWWATAG_RSRFC4_Q2,True,"ATF3,SMYD1,NME5,HS3ST5,KCNJ9,VEZF1,HOXC4,PTCHD4,USP2,NR4A1,HDAC9,TWIST1,GPC4,DIRAS1,ARHGAP26,CDC42EP3,HAS2,DNAJA4,TNNI3K,PDGFRA"
ngs,GSE50760,ATF3_correlation,Liver_metastasis,TFT_TFT_LEGACY,results/ngs/GSE50760/tables/ATF3_function/Liver_metastasis/GSEA/TFT_TFT_LEGACY/gsea_result.csv,HAND1E47_01,HAND1E47_01,0.049,79,0.2782,0,0,1.0,0.0,keep,itself,,True,"ARHGAP6,BHLHE40,HOXC6,DACT1,ZFP36L1,BBS12,NOG,IER5L,BAMBI,MAMDC2,MYT1,NKAIN3,GPR37L1,RAB6A,DDIT4L,TPGS1,STC1,TNKS1BP1,RWDD1,C1orf122"
ngs,GSE50760,ATF3_correlation,Liver_metastasis,TFT_TFT_LEGACY,results/ngs/GSE50760/tables/ATF3_function/Liver_metastasis/GSEA/TFT_TFT_LEGACY/gsea_result.csv,SEF1_C,SEF1_C,0.0493,4,0.6667,0,0,1.0,0.0,keep,itself,,True,"LIMK2,MEIS2,SPRYD3,POU3F3"
ngs,GSE50760,ATF3_correlation,Liver_metastasis,TFT_TFT_LEGACY,results/ngs/GSE50760/tables/ATF3_function/Liver_metastasis/GSEA/TFT_TFT_LEGACY/gsea_result.csv,OCT1_01,OCT1_01,0.05,88,0.3247,142,51,0.127,0.5621,keep,OCT1_Q5_01,OCT1_Q5_01,False,"MMP1,SPRR2A,CCN1,SH3BGRL,EGR2,RHOB,EGLN3,PYGO1,ID3,TP53INP2,SLC24A3,SREBF2,HDAC9,HOXD11,PCDH1,GPC4,GPR42,C1orf122,ID4,SRF"
