"TF","Term","Overlap","P.value","Adjusted.P.value","Old.P.value","Old.Adjusted.P.value","Odds.Ratio","Combined.Score","Genes"
"JUN","JUN HeLa-S3 hg19","4/506","0.001159930567388514","0.3839743858022480","0","0","10.3474103585657353","69.9422351998199332002","SLPI;GREB1;CLU;ATF3"
"JUND","JUND MCF-7 hg19","3/241","0.001451699001142715","0.3839743858022480","0","0","15.5538340336134446","101.6446271182849017123","GREB1;PRSS22;CLU"
"BCL11A","BCL11A GM12878 hg19","5/1186","0.004202479554300401","0.5716744941101630","0","0","5.6852546268295630","31.1101713097367493788","LAMP3;PRDM1;CD68;ATF3;DDR2"
"TCF12","TCF12 MCF-7 hg19","2/104","0.004322680484764938","0.5716744941101630","0","0","22.9284890426758956","124.8199334501193362712","GREB1;PRSS22"
"BCL11A","BCL11A H1-hESC hg19","2/117","0.005436736087067465","0.5752066780117379","0","0","20.3232736572890040","105.9772628217107239834","CD68;DHRS3"
"TCF12","TCF12 SK-N-SH hg19","4/857","0.007752702644910221","0.6208084638542145","0","0","5.9798358733880423","29.0602907244813692955","PRDM1;CLU;DHRS3;DDR2"
"TEAD4","TEAD4 MCF-7 hg19","2/150","0.008787902649451692","0.6208084638542145","0","0","15.7655007949125601","74.6398590755336925895","GREB1;PRSS22"
"FOSL2","FOSL2 SK-N-SH hg19","3/469","0.009388407770952205","0.6208084638542145","0","0","7.8520654506437770","36.6556366988363251380","DHRS3;ATF3;DDR2"
"JUND","JUND HeLa-S3 hg19","5/1492","0.011030354008746142","0.6244974052492741","0","0","4.4418291862811028","20.0197876525549105509","SLPI;GREB1;CLU;DHRS3;ATF3"
"EP300","EP300 MCF-7 hg19","2/175","0.011805243955562835","0.6244974052492741","0","0","13.4702482148928944","59.7972800184921169375","GREB1;PRSS22"
"ESR1","ESR1 ECC-1 hg19","3/637","0.021306030436577823","0.9152345151429520","0","0","5.7217074132492112","22.0215079604370416178","GREB1;PRSS22;DHRS3"
"EP300","EP300 HeLa-S3 hg19","5/1770","0.021921173079482485","0.9152345151429520","0","0","3.6859571023876971","14.0814704030836317372","SLPI;GREB1;PRDM1;CLU;ATF3"
"CEBPB","CEBPB MCF-7 hg19","4/1173","0.022491585438295610","0.9152345151429520","0","0","4.2913031080695747","16.2838389389807787211","SLPI;CEACAM6;GREB1;PRSS22"
"STAT3","STAT3 HeLa-S3 hg19","5/1974","0.033420578991224234","0.9330214993819304","0","0","3.2670681274033231","11.1034036066311898594","SLPI;GREB1;PRDM1;ATF3;DDR2"
"BATF","BATF GM12878 hg19","3/760","0.033641546560092175","0.9330214993819304","0","0","4.7615587846763541","16.1511763098369911518","PRDM1;CLU;ATF3"
"SMC3","SMC3 MEL cell line mm9","5/2000","0.035120698759141027","0.9330214993819304","0","0","3.2198353025420694","10.7831144913862235768","PRDM1;CD68;CLU;DHRS3;ATF3"
"IKZF1","IKZF1 GM12878 hg19","5/2000","0.035120698759141027","0.9330214993819304","0","0","3.2198353025420694","10.7831144913862235768","LAMP3;PRDM1;CD68;ATF3;DDR2"
"FOSL2","FOSL2 MCF-7 hg19","2/329","0.038369215966526531","0.9330214993819304","0","0","7.0710559453139057","23.0551765551227028084","GREB1;PRSS22"
"ZC3H11A","ZC3H11A CH12.LX mm9","4/1429","0.042414329833382003","0.9330214993819304","0","0","3.4724678362573100","10.9739324775129034606","PRDM1;CLU;DHRS3;ATF3"
"JUND","JUND HCT116 hg19","2/348","0.042481668550612015","0.9330214993819304","0","0","6.6763005780346818","21.0883146305852946512","CLU;ATF3"
"CEBPB","CEBPB A549 hg19","6/2860","0.043806561600809896","0.9330214993819304","0","0","2.7697159182793381","8.6635929113200411678","SLPI;GREB1;PRDM1;CD68;CLU;DHRS3"
"FOSL1","FOSL1 K562 hg19","3/849","0.044485458467515802","0.9330214993819304","0","0","4.2409131205673756","13.2002361501210607742","CLU;DHRS3;ATF3"
"FOSL1","FOSL1 HCT116 hg19","2/360","0.045162034477774123","0.9330214993819304","0","0","6.4485704896483735","19.9744373561341852508","CLU;ATF3"
"FOS","FOS HeLa-S3 hg19","3/860","0.045936064201452867","0.9330214993819304","0","0","4.1840723453908986","12.8890547676929720922","SLPI;CLU;ATF3"
"JUND","JUND SK-N-SH hg19","4/1565","0.056170256739200446","0.9330214993819304","0","0","3.1467008327994876","9.0605093742002793533","CD68;CLU;ATF3;DDR2"
"ESR1","ESR1 T47D hg19","2/425","0.060723867100476878","0.9330214993819304","0","0","5.4395772493394521","15.2385321236001871625","GREB1;PRSS22"
"MEF2A","MEF2A GM12878 hg19","3/970","0.061744872010259771","0.9330214993819304","0","0","3.6867890382626678","10.2667649487023915356","LAMP3;CD68;ATF3"
"TEAD4","TEAD4 SK-N-SH hg19","2/493","0.078697778669565621","0.9330214993819304","0","0","4.6699412962741107","11.8716461978804286304","CLU;DDR2"
"BCL3","BCL3 GM12878 hg19","2/503","0.081471637767359009","0.9330214993819304","0","0","4.5743806504637785","11.4702609547060117023","CD68;DDR2"
"RCOR1","RCOR1 IMR-90 hg19","4/1930","0.103992320286887402","0.9330214993819304","0","0","2.4998269297334716","5.6582038310495512690","NLRP6;CLU;DHRS3;ATF3"
"ZKSCAN1","ZKSCAN1 CH12.LX mm9","3/1240","0.109884613982782764","0.9330214993819304","0","0","2.8411479385610350","6.2741763949512936449","KRT81;CASS4;CD68"
"RAD21","RAD21 HCT116 hg19","4/1973","0.110630622173081061","0.9330214993819304","0","0","2.4394108684611480","5.3705053788405967552","CEACAM6;PRDM1;CLU;DHRS3"
"JUND","JUND T47D hg19","1/123","0.110649055383989919","0.9330214993819304","0","0","9.0432604735883420","19.9077589950829825227","CLU"
"EZH2","EZH2 astrocyte hg19","4/2000","0.114901196258363036","0.9330214993819304","0","0","2.4028056112224450","5.1989088913329473129","AKAP12;KRT81;PRSS22;CLU"
"ZNF384","ZNF384 ES-E14 mm9","4/2000","0.114901196258363036","0.9330214993819304","0","0","2.4028056112224450","5.1989088913329473129","AKAP12;CASS4;PRDM1;DHRS3"
"SAP30","SAP30 K562 hg19","4/2000","0.114901196258363036","0.9330214993819304","0","0","2.4028056112224450","5.1989088913329473129","PRDM1;CLU;DHRS3;ATF3"
"TCF7L2","TCF7L2 HEK293 hg19","4/2000","0.114901196258363036","0.9330214993819304","0","0","2.4028056112224450","5.1989088913329473129","LAMP3;GREB1;DHRS3;ATF3"
"CBX2","CBX2 K562 hg19","4/2000","0.114901196258363036","0.9330214993819304","0","0","2.4028056112224450","5.1989088913329473129","SLPI;GREB1;PRDM1;ATF3"
"CEBPB","CEBPB IMR-90 hg19","4/2000","0.114901196258363036","0.9330214993819304","0","0","2.4028056112224450","5.1989088913329473129","GREB1;PRDM1;CD68;DDR2"
"POLR2A","POLR2A lung mm9","4/2000","0.114901196258363036","0.9330214993819304","0","0","2.4028056112224450","5.1989088913329473129","LAMP3;PRDM1;CD68;DHRS3"
"CBX8","CBX8 K562 hg19","4/2000","0.114901196258363036","0.9330214993819304","0","0","2.4028056112224450","5.1989088913329473129","AKAP12;GREB1;PRDM1;ATF3"
"SMARCC1","SMARCC1 HeLa-S3 hg19","4/2000","0.114901196258363036","0.9330214993819304","0","0","2.4028056112224450","5.1989088913329473129","SLPI;PRSS22;CLU;DHRS3"
"EP300","EP300 CH12.LX mm9","4/2000","0.114901196258363036","0.9330214993819304","0","0","2.4028056112224450","5.1989088913329473129","CASS4;CD68;DHRS3;ATF3"
"EP300","EP300 ECC-1 hg19","2/635","0.120728600522232221","0.9330214993819304","0","0","3.5959483319394110","7.6025907265748156050","SLPI;PRSS22"
"CEBPB","CEBPB myocyte mm9","2/640","0.122300340231830479","0.9330214993819304","0","0","3.5668449197860963","7.4949236794132119144","SLPI;ATF3"
"TEAD4","TEAD4 ECC-1 hg19","4/2051","0.123178810496353999","0.9330214993819304","0","0","2.3362970200293112","4.8924821929530359910","SLPI;PRSS22;CLU;DHRS3"
"RXRA","RXRA SK-N-SH hg19","1/139","0.124158802745554797","0.9330214993819304","0","0","7.9883252818035428","16.6651951979510286606","DHRS3"
"NFIC","NFIC SK-N-SH hg19","2/663","0.129598603423787540","0.9330214993819304","0","0","3.4386402064607990","7.0262191686505772736","CLU;DDR2"
"GATA3","GATA3 MCF-7 hg19","4/2095","0.130536978439289852","0.9330214993819304","0","0","2.2815239917105052","4.6454081080782296809","GREB1;PRSS22;CLU;DHRS3"
"SIN3A","SIN3A HCT116 hg19","2/689","0.137976723837978321","0.9330214993819304","0","0","3.3040500042811884","6.5442336335395578928","CD68;ATF3"
"CEBPD","CEBPD K562 hg19","2/691","0.138626526984640508","0.9330214993819304","0","0","3.2941176470588234","6.5090836362718231811","CASS4;CD68"
"CTCF","CTCF choroid plexus epithelial cell hg19","3/1381","0.139624017093666342","0.9330214993819304","0","0","2.5312500000000000","4.9835302174965123712","CASS4;PRDM1;CLU"
"GATA1","GATA1 megakaryocyte mm9","2/715","0.146480373816888915","0.9330214993819304","0","0","3.1792756373236530","6.1069555665880539408","NLRP6;DHRS3"
"FOXM1","FOXM1 MCF-7 hg19","1/168","0.148151111890283210","0.9330214993819304","0","0","6.5914836992681307","12.5865864309830719492","GREB1"
"MAFK","MAFK ES-E14 mm9","3/1433","0.151268684624257493","0.9330214993819304","0","0","2.4323863636363638","4.5940424210421442197","AKAP12;PRDM1;DHRS3"
"MAFK","MAFK MEL cell line mm9","2/738","0.154099253157171989","0.9330214993819304","0","0","3.0762468030690537","5.7530687473964352563","PRDM1;CD68"
"ZC3H11A","ZC3H11A MEL cell line mm9","2/779","0.167883203885199062","0.9330214993819304","0","0","2.9077144371262018","5.1887779042177566424","CLU;DHRS3"
"MAFK","MAFK GM12878 hg19","1/194","0.169130884986890911","0.9330214993819304","0","0","5.6960276338514682","10.1223104376741623867","PRDM1"
"CEBPB","CEBPB C2C12 mm9","3/1513","0.169816408002219033","0.9330214993819304","0","0","2.2935844370860927","4.0666109375374857038","SLPI;PRSS22;ATF3"
"RELA","RELA GM12878 hg19","2/785","0.169920349064380721","0.9330214993819304","0","0","2.8845315904139435","5.1126173078796082194","ATF3;DDR2"
"MAX","MAX ECC-1 hg19","3/1558","0.180558737632108390","0.9330214993819304","0","0","2.2217845659163986","3.8030267260813261920","SLPI;PRDM1;PRSS22"
"ZZZ3","ZZZ3 HeLa-S3 hg19","1/216","0.186499731477382497","0.9330214993819304","0","0","5.1074935400516797","8.5771440392061215618","SLPI"
"STAT5A","STAT5A K562 hg19","1/217","0.187280993285771358","0.9330214993819304","0","0","5.0835905349794235","8.5157520397612618268","CASS4"
"PRDM1","PRDM1 HeLa-S3 hg19","3/1625","0.196924974084539406","0.9330214993819304","0","0","2.1222641800246609","3.4485359654147136332","GREB1;CD68;ATF3"
"NR3C1","NR3C1 ECC-1 hg19","1/237","0.202757760842978918","0.9330214993819304","0","0","4.6480696798493408","7.4171260905735287849","SLPI"
"JUN","JUN CH12.LX mm9","3/1659","0.205386480852333325","0.9330214993819304","0","0","2.0748414855072466","3.2841873332139948083","CASS4;LY6G6C;ATF3"
"TEAD4","TEAD4 HepG2 hg19","1/244","0.208108352733500923","0.9330214993819304","0","0","4.5125743026977592","7.0833716751884550078","CLU"
"RAD21","RAD21 MCF-7 hg19","4/2508","0.208296513842079561","0.9330214993819304","0","0","1.8612353567625133","2.9198923794196791626","GREB1;PRDM1;CLU;DHRS3"
"SRF","SRF K562 hg19","2/897","0.208706452699124106","0.9330214993819304","0","0","2.5088399605652318","3.9309170519810625599","NLRP6;DDR2"
"RUNX3","RUNX3 GM12878 hg19","3/1674","0.209150568468011278","0.9330214993819304","0","0","2.0545332136445245","3.2147298926689100718","CASS4;PRDM1;CD68"
"HSF1","HSF1 HepG2 hg19","1/249","0.211909356319100683","0.9330214993819304","0","0","4.4204749103942653","6.8587941077947238711","CLU"
"HDAC2","HDAC2 HepG2 hg19","1/255","0.216447746201768682","0.9330214993819304","0","0","4.3147419072615927","6.6033074111981839849","CLU"
"ZC3H11A","ZC3H11A ES-E14 mm9","2/949","0.227091406539276508","0.9330214993819304","0","0","2.3646189204298405","3.5053174025306224060","CLU;DHRS3"
"STAT2","STAT2 K562 hg19","1/271","0.228429381336616888","0.9330214993819304","0","0","4.0557613168724282","5.9884458337231247782","CD68"
"TEAD4","TEAD4 H1-hESC hg19","3/1752","0.229005055489206327","0.9330214993819304","0","0","1.9545454545454544","2.8810218895399257732","PRSS22;CLU;DDR2"
"HNF4A","HNF4A HepG2 hg19","4/2620","0.231663566870882714","0.9330214993819304","0","0","1.7701325178389398","2.5887641148265108093","GREB1;CASS4;CD68;DHRS3"
"NFE2","NFE2 K562 hg19","1/287","0.240237302996425206","0.9330214993819304","0","0","3.8257575757575761","5.4560203124063280100","CASS4"
"JUN","JUN endothelial cell of umbilical vein hg19","2/988","0.240985261347749807","0.9330214993819304","0","0","2.2664359861591694","3.2251826119540742965","CLU;ATF3"
"FOSL1","FOSL1 C2C12 mm9","1/293","0.244620974991110574","0.9330214993819304","0","0","3.7460045662100456","5.2745441501769132486","PRSS22"
"CEBPB","CEBPB HCT116 hg19","1/303","0.251873891740166389","0.9330214993819304","0","0","3.6201250919793968","4.9915253018812233421","SLPI"
"CEBPB","CEBPB K562 hg19","4/2716","0.252294858016717360","0.9330214993819304","0","0","1.6980334316617502","2.3384582937916182921","GREB1;CASS4;PRDM1;CD68"
"MYOD1","MYOD1 C2C12 mm9","2/1026","0.254584862743871987","0.9330214993819304","0","0","2.1779641544117645","2.9797186050946979918","PRSS22;DHRS3"
"NR3C1","NR3C1 A549 hg19","3/1855","0.255846705740738534","0.9330214993819304","0","0","1.8354144168466520","2.5019943873289318681","PRDM1;CLU;DHRS3"
"RXRA","RXRA GM12878 hg19","1/318","0.262629678622476492","0.9330214993819304","0","0","3.4461969856291623","4.6076008833120258856","CD68"
"ZBTB7A","ZBTB7A ECC-1 hg19","3/1896","0.266693824029898663","0.9330214993819304","0","0","1.7916006339144217","2.3678761532730603356","LAMP3;PRSS22;CLU"
"ATF2","ATF2 H1-hESC hg19","3/1906","0.269351462967416577","0.9330214993819304","0","0","1.7812007356805044","2.3364690440044850739","AKAP12;CD68;CLU"
"RAD21","RAD21 ECC-1 hg19","2/1070","0.270381579203859079","0.9330214993819304","0","0","2.0833884115443930","2.7249075824938788770","PRDM1;CLU"
"CTCF","CTCF fibroblast of mammary gland hg19","3/1929","0.275480459155021451","0.9330214993819304","0","0","1.7576908099688473","2.2660828066681553139","CASS4;PRDM1;CLU"
"GATA3","GATA3 T47D hg19","2/1102","0.281887778107484221","0.9330214993819304","0","0","2.0193582887700536","2.5570048347552849499","PRSS22;CLU"
"FOXA2","FOXA2 HepG2 hg19","1/349","0.284395847631523924","0.9330214993819304","0","0","3.1342592592592591","3.9409805506986406165","DHRS3"
"EZH2","EZH2 myotube hg19","3/2000","0.294527461267674429","0.9330214993819304","0","0","1.6885327991987982","2.0640338446559578500","GREB1;NEB;CD68"
"MXI1","MXI1 CH12.LX mm9","3/2000","0.294527461267674429","0.9330214993819304","0","0","1.6885327991987982","2.0640338446559578500","AKAP12;CASS4;CD68"
"SMC3","SMC3 HepG2 hg19","3/2000","0.294527461267674429","0.9330214993819304","0","0","1.6885327991987982","2.0640338446559578500","CASS4;CD68;CLU"
"CTCF","CTCF medulloblastoma hg19","3/2000","0.294527461267674429","0.9330214993819304","0","0","1.6885327991987982","2.0640338446559578500","AKAP12;PRDM1;CLU"
"CREBBP","CREBBP K562 hg19","3/2000","0.294527461267674429","0.9330214993819304","0","0","1.6885327991987982","2.0640338446559578500","LY6G6C;DHRS3;ATF3"
"RAD21","RAD21 CH12.LX mm9","3/2000","0.294527461267674429","0.9330214993819304","0","0","1.6885327991987982","2.0640338446559578500","PRDM1;CLU;ATF3"
"CHD1","CHD1 CH12.LX mm9","3/2000","0.294527461267674429","0.9330214993819304","0","0","1.6885327991987982","2.0640338446559578500","PRDM1;DHRS3;ATF3"
"ZNF384","ZNF384 CH12.LX mm9","3/2000","0.294527461267674429","0.9330214993819304","0","0","1.6885327991987982","2.0640338446559578500","AKAP12;CASS4;DHRS3"
"CTCF","CTCF C2C12 mm9","3/2000","0.294527461267674429","0.9330214993819304","0","0","1.6885327991987982","2.0640338446559578500","PRDM1;CLU;ATF3"
"eGFP-FOS","eGFP-FOS K562 hg19","3/2000","0.294527461267674429","0.9330214993819304","0","0","1.6885327991987982","2.0640338446559578500","CD68;CLU;DHRS3"
"MAFF","MAFF K562 hg19","3/2000","0.294527461267674429","0.9330214993819304","0","0","1.6885327991987982","2.0640338446559578500","CASS4;CD68;DHRS3"
"MAFK","MAFK IMR-90 hg19","3/2000","0.294527461267674429","0.9330214993819304","0","0","1.6885327991987982","2.0640338446559578500","CASS4;CD68;CLU"
"RBBP5","RBBP5 H1-hESC hg19","3/2000","0.294527461267674429","0.9330214993819304","0","0","1.6885327991987982","2.0640338446559578500","PRDM1;DHRS3;DDR2"
"CTCF","CTCF bone marrow mm9","3/2000","0.294527461267674429","0.9330214993819304","0","0","1.6885327991987982","2.0640338446559578500","PRDM1;CLU;ATF3"
"EZH2","EZH2 HepG2 hg19","3/2000","0.294527461267674429","0.9330214993819304","0","0","1.6885327991987982","2.0640338446559578500","KRT81;NEB;CLU"
"EZH2","EZH2 HeLa-S3 hg19","3/2000","0.294527461267674429","0.9330214993819304","0","0","1.6885327991987982","2.0640338446559578500","SLPI;GREB1;PRSS22"
"ZNF384","ZNF384 MEL cell line mm9","3/2000","0.294527461267674429","0.9330214993819304","0","0","1.6885327991987982","2.0640338446559578500","CASS4;PRDM1;DHRS3"
"CTCF","CTCF embryonic fibroblast mm9","3/2000","0.294527461267674429","0.9330214993819304","0","0","1.6885327991987982","2.0640338446559578500","AKAP12;PRDM1;CLU"
"CUX1","CUX1 GM12878 hg19","3/2000","0.294527461267674429","0.9330214993819304","0","0","1.6885327991987982","2.0640338446559578500","LAMP3;PRDM1;CD68"
"CTCF","CTCF cardiac fibroblast hg19","3/2000","0.294527461267674429","0.9330214993819304","0","0","1.6885327991987982","2.0640338446559578500","AKAP12;PRDM1;CLU"
"ZMIZ1","ZMIZ1 K562 hg19","3/2000","0.294527461267674429","0.9330214993819304","0","0","1.6885327991987982","2.0640338446559578500","PRDM1;CD68;CLU"
"MAX","MAX NB4 hg19","3/2000","0.294527461267674429","0.9330214993819304","0","0","1.6885327991987982","2.0640338446559578500","GREB1;CASS4;CD68"
"TCF7L2","TCF7L2 MCF-7 hg19","3/2000","0.294527461267674429","0.9330214993819304","0","0","1.6885327991987982","2.0640338446559578500","LAMP3;GREB1;CLU"
"MAFK","MAFK CH12.LX mm9","3/2000","0.294527461267674429","0.9330214993819304","0","0","1.6885327991987982","2.0640338446559578500","CASS4;CD68;ATF3"
"ZNF384","ZNF384 K562 hg19","3/2000","0.294527461267674429","0.9330214993819304","0","0","1.6885327991987982","2.0640338446559578500","CD68;CLU;DHRS3"
"MAFF","MAFF HepG2 hg19","3/2000","0.294527461267674429","0.9330214993819304","0","0","1.6885327991987982","2.0640338446559578500","CASS4;CD68;CLU"
"TRIM28","TRIM28 K562 hg19","3/2061","0.311014506039417660","0.9330214993819304","0","0","1.6329263848396502","1.9071204020943608448","NLRP6;CASS4;PRDM1"
"GATA3","GATA3 SK-N-SH hg19","2/1185","0.311721158747526095","0.9330214993819304","0","0","1.8694246929541047","2.1790878133507503023","CLU;DDR2"
"SPI1","SPI1 GM12878 hg19","3/2068","0.312912133228809786","0.9330214993819304","0","0","1.6267554479418886","1.8900179221762500870","LAMP3;CD68;DDR2"
"RAD21","RAD21 K562 hg19","3/2100","0.321598960283646318","0.9330214993819304","0","0","1.5990701001430616","1.8140650345411468702","PRDM1;CLU;DHRS3"
"CTCF","CTCF ECC-1 hg19","2/1220","0.324266670496803744","0.9330214993819304","0","0","1.8123249299719888","2.0410204814382235661","CEACAM6;CLU"
"TCF12","TCF12 myocyte mm9","2/1223","0.325340410824178139","0.9330214993819304","0","0","1.8075829840535720","2.0297046140078207621","DHRS3;ATF3"
"SRF","SRF HCT116 hg19","1/413","0.327422053874732999","0.9330214993819304","0","0","2.6387540453074432","2.9461827600064256494","AKAP12"
"TAF1","TAF1 SK-N-SH hg19","2/1241","0.331776677928381170","0.9330214993819304","0","0","1.7796135403313869","1.9634355056506791470","PRDM1;DDR2"
"CTCF","CTCF BJ hg19","3/2158","0.337382356846102238","0.9330214993819304","0","0","1.5509860788863110","1.6852059352785357937","AKAP12;PRDM1;CLU"
"CTCF","CTCF astrocyte of the spinal cord hg19","3/2167","0.339834622916723061","0.9330214993819304","0","0","1.5437557763401109","1.6661697167189517543","AKAP12;PRDM1;CLU"
"FOXA1","FOXA1 ECC-1 hg19","1/435","0.341637598683108112","0.9330214993819304","0","0","2.5021761392729136","2.6873490757355065206","DHRS3"
"CTCF","CTCF BE2C hg19","3/2174","0.341742338790268885","0.9330214993819304","0","0","1.5381736526946108","1.6515343148172503263","AKAP12;PRDM1;CLU"
"PAX5","PAX5 GM12892 hg19","1/436","0.342276947822318489","0.9330214993819304","0","0","2.4962962962962965","2.6763668309997568073","PRDM1"
"CEBPB","CEBPB ECC-1 hg19","2/1273","0.343189307478594940","0.9330214993819304","0","0","1.7318461609663536","1.8521628257202535917","SLPI;CD68"
"TEAD4","TEAD4 A549 hg19","1/447","0.349271076691262283","0.9330214993819304","0","0","2.4333582461385150","2.5596664125788306521","DHRS3"
"CTCF","CTCF HCT116 hg19","4/3149","0.350135596106873004","0.9330214993819304","0","0","1.4275357710651828","1.4981056908152430296","CEACAM6;PRDM1;CLU;DHRS3"
"FOSL2","FOSL2 HepG2 hg19","1/459","0.356820654105774515","0.9330214993819304","0","0","2.3681465308102863","2.4404270823717593153","CLU"
"EP300","EP300 A549 hg19","2/1363","0.375024835251378974","0.9330214993819304","0","0","1.6095431559839219","1.5785804191464427593","CD68;CLU"
"FOSL2","FOSL2 A549 hg19","2/1375","0.379234428762838471","0.9330214993819304","0","0","1.5944475386658670","1.5459774808098680765","CD68;DHRS3"
"CTCF","CTCF fibroblast of the aortic adventitia hg19","3/2332","0.384799721118942339","0.9330214993819304","0","0","1.4211034778875054","1.3571997016141628123","AKAP12;PRDM1;CLU"
"CTCF","CTCF retinal pigment epithelial cell hg19","3/2356","0.391323032776557445","0.9330214993819304","0","0","1.4046961325966851","1.3179166594228357567","AKAP12;PRDM1;CLU"
"REST","REST PFSK-1 hg19","3/2387","0.399735336356438875","0.9330214993819304","0","0","1.3839922399328859","1.2690552965930601559","NLRP6;CD68;DDR2"
"JUND","JUND CH12.LX mm9","2/1454","0.406699076594524866","0.9330214993819304","0","0","1.5012963863231243","1.3506889399303816379","CASS4;LY6G6C"
"TCF7L2","TCF7L2 HepG2 hg19","1/548","0.410278715845699860","0.9330214993819304","0","0","1.9737964655697744","1.7584918959445070552","GREB1"
"CTCF","CTCF fibroblast of pulmonary artery hg19","3/2429","0.411102719359077495","0.9330214993819304","0","0","1.3567858615004122","1.2060634647300962907","AKAP12;PRDM1;CLU"
"FOXM1","FOXM1 ECC-1 hg19","1/578","0.427329233218749382","0.9330214993819304","0","0","1.8682842287694976","1.5884162319016352782","SLPI"
"CTCF","CTCF GM12870 hg19","2/1518","0.428591995087658773","0.9330214993819304","0","0","1.4329504889026852","1.2140671197391570413","PRDM1;CLU"
"NR2C2","NR2C2 GM12878 hg19","1/593","0.435678321061170548","0.9330214993819304","0","0","1.8195382882882880","1.5117653949933804736","DDR2"
"ZNF217","ZNF217 MCF-7 hg19","2/1562","0.443435168911172406","0.9330214993819304","0","0","1.3892156862745098","1.1297152924182989331","GREB1;PRSS22"
"USF1","USF1 H1-hESC hg19","3/2563","0.447055928120331847","0.9330214993819304","0","0","1.2759521484375000","1.0272328036719016175","AKAP12;NEB;CD68"
"NR2F2","NR2F2 MCF-7 hg19","1/616","0.448256633829906326","0.9330214993819304","0","0","1.7494128274616081","1.4037102516141504172","PRSS22"
"EP300","EP300 SK-N-SH hg19","3/2603","0.457671239817535325","0.9330214993819304","0","0","1.2534375000000000","0.9796919763508044054","CLU;DHRS3;DDR2"
"MAX","MAX SK-N-SH hg19","2/1609","0.459087987601515035","0.9330214993819304","0","0","1.3451444049928620","1.0472129350368051259","CD68;DDR2"
"CEBPB","CEBPB GM12878 hg19","1/639","0.460569027972632494","0.9330214993819304","0","0","1.6843434343434345","1.3058588937896735693","CD68"
"CTCF","CTCF GM12867 hg19","2/1619","0.462390219024606697","0.9330214993819304","0","0","1.3360980755938738","1.0305940591683757646","PRDM1;CLU"
"NFIC","NFIC ECC-1 hg19","1/643","0.462683563815401044","0.9330214993819304","0","0","1.6735029421945309","1.2897886423348252638","SLPI"
"SIN3A","SIN3A PFSK-1 hg19","2/1632","0.466667949140953664","0.9330214993819304","0","0","1.3245037892457596","1.0094537469298208165","CD68;DDR2"
"CTCF","CTCF GM12865 hg19","2/1640","0.469291779172686496","0.9330214993819304","0","0","1.3174603174603174","0.9966990095931406168","PRDM1;CLU"
"CTCF","CTCF HEK293 hg19","2/1654","0.473867488257547209","0.9330214993819304","0","0","1.3052983905426578","0.9748328081774135789","PRDM1;CLU"
"CTCF","CTCF fibroblast of upper leg skin hg19","2/1665","0.477448251754246211","0.9330214993819304","0","0","1.2958862438541261","0.9580480498363483921","PRDM1;CLU"
"REST","REST H1-hESC hg19","2/1680","0.482310376419624320","0.9330214993819304","0","0","1.2832503680852556","0.9357043828086983872","AKAP12;NLRP6"
"REST","REST MCF-7 hg19","1/681","0.482383794926062148","0.9330214993819304","0","0","1.5768790849673202","1.1495688636707037666","NLRP6"
"REST","REST Panc1 hg19","1/688","0.485937325207023096","0.9330214993819304","0","0","1.5602458353550055","1.1259913866315287567","NLRP6"
"MYB","MYB MEL cell line mm9","1/692","0.487957524399412423","0.9330214993819304","0","0","1.5508924264351185","1.1128070614663456706","CD68"
"BCL3","BCL3 A549 hg19","2/1712","0.492601555537459546","0.9330214993819304","0","0","1.2570347437220502","0.8900492772645963724","CD68;CLU"
"CTCF","CTCF fibroblast of lung hg19","4/3799","0.500338389108154757","0.9330214993819304","0","0","1.1373561703996486","0.7875857452781152013","AKAP12;CASS4;PRDM1;CLU"
"CTCF","CTCF brain microvascular endothelial cell hg19","2/1747","0.503727805294134523","0.9330214993819304","0","0","1.2294623293443452","0.8430659564577785980","PRDM1;CLU"
"GATA1","GATA1 K562 hg19","1/727","0.505316270525648537","0.9330214993819304","0","0","1.4734465870829507","1.0057315677691387457","CASS4"
"CTCF","CTCF cardiac muscle cell hg19","2/1777","0.513154092203378709","0.9330214993819304","0","0","1.2066942833471417","0.8050812110663573273","PRDM1;CLU"
"TCF7L2","TCF7L2 HeLa-S3 hg19","3/2827","0.515786054144618533","0.9330214993819304","0","0","1.1391421742209631","0.7541841395836789141","SLPI;CD68;ATF3"
"CTCF","CTCF GM12864 hg19","2/1804","0.521548748078567437","0.9330214993819304","0","0","1.1868512110726643","0.7725838012508482455","PRDM1;CLU"
"MBD4","MBD4 HepG2 hg19","2/1809","0.523093944271616706","0.9330214993819304","0","0","1.1832416419805332","0.7667337274607839426","CD68;CLU"
"CTCF","CTCF GM12866 hg19","2/1812","0.524019647163741720","0.9330214993819304","0","0","1.1810854728631783","0.7632482598123836448","PRDM1;CLU"
"CTCF","CTCF GM12872 hg19","2/1823","0.527404781046241000","0.9330214993819304","0","0","1.1732403010627646","0.7506238218560985498","PRDM1;CLU"
"SIN3A","SIN3A H1-hESC hg19","3/2874","0.527643608782979445","0.9330214993819304","0","0","1.1174242424242424","0.7144075414047600381","PRDM1;CD68;DHRS3"
"SMARCC2","SMARCC2 HeLa-S3 hg19","1/779","0.530080208865232771","0.9330214993819304","0","0","1.3712510711225363","0.8703700051278635552","CLU"
"CTCF","CTCF GM12869 hg19","2/1832","0.530163744458304276","0.9330214993819304","0","0","1.1668916747026681","0.7404737129415129848","PRDM1;CLU"
"CTCF","CTCF WERI-Rb-1 hg19","2/1833","0.530469699774943293","0.9330214993819304","0","0","1.1661901243293604","0.7393557211585486399","PRDM1;CLU"
"JUND","JUND GM12878 hg19","1/809","0.543827992224471535","0.9330214993819304","0","0","1.3182755775577557","0.8029910160958716459","ATF3"
"RELA","RELA GM18526 hg19","1/838","0.556754657150525745","0.9330214993819304","0","0","1.2706756936147616","0.7441465790138003245","DDR2"
"GATA1","GATA1 MEL cell line mm9","3/2994","0.557304619920771405","0.9330214993819304","0","0","1.0650702106318957","0.6226861569387134310","NLRP6;DHRS3;ATF3"
"RAD21","RAD21 A549 hg19","3/3040","0.568425985592246885","0.9330214993819304","0","0","1.0460981231478432","0.5909242665987884946","AKAP12;PRDM1;CLU"
"TAL1","TAL1 megakaryocyte mm9","1/869","0.570188714676673647","0.9330214993819304","0","0","1.2233102918586789","0.6872409132663654940","NLRP6"
"SRF","SRF GM12878 hg19","2/1986","0.575842133263798295","0.9330214993819304","0","0","1.0671845351043645","0.5890023348933892677","CD68;DDR2"
"ATF3","ATF3 A549 hg19","2/1991","0.577275703883575075","0.9330214993819304","0","0","1.0642060745866977","0.5847123876551049149","CD68;CLU"
"PML","PML MCF-7 hg19","1/887","0.577811157908864947","0.9330214993819304","0","0","1.1973288186606470","0.6567446513214126869","CD68"
"CTCF","CTCF GM12871 hg19","2/1993","0.577848246075506333","0.9330214993819304","0","0","1.0630188790734778","0.5830063206128485165","PRDM1;CLU"
"EZH2","EZH2 keratinocyte hg19","2/2000","0.579848152645019432","0.9330214993819304","0","0","1.0588824118235882","0.5770792831534320433","LAMP3;GREB1"
"CEBPB","CEBPB HeLa-S3 hg19","2/2000","0.579848152645019432","0.9330214993819304","0","0","1.0588824118235882","0.5770792831534320433","CD68;DDR2"
"RFX5","RFX5 GM12878 hg19","2/2000","0.579848152645019432","0.9330214993819304","0","0","1.0588824118235882","0.5770792831534320433","PRDM1;CD68"
"CTCF","CTCF astrocyte hg19","2/2000","0.579848152645019432","0.9330214993819304","0","0","1.0588824118235882","0.5770792831534320433","PRDM1;CLU"
"POLR2AphosphoS2","POLR2AphosphoS2 A549 hg19","2/2000","0.579848152645019432","0.9330214993819304","0","0","1.0588824118235882","0.5770792831534320433","CD68;DHRS3"
"CTCF","CTCF myotube hg19","2/2000","0.579848152645019432","0.9330214993819304","0","0","1.0588824118235882","0.5770792831534320433","PRDM1;CLU"
"MYC","MYC endothelial cell of umbilical vein hg19","2/2000","0.579848152645019432","0.9330214993819304","0","0","1.0588824118235882","0.5770792831534320433","CD68;CLU"
"CTCF","CTCF kidney hg19","2/2000","0.579848152645019432","0.9330214993819304","0","0","1.0588824118235882","0.5770792831534320433","PRDM1;CLU"
"MAFK","MAFK H1-hESC hg19","2/2000","0.579848152645019432","0.9330214993819304","0","0","1.0588824118235882","0.5770792831534320433","PRSS22;CLU"
"EZH2","EZH2 mammary epithelial cell hg19","2/2000","0.579848152645019432","0.9330214993819304","0","0","1.0588824118235882","0.5770792831534320433","SLPI;CEACAM6"
"CTCF","CTCF lung hg19","2/2000","0.579848152645019432","0.9330214993819304","0","0","1.0588824118235882","0.5770792831534320433","PRDM1;CLU"
"FOS","FOS endothelial cell of umbilical vein hg19","2/2000","0.579848152645019432","0.9330214993819304","0","0","1.0588824118235882","0.5770792831534320433","CD68;CLU"
"TRIM28","TRIM28 HEK293 hg19","2/2000","0.579848152645019432","0.9330214993819304","0","0","1.0588824118235882","0.5770792831534320433","AKAP12;CD68"
"RAD21","RAD21 HeLa-S3 hg19","2/2000","0.579848152645019432","0.9330214993819304","0","0","1.0588824118235882","0.5770792831534320433","CD68;CLU"
"CTCF","CTCF GM19238 hg19","2/2000","0.579848152645019432","0.9330214993819304","0","0","1.0588824118235882","0.5770792831534320433","PRDM1;CLU"
"RELA","RELA GM19099 hg19","2/2000","0.579848152645019432","0.9330214993819304","0","0","1.0588824118235882","0.5770792831534320433","PRDM1;CD68"
"CHD2","CHD2 CH12.LX mm9","2/2000","0.579848152645019432","0.9330214993819304","0","0","1.0588824118235882","0.5770792831534320433","CD68;ATF3"
"CTCF","CTCF HL-60 hg19","2/2000","0.579848152645019432","0.9330214993819304","0","0","1.0588824118235882","0.5770792831534320433","PRDM1;CLU"
"POLR2A","POLR2A cerebellum mm9","2/2000","0.579848152645019432","0.9330214993819304","0","0","1.0588824118235882","0.5770792831534320433","AKAP12;CD68"
"CTCF","CTCF GM10266 hg19","2/2000","0.579848152645019432","0.9330214993819304","0","0","1.0588824118235882","0.5770792831534320433","PRDM1;CLU"
"EZH2","EZH2 T-cell acute lymphoblastic leukemia hg19","2/2000","0.579848152645019432","0.9330214993819304","0","0","1.0588824118235882","0.5770792831534320433","PRDM1;DHRS3"
"ZNF143","ZNF143 HeLa-S3 hg19","2/2000","0.579848152645019432","0.9330214993819304","0","0","1.0588824118235882","0.5770792831534320433","CD68;CLU"
"CTCF","CTCF NB4 hg19","2/2000","0.579848152645019432","0.9330214993819304","0","0","1.0588824118235882","0.5770792831534320433","PRDM1;CLU"
"ZKSCAN1","ZKSCAN1 HeLa-S3 hg19","2/2000","0.579848152645019432","0.9330214993819304","0","0","1.0588824118235882","0.5770792831534320433","PRDM1;CD68"
"SIN3A","SIN3A CH12.LX mm9","2/2000","0.579848152645019432","0.9330214993819304","0","0","1.0588824118235882","0.5770792831534320433","CASS4;CD68"
"CTCF","CTCF fibroblast of dermis hg19","2/2000","0.579848152645019432","0.9330214993819304","0","0","1.0588824118235882","0.5770792831534320433","PRDM1;CLU"
"EZH2","EZH2 skeletal muscle myoblast hg19","2/2000","0.579848152645019432","0.9330214993819304","0","0","1.0588824118235882","0.5770792831534320433","NLRP6;LAMP3"
"MXI1","MXI1 K562 hg19","2/2000","0.579848152645019432","0.9330214993819304","0","0","1.0588824118235882","0.5770792831534320433","CASS4;PRDM1"
"CTCF","CTCF HGPS cell hg19","2/2000","0.579848152645019432","0.9330214993819304","0","0","1.0588824118235882","0.5770792831534320433","PRDM1;CLU"
"CTCF","CTCF GM12891 hg19","2/2000","0.579848152645019432","0.9330214993819304","0","0","1.0588824118235882","0.5770792831534320433","PRDM1;CLU"
"CTCF","CTCF skeletal muscle myoblast hg19","2/2000","0.579848152645019432","0.9330214993819304","0","0","1.0588824118235882","0.5770792831534320433","PRDM1;CLU"
"BHLHE40","BHLHE40 K562 hg19","2/2000","0.579848152645019432","0.9330214993819304","0","0","1.0588824118235882","0.5770792831534320433","PRDM1;CD68"
"CTCF","CTCF GM13976 hg19","2/2000","0.579848152645019432","0.9330214993819304","0","0","1.0588824118235882","0.5770792831534320433","PRDM1;CLU"
"CEBPB","CEBPB H1-hESC hg19","2/2000","0.579848152645019432","0.9330214993819304","0","0","1.0588824118235882","0.5770792831534320433","CD68;DDR2"
"ZNF384","ZNF384 GM12878 hg19","2/2000","0.579848152645019432","0.9330214993819304","0","0","1.0588824118235882","0.5770792831534320433","CASS4;DHRS3"
"GATA3","GATA3 SH-SY5Y hg19","2/2000","0.579848152645019432","0.9330214993819304","0","0","1.0588824118235882","0.5770792831534320433","CLU;ATF3"
"HDAC1","HDAC1 K562 hg19","2/2000","0.579848152645019432","0.9330214993819304","0","0","1.0588824118235882","0.5770792831534320433","LAMP3;PRDM1"
"CTCF","CTCF limb mm9","2/2000","0.579848152645019432","0.9330214993819304","0","0","1.0588824118235882","0.5770792831534320433","PRDM1;CLU"
"CTCF","CTCF GM12892 hg19","2/2000","0.579848152645019432","0.9330214993819304","0","0","1.0588824118235882","0.5770792831534320433","PRDM1;CLU"
"ZC3H11A","ZC3H11A K562 hg19","2/2000","0.579848152645019432","0.9330214993819304","0","0","1.0588824118235882","0.5770792831534320433","CD68;CLU"
"EZH2","EZH2 H1-hESC hg19","2/2000","0.579848152645019432","0.9330214993819304","0","0","1.0588824118235882","0.5770792831534320433","PRSS22;CLU"
"MAX","MAX CH12.LX mm9","2/2000","0.579848152645019432","0.9330214993819304","0","0","1.0588824118235882","0.5770792831534320433","SLPI;CD68"
"CTCF","CTCF GM19239 hg19","2/2000","0.579848152645019432","0.9330214993819304","0","0","1.0588824118235882","0.5770792831534320433","PRDM1;CLU"
"CTCF","CTCF heart mm9","2/2000","0.579848152645019432","0.9330214993819304","0","0","1.0588824118235882","0.5770792831534320433","PRDM1;CLU"
"USF2","USF2 HeLa-S3 hg19","2/2000","0.579848152645019432","0.9330214993819304","0","0","1.0588824118235882","0.5770792831534320433","CEACAM6;CD68"
"CHD2","CHD2 H1-hESC hg19","2/2000","0.579848152645019432","0.9330214993819304","0","0","1.0588824118235882","0.5770792831534320433","CD68;CLU"
"CTBP2","CTBP2 H1-hESC hg19","2/2000","0.579848152645019432","0.9330214993819304","0","0","1.0588824118235882","0.5770792831534320433","PRDM1;CLU"
"PHF8","PHF8 K562 hg19","2/2000","0.579848152645019432","0.9330214993819304","0","0","1.0588824118235882","0.5770792831534320433","PRDM1;DHRS3"
"GATA2","GATA2 endothelial cell of umbilical vein hg19","2/2000","0.579848152645019432","0.9330214993819304","0","0","1.0588824118235882","0.5770792831534320433","CLU;DDR2"
"CTCF","CTCF H54 hg19","2/2000","0.579848152645019432","0.9330214993819304","0","0","1.0588824118235882","0.5770792831534320433","PRDM1;CLU"
"CTCF","CTCF thymus mm9","2/2000","0.579848152645019432","0.9330214993819304","0","0","1.0588824118235882","0.5770792831534320433","PRDM1;CLU"
"CTCF","CTCF brain mm9","2/2000","0.579848152645019432","0.9330214993819304","0","0","1.0588824118235882","0.5770792831534320433","PRDM1;CLU"
"SMC3","SMC3 SK-N-SH hg19","2/2000","0.579848152645019432","0.9330214993819304","0","0","1.0588824118235882","0.5770792831534320433","CLU;DHRS3"
"CTCF","CTCF CD14-positive monocyte hg19","2/2000","0.579848152645019432","0.9330214993819304","0","0","1.0588824118235882","0.5770792831534320433","PRDM1;CLU"
"SMC3","SMC3 CH12.LX mm9","2/2000","0.579848152645019432","0.9330214993819304","0","0","1.0588824118235882","0.5770792831534320433","PRDM1;CLU"
"ZNF143","ZNF143 H1-hESC hg19","2/2000","0.579848152645019432","0.9330214993819304","0","0","1.0588824118235882","0.5770792831534320433","PRDM1;CLU"
"POLR2A","POLR2A HGPS cell hg19","2/2000","0.579848152645019432","0.9330214993819304","0","0","1.0588824118235882","0.5770792831534320433","PRDM1;DDR2"
"EZH2","EZH2 GM12878 hg19","2/2000","0.579848152645019432","0.9330214993819304","0","0","1.0588824118235882","0.5770792831534320433","PRSS22;CD68"
"MAZ","MAZ K562 hg19","2/2000","0.579848152645019432","0.9330214993819304","0","0","1.0588824118235882","0.5770792831534320433","CD68;CLU"
"CUX1","CUX1 K562 hg19","2/2000","0.579848152645019432","0.9330214993819304","0","0","1.0588824118235882","0.5770792831534320433","PRDM1;CD68"
"JUN","JUN HepG2 hg19","2/2000","0.579848152645019432","0.9330214993819304","0","0","1.0588824118235882","0.5770792831534320433","CLU;DHRS3"
"NELFE","NELFE CH12.LX mm9","2/2000","0.579848152645019432","0.9330214993819304","0","0","1.0588824118235882","0.5770792831534320433","PRDM1;CLU"
"MAZ","MAZ CH12.LX mm9","2/2000","0.579848152645019432","0.9330214993819304","0","0","1.0588824118235882","0.5770792831534320433","CASS4;CLU"
"CTCF","CTCF GM10248 hg19","2/2000","0.579848152645019432","0.9330214993819304","0","0","1.0588824118235882","0.5770792831534320433","PRDM1;CLU"
"CTCF","CTCF kidney mm9","2/2000","0.579848152645019432","0.9330214993819304","0","0","1.0588824118235882","0.5770792831534320433","PRDM1;CLU"
"EZH2","EZH2 B cell hg19","2/2000","0.579848152645019432","0.9330214993819304","0","0","1.0588824118235882","0.5770792831534320433","AKAP12;DHRS3"
"MXI1","MXI1 HeLa-S3 hg19","2/2000","0.579848152645019432","0.9330214993819304","0","0","1.0588824118235882","0.5770792831534320433","SLPI;CD68"
"CTCF","CTCF liver mm9","2/2000","0.579848152645019432","0.9330214993819304","0","0","1.0588824118235882","0.5770792831534320433","PRDM1;CLU"
"ARID3A","ARID3A HepG2 hg19","2/2000","0.579848152645019432","0.9330214993819304","0","0","1.0588824118235882","0.5770792831534320433","CASS4;CD68"
"CHD1","CHD1 K562 hg19","2/2000","0.579848152645019432","0.9330214993819304","0","0","1.0588824118235882","0.5770792831534320433","SLPI;DHRS3"
"CTCF","CTCF olfactory bulb mm9","2/2000","0.579848152645019432","0.9330214993819304","0","0","1.0588824118235882","0.5770792831534320433","PRDM1;CLU"
"RAD21","RAD21 IMR-90 hg19","2/2000","0.579848152645019432","0.9330214993819304","0","0","1.0588824118235882","0.5770792831534320433","PRDM1;CLU"
"CTCF","CTCF pancreas hg19","2/2000","0.579848152645019432","0.9330214993819304","0","0","1.0588824118235882","0.5770792831534320433","PRDM1;CLU"
"CTCF","CTCF cerebellum mm9","2/2000","0.579848152645019432","0.9330214993819304","0","0","1.0588824118235882","0.5770792831534320433","CLU;ATF3"
"CTCF","CTCF small intestine mm9","2/2000","0.579848152645019432","0.9330214993819304","0","0","1.0588824118235882","0.5770792831534320433","PRDM1;CLU"
"MYC","MYC CH12.LX mm9","2/2000","0.579848152645019432","0.9330214993819304","0","0","1.0588824118235882","0.5770792831534320433","SLPI;CD68"
"ZNF143","ZNF143 GM12878 hg19","2/2000","0.579848152645019432","0.9330214993819304","0","0","1.0588824118235882","0.5770792831534320433","PRDM1;CLU"
"CTCF","CTCF spleen mm9","2/2000","0.579848152645019432","0.9330214993819304","0","0","1.0588824118235882","0.5770792831534320433","PRDM1;CLU"
"CTCF","CTCF GM19240 hg19","2/2000","0.579848152645019432","0.9330214993819304","0","0","1.0588824118235882","0.5770792831534320433","PRDM1;CLU"
"CTCF","CTCF osteoblast hg19","2/2000","0.579848152645019432","0.9330214993819304","0","0","1.0588824118235882","0.5770792831534320433","PRDM1;CLU"
"CTCF","CTCF skin fibroblast hg19","2/2000","0.579848152645019432","0.9330214993819304","0","0","1.0588824118235882","0.5770792831534320433","PRDM1;CLU"
"JUN","JUN H1-hESC hg19","2/2000","0.579848152645019432","0.9330214993819304","0","0","1.0588824118235882","0.5770792831534320433","PRDM1;CLU"
"CTCF","CTCF lung mm9","2/2000","0.579848152645019432","0.9330214993819304","0","0","1.0588824118235882","0.5770792831534320433","CLU;ATF3"
"SMC3","SMC3 K562 hg19","2/2000","0.579848152645019432","0.9330214993819304","0","0","1.0588824118235882","0.5770792831534320433","PRDM1;CLU"
"SUZ12","SUZ12 K562 hg19","2/2000","0.579848152645019432","0.9330214993819304","0","0","1.0588824118235882","0.5770792831534320433","AKAP12;PRSS22"
"MYC","MYC NB4 hg19","2/2000","0.579848152645019432","0.9330214993819304","0","0","1.0588824118235882","0.5770792831534320433","GREB1;CD68"
"SAP30","SAP30 H1-hESC hg19","2/2000","0.579848152645019432","0.9330214993819304","0","0","1.0588824118235882","0.5770792831534320433","CD68;DHRS3"
"GTF2F1","GTF2F1 H1-hESC hg19","2/2000","0.579848152645019432","0.9330214993819304","0","0","1.0588824118235882","0.5770792831534320433","PRDM1;PRSS22"
"CTCF","CTCF GM13977 hg19","2/2000","0.579848152645019432","0.9330214993819304","0","0","1.0588824118235882","0.5770792831534320433","PRDM1;CLU"
"BHLHE40","BHLHE40 GM12878 hg19","2/2000","0.579848152645019432","0.9330214993819304","0","0","1.0588824118235882","0.5770792831534320433","LAMP3;CD68"
"PAX5","PAX5 GM12891 hg19","1/907","0.586130287600115429","0.9330214993819304","0","0","1.1696713269560952","0.6248538395128869771","CD68"
"CTCF","CTCF bronchial epithelial cell hg19","2/2023","0.586375449840996765","0.9330214993819304","0","0","1.0454929126524437","0.5580788842679279549","PRDM1;CLU"
"EP300","EP300 HepG2 hg19","3/3119","0.587184513677630138","0.9330214993819304","0","0","1.0148226893453145","0.5403080147617352891","GREB1;CD68;CLU"
"CTCF","CTCF A549 hg19","5/5283","0.590678310242227500","0.9330214993819304","0","0","0.9948979591836736","0.5237975826304165361","AKAP12;PRDM1;CD68;CLU;DHRS3"
"CTCF","CTCF epithelial cell of proximal tubule hg19","2/2051","0.594230651129444842","0.9330214993819304","0","0","1.0295983693623862","0.5358933216067967020","PRDM1;CLU"
"JUND","JUND HepG2 hg19","3/3153","0.595120694933875316","0.9330214993819304","0","0","1.0018452380952381","0.5199487074271677001","CD68;CLU;ATF3"
"CTCF","CTCF GM12873 hg19","2/2055","0.595344630153328946","0.9330214993819304","0","0","1.0273631128047906","0.5328057468890050608","PRDM1;CLU"
"CTCF","CTCF fibroblast of pedal digit skin hg19","2/2060","0.596734217303476977","0.9330214993819304","0","0","1.0245812610758589","0.5289743604310837011","PRDM1;CLU"
"MYOD1","MYOD1 myocyte mm9","3/3164","0.597670215031404717","0.9330214993819304","0","0","0.9977064220183486","0.5135356153884879093","PRDM1;CLU;ATF3"
"CTCF","CTCF GM12874 hg19","2/2065","0.598120594841162423","0.9330214993819304","0","0","1.0218128938439166","0.5251738995281967082","PRDM1;CLU"
"CTCF","CTCF GM12875 hg19","2/2082","0.602810236281724254","0.9330214993819304","0","0","1.0125000000000000","0.5124797415395235811","PRDM1;CLU"
"GATA2","GATA2 K562 hg19","1/951","0.603889014796736734","0.9330214993819304","0","0","1.1129239766081871","0.5613197325958209083","CASS4"
"RAD21","RAD21 MEL cell line mm9","3/3199","0.605722779730266447","0.9330214993819304","0","0","0.9847270025031289","0.4936760013036292083","PRDM1;CLU;ATF3"
"SIN3A","SIN3A SK-N-SH hg19","1/970","0.611332219661687937","0.9330214993819304","0","0","1.0900126132324277","0.5364112699914280746","CD68"
"ZNF274","ZNF274 K562 hg19","1/974","0.612882233979272772","0.9330214993819304","0","0","1.0853031860226106","0.5313454207290176923","CASS4"
"TAL1","TAL1 G1E mm9","1/983","0.616348381934864742","0.9330214993819304","0","0","1.0748472505091651","0.5201647172078172066","NLRP6"
"CTCF","CTCF Caco-2 hg19","2/2152","0.621727492964690098","0.9330214993819304","0","0","0.9757045143638852","0.4637068843807943819","PRDM1;CLU"
"REST","REST HepG2 hg19","1/1002","0.623569493105814554","0.9330214993819304","0","0","1.0533910533910531","0.4975113945654650038","NLRP6"
"BCLAF1","BCLAF1 K562 hg19","1/1007","0.625448273803294486","0.9330214993819304","0","0","1.0478793903247183","0.4917558068586497244","CD68"
"TCF12","TCF12 GM12878 hg19","1/1023","0.631400853993543398","0.9330214993819304","0","0","1.0306044792346165","0.4738867290556287859","PRDM1"
"POLR2A","POLR2A endothelial cell of umbilical vein hg19","4/4459","0.640198262441497801","0.9330214993819304","0","0","0.9293527871305648","0.4144703076590181001","LAMP3;PRDM1;CD68;CLU"
"CTCF","CTCF kidney epithelial cell hg19","2/2227","0.641290914262784284","0.9330214993819304","0","0","0.9388499669530732","0.4171048282025981435","PRDM1;CLU"
"CTCF","CTCF keratinocyte hg19","3/3361","0.641779233646723624","0.9330214993819304","0","0","0.9281752531268612","0.4116558486053870092","PRDM1;PRSS22;CLU"
"NR2C2","NR2C2 HeLa-S3 hg19","1/1055","0.643038197607350370","0.9330214993819304","0","0","0.9976280834914611","0.4405038287448785339","DDR2"
"REST","REST ECC-1 hg19","1/1057","0.643753851177436998","0.9330214993819304","0","0","0.9956334175084176","0.4385156320630438920","NLRP6"
"CTCF","CTCF fibroblast of gingiva hg19","2/2237","0.643844139120100301","0.9330214993819304","0","0","0.9341229109093302","0.4112930119275966523","PRDM1;CLU"
"CTCF","CTCF GM06990 hg19","2/2240","0.644607571924258105","0.9330214993819304","0","0","0.9327130315933344","0.4095669425292239318","PRDM1;CLU"
"CTCF","CTCF G1E mm9","2/2246","0.646130928319947229","0.9330214993819304","0","0","0.9299045821537172","0.4061387278532215817","CLU;DHRS3"
"MYC","MYC MCF 10A hg19","3/3382","0.646303009695760600","0.9330214993819304","0","0","0.9212414915655520","0.4021097782395857689","PRDM1;CD68;CLU"
"SRF","SRF H1-hESC hg19","1/1073","0.649430345454999225","0.9330214993819304","0","0","0.9799440298507462","0.4230023380592932702","AKAP12"
"SPI1","SPI1 GM12891 hg19","1/1074","0.649782266044487189","0.9330214993819304","0","0","0.9789789789789790","0.4220554080879205805","PRDM1"
"CTCF","CTCF fibroblast of foreskin  hg19","2/2261","0.649918852075401010","0.9330214993819304","0","0","0.9229487279639612","0.3977057752811438140","PRDM1;CLU"
"FOXA1","FOXA1 HepG2 hg19","2/2272","0.652678085503843541","0.9330214993819304","0","0","0.9179061933143300","0.3916441820104247240","GREB1;CD68"
"TBL1XR1","TBL1XR1 K562 hg19","3/3414","0.653128680280363971","0.9330214993819304","0","0","0.9108399296394020","0.3880006033181335745","PRDM1;CD68;CLU"
"TCF12","TCF12 A549 hg19","1/1098","0.658128636282492518","0.9330214993819304","0","0","0.9563455889800466","0.4000918354074092242","CD68"
"CTCF","CTCF fibroblast of skin of abdomen hg19","2/2317","0.663802336600401888","0.9330214993819304","0","0","0.8977766484563587","0.3678827090257505428","PRDM1;CLU"
"CTCF","CTCF fibroblast of villous mesenchyme hg19","2/2341","0.669627989002386403","0.9330214993819304","0","0","0.8873575937429269","0.3558596433689008021","PRDM1;CLU"
"NFIC","NFIC GM12878 hg19","1/1143","0.673272703605555023","0.9330214993819304","0","0","0.9164720762794318","0.3625607757749201854","CD68"
"REST","REST GM12878 hg19","1/1149","0.675243217681993912","0.9330214993819304","0","0","0.9113917924893534","0.3578874530899919248","NLRP6"
"ELF1","ELF1 GM12878 hg19","1/1161","0.679150519245028006","0.9330214993819304","0","0","0.9013888888888888","0.3487586268160201564","PRDM1"
"CTCF","CTCF K562 hg19","4/4670","0.680117156357698094","0.9330214993819304","0","0","0.8752678954136305","0.3374072020877600386","AKAP12;PRDM1;CLU;DHRS3"
"JUND","JUND H1-hESC hg19","2/2394","0.682229512885122791","0.9330214993819304","0","0","0.8650895140664961","0.3308008427422106101","PRDM1;CD68"
"TAF1","TAF1 HeLa-S3 hg19","1/1173","0.683013256165563409","0.9330214993819304","0","0","0.8915908229048161","0.3399109866024929150","PRDM1"
"CEBPB","CEBPB HepG2 hg19","3/3621","0.695272155992982421","0.9330214993819304","0","0","0.8479995854063018","0.3082070763832578386","SLPI;CASS4;CD68"
"MYOG","MYOG myocyte mm9","3/3623","0.695662146871509735","0.9330214993819304","0","0","0.8474274861878454","0.3075239414992840259","PRDM1;CD68;DHRS3"
"CTCF","CTCF T47D hg19","1/1219","0.697416161037984761","0.9330214993819304","0","0","0.8558201058201058","0.3084144348090772647","CLU"
"GTF3C2","GTF3C2 HeLa-S3 hg19","1/1236","0.702580323779593230","0.9330214993819304","0","0","0.8432748538011696","0.2976722661054542196","SLPI"
"SPI1","SPI1 HL-60 hg19","1/1245","0.705280376688107280","0.9330214993819304","0","0","0.8367720614505181","0.2921672139875703955","PRDM1"
"CTCF","CTCF mammary epithelial cell hg19","2/2522","0.711180802927223077","0.9330214993819304","0","0","0.8151727357609710","0.2778341722253139801","PRDM1;CLU"
"CTCF","CTCF G1E-ER4 mm9","2/2540","0.715085727226093537","0.9330214993819304","0","0","0.8085569925369676","0.2711518879997421583","PRDM1;CLU"
"YY1","YY1 GM12891 hg19","1/1281","0.715850140532414914","0.9330214993819304","0","0","0.8116753472222222","0.2713304347362749391","CD68"
"TCF12","TCF12 ECC-1 hg19","1/1285","0.717002133565559530","0.9330214993819304","0","0","0.8089736933194878","0.2691265067131150546","PRSS22"
"RELA","RELA GM12892 hg19","1/1302","0.721848925141122866","0.9330214993819304","0","0","0.7976770005978308","0.2599943685053204279","DDR2"
"CTCF","CTCF CH12.LX mm9","3/3777","0.724693230230160301","0.9330214993819304","0","0","0.8051967408585056","0.2592788616365934162","PRDM1;CLU;DHRS3"
"STAT3","STAT3 MCF 10A hg19","3/3788","0.726691357960111528","0.9330214993819304","0","0","0.8023117569352708","0.2561407832193859924","PRDM1;CD68;CLU"
"ELF1","ELF1 K562 hg19","1/1323","0.727727598255439201","0.9330214993819304","0","0","0.7841233820810221","0.2492167418972121018","PRDM1"
"POLR2A","POLR2A ECC-1 hg19","1/1329","0.729385477074095956","0.9330214993819304","0","0","0.7803296519410977","0.2462352936699108708","PRSS22"
"POLR2AphosphoS5","POLR2AphosphoS5 SK-N-SH hg19","1/1331","0.729935974901434581","0.9330214993819304","0","0","0.7790726817042607","0.2452508759882745248","PRDM1"
"EP300","EP300 H1-hESC hg19","2/2611","0.730094349661518982","0.9330214993819304","0","0","0.7833517462178432","0.2464279728986371876","AKAP12;CLU"
"PBX3","PBX3 GM12878 hg19","1/1334","0.730759732677286666","0.9330214993819304","0","0","0.7771942985746436","0.2437829680092347684","CD68"
"HDAC2","HDAC2 K562 hg19","2/2623","0.732569384160966619","0.9330214993819304","0","0","0.7792266086136859","0.2424931544852171883","NEB;PRDM1"
"SP1","SP1 GM12878 hg19","1/1356","0.736728294393547700","0.9330214993819304","0","0","0.7636736367363673","0.2333298792195802052","CD68"
"TEAD4","TEAD4 K562 hg19","1/1358","0.737264630094359052","0.9330214993819304","0","0","0.7624662245148612","0.2324061002961541611","CLU"
"CTCF","CTCF LNCaP clone FGC hg19","2/2661","0.740290611150278832","0.9330214993819304","0","0","0.7664093091166515","0.2304688226618815117","PRDM1;CLU"
"POLR2AphosphoS5","POLR2AphosphoS5 MEL cell line mm9","2/2661","0.740290611150278832","0.9330214993819304","0","0","0.7664093091166515","0.2304688226618815117","CD68;ATF3"
"ATF3","ATF3 H1-hESC hg19","1/1386","0.744665485632836965","0.9330214993819304","0","0","0.7459286000802247","0.2199147996763896884","CLU"
"CTCF","CTCF H1-hESC hg19","3/3890","0.744740392804014051","0.9330214993819304","0","0","0.7763377926421404","0.2288019539040103134","AKAP12;PRDM1;CLU"
"RAD21","RAD21 HepG2 hg19","2/2685","0.745076635385053976","0.9330214993819304","0","0","0.7585012387362697","0.2232027939205445954","AKAP12;CLU"
"POLR2A","POLR2A GM12892 hg19","2/2690","0.746064956010969671","0.9330214993819304","0","0","0.7568714985994398","0.2217199123616324929","PRDM1;CD68"
"RAD21","RAD21 GM12878 hg19","2/2690","0.746064956010969671","0.9330214993819304","0","0","0.7568714985994398","0.2217199123616324929","PRDM1;CLU"
"ZMIZ1","ZMIZ1 MEL cell line mm9","1/1392","0.746225477676226712","0.9330214993819304","0","0","0.7424714434060229","0.2173417912966742749","CD68"
"NR2F2","NR2F2 K562 hg19","1/1392","0.746225477676226712","0.9330214993819304","0","0","0.7424714434060229","0.2173417912966742749","CASS4"
"FOXA2","FOXA2 A549 hg19","1/1410","0.750851457444166703","0.9330214993819304","0","0","0.7322766343348316","0.2098319947930614715","CD68"
"TCF3","TCF3 GM12878 hg19","1/1413","0.751614644199073867","0.9330214993819304","0","0","0.7306027699087189","0.2086101249606887309","PRDM1"
"HDAC2","HDAC2 H1-hESC hg19","2/2723","0.752512500548443541","0.9330214993819304","0","0","0.7462654300970664","0.2121913739480139061","PRDM1;DHRS3"
"USF1","USF1 SK-N-SH hg19","2/2726","0.753092176021116222","0.9330214993819304","0","0","0.7453139846246869","0.2113469328658944824","PRDM1;CD68"
"ATF3","ATF3 K562 hg19","1/1433","0.756646239698157030","0.9330214993819304","0","0","0.7196229050279329","0.2006736500457911021","CLU"
"CTCF","CTCF foreskin fibroblast hg19","2/2745","0.756738572472793081","0.9330214993819304","0","0","0.7393364928909952","0.2060807554050085311","PRDM1;CLU"
"RAD21","RAD21 H1-hESC hg19","2/2750","0.757691027437810805","0.9330214993819304","0","0","0.7377772069526500","0.2047181183388858683","PRDM1;CLU"
"POLR2AphosphoS5","POLR2AphosphoS5 HL-60 hg19","1/1459","0.763043062039160391","0.9330214993819304","0","0","0.7057994208199969","0.1908769681179678379","PRDM1"
"CTCF","CTCF GM12868 hg19","1/1468","0.765219987702391746","0.9330214993819304","0","0","0.7011285313943800","0.1876163304930251463","PRDM1"
"FOS","FOS MCF 10A hg19","3/4017","0.766010555400650994","0.9330214993819304","0","0","0.7458426756352765","0.1988113234851317246","GREB1;CD68;ATF3"
"BCLAF1","BCLAF1 GM12878 hg19","1/1490","0.770461874092369881","0.9330214993819304","0","0","0.6899485113051265","0.1799144977067027029","CD68"
"NFIC","NFIC HepG2 hg19","1/1493","0.771168026076654023","0.9330214993819304","0","0","0.6884495084897230","0.1788929139275726443","CLU"
"NFATC1","NFATC1 GM12878 hg19","1/1532","0.780162734009362868","0.9330214993819304","0","0","0.6694970607446113","0.1662044849163450133","CD68"
"TAF1","TAF1 K562 hg19","1/1543","0.782638496941835071","0.9330214993819304","0","0","0.6643248306672431","0.1628156387991230858","CD68"
"SPI1","SPI1 K562 hg19","1/1543","0.782638496941835071","0.9330214993819304","0","0","0.6643248306672431","0.1628156387991230858","CD68"
"CTCF","CTCF epithelial cell of esophagus hg19","1/1548","0.783755090405951482","0.9330214993819304","0","0","0.6619981325863679","0.1613015991720590236","CLU"
"JUN","JUN K562 hg19","3/4156","0.787781634315462997","0.9330214993819304","0","0","0.7146039007946063","0.1704575707952145358","CASS4;CLU;ATF3"
"MYBL2","MYBL2 HepG2 hg19","1/1595","0.793988771058655396","0.9330214993819304","0","0","0.6408406524466750","0.1478329411670005200","CD68"
"SRF","SRF ECC-1 hg19","1/1602","0.795473097695565512","0.9330214993819304","0","0","0.6377958220556597","0.1459393237858083447","AKAP12"
"USF1","USF1 HepG2 hg19","1/1608","0.796737307985071141","0.9330214993819304","0","0","0.6352070801355182","0.1443382671430429032","CD68"
"MYC","MYC H1-hESC hg19","2/2971","0.796904867357568603","0.9330214993819304","0","0","0.6741029857547600","0.1530348400965006461","CLU;DDR2"
"SIN3A","SIN3A A549 hg19","1/1628","0.800898087904563516","0.9330214993819304","0","0","0.6267158369186642","0.1391444347389035885","CD68"
"REST","REST SK-N-SH hg19","1/1645","0.804371181938837387","0.9330214993819304","0","0","0.6196607191132738","0.1348966977369627784","DDR2"
"FOXM1","FOXM1 GM12878 hg19","1/1648","0.804978091630362713","0.9330214993819304","0","0","0.6184308169736221","0.1341625158192292777","CD68"
"CTCF","CTCF astrocyte of the cerebellum hg19","1/1663","0.807985977933142419","0.9330214993819304","0","0","0.6123479074742613","0.1305590492412303516","CLU"
"SRF","SRF myocyte mm9","1/1668","0.808978801821243265","0.9330214993819304","0","0","0.6103445977471172","0.1293824134908608536","ATF3"
"MYC","MYC HeLa-S3 hg19","2/3080","0.814252201178790824","0.9330214993819304","0","0","0.6460650537017926","0.1327567625231900195","SLPI;PRDM1"
"POLR2AphosphoS5","POLR2AphosphoS5 GM12892 hg19","1/1702","0.815602141657350455","0.9330214993819304","0","0","0.5970344241949180","0.1216926994435035825","PRDM1"
"MAFK","MAFK HepG2 hg19","2/3120","0.820304067959846339","0.9330214993819304","0","0","0.6362675923480361","0.1260320074113907285","CASS4;CD68"
"SP1","SP1 H1-hESC hg19","1/1727","0.820332801082097496","0.9330214993819304","0","0","0.5875820780224025","0.1163677902290619209","CLU"
"MAX","MAX H1-hESC hg19","2/3145","0.824002990989501471","0.9330214993819304","0","0","0.6302708165671614","0.1220085300938830858","AKAP12;PRDM1"
"RAD21","RAD21 SK-N-SH hg19","2/3228","0.835833099099323018","0.9330214993819304","0","0","0.6110280441997009","0.1095734155045252622","PRDM1;CLU"
"CHD2","CHD2 MEL cell line mm9","1/1826","0.837960922222531157","0.9330214993819304","0","0","0.5526940639269406","0.0977073633692123605","CD68"
"CTCF","CTCF HeLa-S3 hg19","2/3275","0.842232517135069969","0.9330214993819304","0","0","0.6005643320572959","0.1031163878841605264","PRDM1;CLU"
"ELF1","ELF1 MCF-7 hg19","1/1859","0.843463448411144401","0.9330214993819304","0","0","0.5418909221385002","0.0922508121828928968","PRSS22"
"ETS1","ETS1 MEL cell line mm9","1/1902","0.850368138351407565","0.9330214993819304","0","0","0.5283768776667251","0.0856424519626598352","ATF3"
"IRF4","IRF4 GM12878 hg19","1/1912","0.851932003209196265","0.9330214993819304","0","0","0.5253212396069539","0.0841819741688801110","CD68"
"EGR1","EGR1 K562 hg19","1/1915","0.852398134911966476","0.9330214993819304","0","0","0.5244107744107744","0.0837492223219222509","CD68"
"USF1","USF1 K562 hg19","1/1928","0.854402021626360364","0.9330214993819304","0","0","0.5204981837052413","0.0819021821365928243","CD68"
"POLR2AphosphoS5","POLR2AphosphoS5 G1E-ER4 mm9","1/1944","0.856832970019011930","0.9330214993819304","0","0","0.5157545605306799","0.0796904131580461056","CD68"
"TCF3","TCF3 myocyte mm9","1/1987","0.863177043596076388","0.9330214993819304","0","0","0.5033848047443213","0.0740657547670097449","ATF3"
"TAF1","TAF1 GM12891 hg19","1/1993","0.864040792847919237","0.9330214993819304","0","0","0.5017012494422133","0.0733162612672382530","CD68"
"TFAP2A","TFAP2A HeLa-S3 hg19","1/1995","0.864327559520736921","0.9330214993819304","0","0","0.5011423158363981","0.0730682847089705184","SLPI"
"POLR2AphosphoS2","POLR2AphosphoS2 MEL cell line mm9","1/2000","0.865041971235676610","0.9330214993819304","0","0","0.4997498749374687","0.0724523633397128608","CD68"
"POLR2A","POLR2A GM18505 hg19","1/2000","0.865041971235676610","0.9330214993819304","0","0","0.4997498749374687","0.0724523633397128608","PRDM1"
"KDM5A","KDM5A H1-hESC hg19","1/2000","0.865041971235676610","0.9330214993819304","0","0","0.4997498749374687","0.0724523633397128608","NEB"
"HDAC6","HDAC6 H1-hESC hg19","1/2000","0.865041971235676610","0.9330214993819304","0","0","0.4997498749374687","0.0724523633397128608","DHRS3"
"MAZ","MAZ GM12878 hg19","1/2000","0.865041971235676610","0.9330214993819304","0","0","0.4997498749374687","0.0724523633397128608","CLU"
"MYC","MYC MEL cell line mm9","1/2000","0.865041971235676610","0.9330214993819304","0","0","0.4997498749374687","0.0724523633397128608","CD68"
"ATF1","ATF1 K562 hg19","1/2000","0.865041971235676610","0.9330214993819304","0","0","0.4997498749374687","0.0724523633397128608","CASS4"
"EP300","EP300 heart mm9","1/2000","0.865041971235676610","0.9330214993819304","0","0","0.4997498749374687","0.0724523633397128608","DHRS3"
"RFX5","RFX5 K562 hg19","1/2000","0.865041971235676610","0.9330214993819304","0","0","0.4997498749374687","0.0724523633397128608","CD68"
"POLR2A","POLR2A cortical plate mm9","1/2000","0.865041971235676610","0.9330214993819304","0","0","0.4997498749374687","0.0724523633397128608","CD68"
"MXI1","MXI1 MEL cell line mm9","1/2000","0.865041971235676610","0.9330214993819304","0","0","0.4997498749374687","0.0724523633397128608","ATF3"
"ARID3A","ARID3A K562 hg19","1/2000","0.865041971235676610","0.9330214993819304","0","0","0.4997498749374687","0.0724523633397128608","CD68"
"ELK1","ELK1 GM12878 hg19","1/2000","0.865041971235676610","0.9330214993819304","0","0","0.4997498749374687","0.0724523633397128608","PRDM1"
"WHSC1","WHSC1 K562 hg19","1/2000","0.865041971235676610","0.9330214993819304","0","0","0.4997498749374687","0.0724523633397128608","DDR2"
"POLR2A","POLR2A small intestine mm9","1/2000","0.865041971235676610","0.9330214993819304","0","0","0.4997498749374687","0.0724523633397128608","DHRS3"
"EP300","EP300 osteoblast hg19","1/2000","0.865041971235676610","0.9330214993819304","0","0","0.4997498749374687","0.0724523633397128608","PRSS22"
"ETS1","ETS1 CH12.LX mm9","1/2000","0.865041971235676610","0.9330214993819304","0","0","0.4997498749374687","0.0724523633397128608","CD68"
"MAFK","MAFK K562 hg19","1/2000","0.865041971235676610","0.9330214993819304","0","0","0.4997498749374687","0.0724523633397128608","CD68"
"POLR2A","POLR2A embryonic fibroblast mm9","1/2000","0.865041971235676610","0.9330214993819304","0","0","0.4997498749374687","0.0724523633397128608","PRDM1"
"CTCF","CTCF cortical plate mm9","1/2000","0.865041971235676610","0.9330214993819304","0","0","0.4997498749374687","0.0724523633397128608","CLU"
"NCOR1","NCOR1 K562 hg19","1/2000","0.865041971235676610","0.9330214993819304","0","0","0.4997498749374687","0.0724523633397128608","DHRS3"
"KAT2B","KAT2B K562 hg19","1/2000","0.865041971235676610","0.9330214993819304","0","0","0.4997498749374687","0.0724523633397128608","CLU"
"CTCF","CTCF spleen hg19","1/2000","0.865041971235676610","0.9330214993819304","0","0","0.4997498749374687","0.0724523633397128608","CLU"
"POLR2A","POLR2A IMR-90 hg19","1/2000","0.865041971235676610","0.9330214993819304","0","0","0.4997498749374687","0.0724523633397128608","CD68"
"TBL1XR1","TBL1XR1 GM12878 hg19","1/2000","0.865041971235676610","0.9330214993819304","0","0","0.4997498749374687","0.0724523633397128608","CD68"
"STAT3","STAT3 GM12878 hg19","1/2000","0.865041971235676610","0.9330214993819304","0","0","0.4997498749374687","0.0724523633397128608","CD68"
"RFX5","RFX5 HeLa-S3 hg19","1/2000","0.865041971235676610","0.9330214993819304","0","0","0.4997498749374687","0.0724523633397128608","PRDM1"
"E2F4","E2F4 CH12.LX mm9","1/2000","0.865041971235676610","0.9330214993819304","0","0","0.4997498749374687","0.0724523633397128608","DHRS3"
"KDM1A","KDM1A K562 hg19","1/2000","0.865041971235676610","0.9330214993819304","0","0","0.4997498749374687","0.0724523633397128608","CD68"
"CTCF","CTCF bone marrow macrophage mm9","1/2000","0.865041971235676610","0.9330214993819304","0","0","0.4997498749374687","0.0724523633397128608","CLU"
"TAL1","TAL1 K562 hg19","1/2000","0.865041971235676610","0.9330214993819304","0","0","0.4997498749374687","0.0724523633397128608","PRDM1"
"CHD2","CHD2 GM12878 hg19","1/2000","0.865041971235676610","0.9330214993819304","0","0","0.4997498749374687","0.0724523633397128608","PRDM1"
"CTCF","CTCF B cell hg19","1/2000","0.865041971235676610","0.9330214993819304","0","0","0.4997498749374687","0.0724523633397128608","PRDM1"
"TBP","TBP H1-hESC hg19","1/2000","0.865041971235676610","0.9330214993819304","0","0","0.4997498749374687","0.0724523633397128608","CLU"
"CHD7","CHD7 H1-hESC hg19","1/2000","0.865041971235676610","0.9330214993819304","0","0","0.4997498749374687","0.0724523633397128608","PRDM1"
"MXI1","MXI1 HepG2 hg19","1/2000","0.865041971235676610","0.9330214993819304","0","0","0.4997498749374687","0.0724523633397128608","CD68"
"EZH2","EZH2 fibroblast of lung hg19","1/2000","0.865041971235676610","0.9330214993819304","0","0","0.4997498749374687","0.0724523633397128608","KRT81"
"EZH2","EZH2 endothelial cell of umbilical vein hg19","1/2000","0.865041971235676610","0.9330214993819304","0","0","0.4997498749374687","0.0724523633397128608","PRSS22"
"GTF2F1","GTF2F1 HeLa-S3 hg19","1/2000","0.865041971235676610","0.9330214993819304","0","0","0.4997498749374687","0.0724523633397128608","CD68"
"HCFC1","HCFC1 K562 hg19","1/2000","0.865041971235676610","0.9330214993819304","0","0","0.4997498749374687","0.0724523633397128608","CASS4"
"POLR2A","POLR2A HEK293 hg19","1/2000","0.865041971235676610","0.9330214993819304","0","0","0.4997498749374687","0.0724523633397128608","CD68"
"HCFC1","HCFC1 CH12.LX mm9","1/2000","0.865041971235676610","0.9330214993819304","0","0","0.4997498749374687","0.0724523633397128608","ATF3"
"RBBP5","RBBP5 K562 hg19","1/2000","0.865041971235676610","0.9330214993819304","0","0","0.4997498749374687","0.0724523633397128608","PRDM1"
"POLR2A","POLR2A H54 hg19","1/2000","0.865041971235676610","0.9330214993819304","0","0","0.4997498749374687","0.0724523633397128608","PRDM1"
"USF2","USF2 HepG2 hg19","1/2000","0.865041971235676610","0.9330214993819304","0","0","0.4997498749374687","0.0724523633397128608","CEACAM6"
"ZNF143","ZNF143 K562 hg19","1/2000","0.865041971235676610","0.9330214993819304","0","0","0.4997498749374687","0.0724523633397128608","CLU"
"USF2","USF2 CH12.LX mm9","1/2000","0.865041971235676610","0.9330214993819304","0","0","0.4997498749374687","0.0724523633397128608","CD68"
"KDM5B","KDM5B H1-hESC hg19","1/2000","0.865041971235676610","0.9330214993819304","0","0","0.4997498749374687","0.0724523633397128608","PRSS22"
"CTCF","CTCF GM20000 hg19","1/2000","0.865041971235676610","0.9330214993819304","0","0","0.4997498749374687","0.0724523633397128608","PRDM1"
"ZMIZ1","ZMIZ1 CH12.LX mm9","1/2000","0.865041971235676610","0.9330214993819304","0","0","0.4997498749374687","0.0724523633397128608","PRDM1"
"EP300","EP300 ES-Bruce4 mm9","1/2000","0.865041971235676610","0.9330214993819304","0","0","0.4997498749374687","0.0724523633397128608","PRDM1"
"TBP","TBP K562 hg19","1/2000","0.865041971235676610","0.9330214993819304","0","0","0.4997498749374687","0.0724523633397128608","PRDM1"
"EP300","EP300 MEL cell line mm9","1/2000","0.865041971235676610","0.9330214993819304","0","0","0.4997498749374687","0.0724523633397128608","ATF3"
"CHD2","CHD2 HeLa-S3 hg19","1/2000","0.865041971235676610","0.9330214993819304","0","0","0.4997498749374687","0.0724523633397128608","DDR2"
"POLR2AphosphoS2","POLR2AphosphoS2 HeLa-S3 hg19","1/2000","0.865041971235676610","0.9330214993819304","0","0","0.4997498749374687","0.0724523633397128608","PRDM1"
"USF2","USF2 GM12878 hg19","1/2000","0.865041971235676610","0.9330214993819304","0","0","0.4997498749374687","0.0724523633397128608","PRDM1"
"SIRT6","SIRT6 K562 hg19","1/2000","0.865041971235676610","0.9330214993819304","0","0","0.4997498749374687","0.0724523633397128608","CASS4"
"TCF7L2","TCF7L2 Panc1 hg19","1/2000","0.865041971235676610","0.9330214993819304","0","0","0.4997498749374687","0.0724523633397128608","PRDM1"
"RCOR1","RCOR1 CH12.LX mm9","1/2000","0.865041971235676610","0.9330214993819304","0","0","0.4997498749374687","0.0724523633397128608","CD68"
"TBP","TBP HepG2 hg19","1/2000","0.865041971235676610","0.9330214993819304","0","0","0.4997498749374687","0.0724523633397128608","CD68"
"MXI1","MXI1 IMR-90 hg19","1/2000","0.865041971235676610","0.9330214993819304","0","0","0.4997498749374687","0.0724523633397128608","CD68"
"CTCF","CTCF T-cell acute lymphoblastic leukemia hg19","1/2000","0.865041971235676610","0.9330214993819304","0","0","0.4997498749374687","0.0724523633397128608","CLU"
"POLR2A","POLR2A thymus mm9","1/2000","0.865041971235676610","0.9330214993819304","0","0","0.4997498749374687","0.0724523633397128608","DHRS3"
"POLR2A","POLR2A GM10847 hg19","1/2000","0.865041971235676610","0.9330214993819304","0","0","0.4997498749374687","0.0724523633397128608","PRDM1"
"SIRT6","SIRT6 H1-hESC hg19","1/2000","0.865041971235676610","0.9330214993819304","0","0","0.4997498749374687","0.0724523633397128608","DDR2"
"RFX5","RFX5 HepG2 hg19","1/2000","0.865041971235676610","0.9330214993819304","0","0","0.4997498749374687","0.0724523633397128608","CLU"
"BRCA1","BRCA1 H1-hESC hg19","1/2000","0.865041971235676610","0.9330214993819304","0","0","0.4997498749374687","0.0724523633397128608","CLU"
"MAZ","MAZ MEL cell line mm9","1/2000","0.865041971235676610","0.9330214993819304","0","0","0.4997498749374687","0.0724523633397128608","CLU"
"SMC3","SMC3 GM12878 hg19","1/2000","0.865041971235676610","0.9330214993819304","0","0","0.4997498749374687","0.0724523633397128608","PRDM1"
"E2F4","E2F4 MCF 10A hg19","1/2000","0.865041971235676610","0.9330214993819304","0","0","0.4997498749374687","0.0724523633397128608","CD68"
"eGFP-GATA2","eGFP-GATA2 K562 hg19","1/2000","0.865041971235676610","0.9330214993819304","0","0","0.4997498749374687","0.0724523633397128608","CASS4"
"RCOR1","RCOR1 GM12878 hg19","1/2000","0.865041971235676610","0.9330214993819304","0","0","0.4997498749374687","0.0724523633397128608","CD68"
"TBP","TBP HeLa-S3 hg19","1/2000","0.865041971235676610","0.9330214993819304","0","0","0.4997498749374687","0.0724523633397128608","CD68"
"CHD1","CHD1 IMR-90 hg19","1/2000","0.865041971235676610","0.9330214993819304","0","0","0.4997498749374687","0.0724523633397128608","DHRS3"
"CTCF","CTCF ES-Bruce4 mm9","1/2000","0.865041971235676610","0.9330214993819304","0","0","0.4997498749374687","0.0724523633397128608","PRDM1"
"USF2","USF2 H1-hESC hg19","1/2000","0.865041971235676610","0.9330214993819304","0","0","0.4997498749374687","0.0724523633397128608","PRSS22"
"TFAP2C","TFAP2C HeLa-S3 hg19","1/2000","0.865041971235676610","0.9330214993819304","0","0","0.4997498749374687","0.0724523633397128608","SLPI"
"ELK1","ELK1 HeLa-S3 hg19","1/2000","0.865041971235676610","0.9330214993819304","0","0","0.4997498749374687","0.0724523633397128608","CLU"
"CTCF","CTCF testis mm9","1/2000","0.865041971235676610","0.9330214993819304","0","0","0.4997498749374687","0.0724523633397128608","CLU"
"MYC","MYC HepG2 hg19","1/2000","0.865041971235676610","0.9330214993819304","0","0","0.4997498749374687","0.0724523633397128608","CD68"
"BHLHE40","BHLHE40 MEL cell line mm9","1/2000","0.865041971235676610","0.9330214993819304","0","0","0.4997498749374687","0.0724523633397128608","ATF3"
"POLR2A","POLR2A olfactory bulb mm9","1/2000","0.865041971235676610","0.9330214993819304","0","0","0.4997498749374687","0.0724523633397128608","PRDM1"
"POLR2A","POLR2A heart mm9","1/2000","0.865041971235676610","0.9330214993819304","0","0","0.4997498749374687","0.0724523633397128608","DHRS3"
"WRNIP1","WRNIP1 GM12878 hg19","1/2000","0.865041971235676610","0.9330214993819304","0","0","0.4997498749374687","0.0724523633397128608","CD68"
"JUND","JUND K562 hg19","1/2000","0.865041971235676610","0.9330214993819304","0","0","0.4997498749374687","0.0724523633397128608","PRDM1"
"CHD1","CHD1 GM12878 hg19","1/2000","0.865041971235676610","0.9330214993819304","0","0","0.4997498749374687","0.0724523633397128608","CD68"
"RELA","RELA GM18505 hg19","1/2000","0.865041971235676610","0.9330214993819304","0","0","0.4997498749374687","0.0724523633397128608","LAMP3"
"MXI1","MXI1 GM12878 hg19","1/2000","0.865041971235676610","0.9330214993819304","0","0","0.4997498749374687","0.0724523633397128608","CD68"
"MAFK","MAFK HeLa-S3 hg19","1/2000","0.865041971235676610","0.9330214993819304","0","0","0.4997498749374687","0.0724523633397128608","CD68"
"E2F4","E2F4 myocyte mm9","1/2000","0.865041971235676610","0.9330214993819304","0","0","0.4997498749374687","0.0724523633397128608","DHRS3"
"CCNT2","CCNT2 K562 hg19","1/2000","0.865041971235676610","0.9330214993819304","0","0","0.4997498749374687","0.0724523633397128608","PRDM1"
"RCOR1","RCOR1 HeLa-S3 hg19","1/2000","0.865041971235676610","0.9330214993819304","0","0","0.4997498749374687","0.0724523633397128608","CD68"
"BHLHE40","BHLHE40 CH12.LX mm9","1/2000","0.865041971235676610","0.9330214993819304","0","0","0.4997498749374687","0.0724523633397128608","SLPI"
"BACH1","BACH1 K562 hg19","1/2000","0.865041971235676610","0.9330214993819304","0","0","0.4997498749374687","0.0724523633397128608","CD68"
"BRCA1","BRCA1 HepG2 hg19","1/2000","0.865041971235676610","0.9330214993819304","0","0","0.4997498749374687","0.0724523633397128608","CD68"
"MAX","MAX GM12878 hg19","1/2000","0.865041971235676610","0.9330214993819304","0","0","0.4997498749374687","0.0724523633397128608","PRDM1"
"MXI1","MXI1 H1-hESC hg19","1/2000","0.865041971235676610","0.9330214993819304","0","0","0.4997498749374687","0.0724523633397128608","CLU"
"POLR2A","POLR2A NB4 hg19","1/2000","0.865041971235676610","0.9330214993819304","0","0","0.4997498749374687","0.0724523633397128608","CD68"
"SMARCB1","SMARCB1 HeLa-S3 hg19","1/2000","0.865041971235676610","0.9330214993819304","0","0","0.4997498749374687","0.0724523633397128608","CLU"
"ZNF263","ZNF263 HEK293 hg19","1/2000","0.865041971235676610","0.9330214993819304","0","0","0.4997498749374687","0.0724523633397128608","CD68"
"HMGN3","HMGN3 K562 hg19","1/2000","0.865041971235676610","0.9330214993819304","0","0","0.4997498749374687","0.0724523633397128608","PRDM1"
"POLR2AphosphoS2","POLR2AphosphoS2 CH12.LX mm9","1/2000","0.865041971235676610","0.9330214993819304","0","0","0.4997498749374687","0.0724523633397128608","ATF3"
"CTCF","CTCF endothelial cell of umbilical vein hg19","2/3469","0.866473843211130190","0.9330214993819304","0","0","0.5603759819474372","0.0803149669134638755","PRDM1;CLU"
"RCOR1","RCOR1 K562 hg19","2/3501","0.870151759525336521","0.9330214993819304","0","0","0.5541751424776827","0.0770789162105745551","PRDM1;CLU"
"GABPA","GABPA A549 hg19","1/2041","0.870767188716930818","0.9330214993819304","0","0","0.4885893246187364","0.0676112984554284591","CD68"
"EP300","EP300 K562 hg19","3/4840","0.873409719798203810","0.9330214993819304","0","0","0.5870374198883606","0.0794558137613332743","CASS4;CLU;DHRS3"
"PBX3","PBX3 SK-N-SH hg19","1/2063","0.873743617663725325","0.9330214993819304","0","0","0.4827837051406402","0.0651604911200135695","CD68"
"CTCF","CTCF MEL cell line mm9","3/4882","0.877597656617408073","0.9330214993819304","0","0","0.5803699528591925","0.0757771869901300299","PRDM1;CLU;DHRS3"
"MAX","MAX HeLa-S3 hg19","2/3575","0.878327549608977298","0.9330214993819304","0","0","0.5402611086416095","0.0700911485644120508","SLPI;CD68"
"PBX3","PBX3 A549 hg19","1/2098","0.878345381270701830","0.9330214993819304","0","0","0.4737985481905367","0.0614589634372839783","CD68"
"CTCF","CTCF SK-N-SH hg19","2/3657","0.886868618599028991","0.9401873732242212","0","0","0.5255009254043614","0.0630908142135422206","PRDM1;CLU"
"ZBTB33","ZBTB33 A549 hg19","1/2245","0.895993952004131455","0.9465388177230716","0","0","0.4391216082392553","0.0482250446484974796","CD68"
"BHLHE40","BHLHE40 HepG2 hg19","1/2249","0.896438464422039560","0.9465388177230716","0","0","0.4382413997627521","0.0479110162839775713","CD68"
"GATA1","GATA1 erythroblast hg19","1/2266","0.898307641030803405","0.9466229922416236","0","0","0.4345351974491047","0.0466007211631982582","CASS4"
"USF1","USF1 ECC-1 hg19","1/2318","0.903828724427733987","0.9505475054120700","0","0","0.4235361818443389","0.0428260307250803232","CEACAM6"
"CTCF","CTCF WI38 hg19","1/2447","0.916325133716513585","0.9617777693175310","0","0","0.3982692831834287","0.0348023741197567085","CLU"
"GABPA","GABPA HepG2 hg19","1/2471","0.918473378149646580","0.9621235981013130","0","0","0.3938596491228070","0.0334947535965469459","CD68"
"POLR2A","POLR2A HeLa-S3 hg19","2/4163","0.928975236612252786","0.9682248309261922","0","0","0.4472906682499965","0.0329533332876883953","PRDM1;DHRS3"
"CTCF","CTCF MCF-7 hg19","3/5540","0.929765874136368353","0.9682248309261922","0","0","0.4891186563120823","0.0356188300301977859","PRDM1;PRSS22;CLU"
"MYC","MYC K562 hg19","4/6800","0.929788684518914388","0.9682248309261922","0","0","0.5173631547969394","0.0376629716946024484","CASS4;PRDM1;CD68;CLU"
"E2F6","E2F6 K562 hg19","1/2645","0.932556359758819231","0.9686585418704656","0","0","0.3642839132627333","0.0254363755524448301","PRDM1"
"CTCF","CTCF GM12878 hg19","2/4238","0.933867403315571609","0.9686585418704656","0","0","0.4372882297394879","0.0299196180757746490","PRDM1;CLU"
"POLR2A","POLR2A K562 hg19","4/6920","0.936671337569858986","0.9696656312611652","0","0","0.5037593984962406","0.0329573597486364361","LAMP3;CASS4;PRDM1;CD68"
"USF1","USF1 A549 hg19","1/2753","0.940102920923467589","0.9713172757197548","0","0","0.3478076550387597","0.0214826595765591558","CD68"
"POLR2A","POLR2A H1-hESC hg19","1/2809","0.943693772311798962","0.9731267164774692","0","0","0.3397633744855967","0.0196904968376394665","PRDM1"
"EBF1","EBF1 GM12878 hg19","1/2924","0.950438503182898797","0.9770787028032220","0","0","0.3242102862356027","0.0164801984536760947","LAMP3"
"IRF1","IRF1 K562 hg19","2/4551","0.951220287228089600","0.9770787028032220","0","0","0.3991051685567610","0.0199590921509671913","CASS4;PRDM1"
"CTCF","CTCF HepG2 hg19","1/3081","0.958419508876755644","0.9802744694512080","0","0","0.3048520923520924","0.0129469757345265675","CLU"
"EP300","EP300 GM12878 hg19","2/4724","0.958957468010018799","0.9802744694512080","0","0","0.3801729077908165","0.0159324973816909500","CD68;ATF3"
"MAX","MAX A549 hg19","1/3133","0.960782740649803180","0.9802744694512080","0","0","0.2988683127572017","0.0119568161896494198","PRDM1"
"POLR2A","POLR2A MCF 10A hg19","1/3155","0.961743761144001952","0.9802744694512080","0","0","0.2963961107588248","0.0115615895899854031","GREB1"
"POLR2A","POLR2A MEL cell line mm9","2/4890","0.965329358090647238","0.9820369815960625","0","0","0.3632665832290363","0.0128182000093223086","CD68;ATF3"
"UBTF","UBTF K562 hg19","1/3293","0.967281654369042010","0.9821343477182788","0","0","0.2816423653300932","0.0093689909423089503","CASS4"
"POLR2A","POLR2A A549 hg19","1/3474","0.973401016136735575","0.9864542864680710","0","0","0.2640688485779186","0.0071190684454758412","PRDM1"
"POLR2A","POLR2A GM12878 hg19","2/5311","0.977695003958737208","0.9872489572943512","0","0","0.3251304665772883","0.0073341352069583371","PRDM1;CD68"
"CHD1","CHD1 H1-hESC hg19","1/3635","0.977917681705557595","0.9872489572943512","0","0","0.2499082737112456","0.0055803974031785322","PRDM1"
"POLR2AphosphoS2","POLR2AphosphoS2 K562 hg19","1/3782","0.981398170091636768","0.9883296073780996","0","0","0.2380322665961385","0.0044695366109559027","KRT81"
"MAX","MAX K562 hg19","1/3845","0.982724713574443243","0.9883296073780996","0","0","0.2332206035379813","0.0040641594425256770","PRDM1"
"GATA1","GATA1 G1E-ER4 mm9","1/3942","0.984593311124240422","0.9883299081304046","0","0","0.2261129436973131","0.0035107664021306038","NLRP6"
"POLR2A","POLR2A HepG2 hg19","2/6264","0.992345785731735153","0.9942252285077424","0","0","0.2577451293516448","0.0019804254531554377","CASS4;CD68"
"MYC","MYC MCF-7 hg19","1/5003","0.995797605961537213","0.9957976059615372","0","0","0.1663667866186859","0.0007006119492702981","PRDM1"
