Heatmap_Rank,term_id,term_name,p_value,term_size,intersection_size,intersection,Input_Order,Pathway_Gene_Source,Pathway_Gene_Count,Filtered,Versus,Versus Name,Result,Reciprocal pvalue,DEGs in Intersection,Is Reciprocal,GSEA_Rank,Neg_Log10_P,Pathway_Label_Clean,Pathway_Label,Heatmap_Cluster_Rank
1,HP_ABNORMALITY_OF_THE_COAGULATION_CASCADE,HP_ABNORMALITY_OF_THE_COAGULATION_CASCADE,1.1029719e-09,159,70,"F2,FGG,F7,PLG,FGB,FGA,F5,SERPINC1,SERPINE1,AHCY,F11,HRG,WT1,PROC,F13B,F9,F12,THBS2,MTTP,SLC19A1,CFI,NPM1,CLPB,KNG1,MST1,AKR1D1,DPM1,F10,ADK,TRIP13,BRCA2,MCM10,SLC25A15,PTPN11,ALDOB,FAH,PLOD3,ALG8,MCFD2,CD46,ANO6,OTC,HSD3B7,VKORC1,HSD17B10,PROS1,PMM2,MPV17,RFT1,HAVCR2,GGCX,TNFRSF9,CFH,F8,SLC25A13,CYP7B1,ACAD9,TRIM28,NLRC4,NBEAL2,LARS1,RINT1,IRF2BP2,SLC37A4,POU6F2,DPAGT1,SLC7A7,DPM2,SRD5A3,ALG9",8,GMT,165,keep,itself,,1.0,0.0,0.0,True,1,8.957435551775943,ABNORMALITY OF THE COAGULATION CASCADE,ABNORMALITY OF THE COAGULATION CASCADE,1
2,HP_ABNORMALITY_OF_COAGULATION,HP_ABNORMALITY_OF_COAGULATION,6.243524583e-07,226,59,"F2,FGG,F7,PLG,FGB,FGA,SERPINF2,F5,SERPINC1,SERPINE1,AHCY,F11,HRG,WT1,PROC,F13B,ABCC2,F9,F12,THBS2,MTTP,SLC19A1,CFI,NPM1,CLPB,KNG1,MST1,AKR1D1,DPM1,DKC1,F10,ADK,KLKB1,TRIP13,NHP2,BRCA2,MCM10,SLC25A15,PTPN11,ALDOB,FAH,PLOD3,ALG8,PEX3,MCFD2,PEX5,CD46,ANO6,ACD,OTC,HSD3B7,VKORC1,HSD17B10,PROS1,PMM2,MPV17,RFT1,HAVCR2,GGCX",84,GMT,235,exclude,HP_ABNORMALITY_OF_THE_COAGULATION_CASCADE,HP_ABNORMALITY_OF_THE_COAGULATION_CASCADE,0.000908,1.0,51.0,False,11,6.204570173969715,ABNORMALITY OF COAGULATION,ABNORMALITY OF COAGULATION,2
3,HP_ABNORMALITY_OF_THE_COMMON_COAGULATION_PATHWAY,HP_ABNORMALITY_OF_THE_COMMON_COAGULATION_PATHWAY,2.648238295e-06,66,26,"FGG,PLG,FGB,FGA,F5,SERPINC1,SERPINE1,AHCY,HRG,F13B,THBS2,SLC19A1,CFI,NPM1,F10,MCM10,PTPN11,MCFD2,CD46,ANO6,VKORC1,MPV17,HAVCR2,GGCX,TNFRSF9,CFH",12,GMT,70,keep,itself,,1.0,0.0,0.0,True,18,5.577042938587597,ABNORMALITY OF THE COMMON COAGULATION PATHWAY,ABNORMALITY OF THE COMMON COAGULATION PATHWAY,3
4,HP_POST_PARTUM_HEMORRHAGE,HP_POST_PARTUM_HEMORRHAGE,1.29792776439e-05,17,14,"F2,F7,F5,SERPINE1,F13B,F10,KIF23,RACGAP1,ANO6,DIAPH1,VKORC1,TPM4,GGCX,F8",6,GMT,17,keep,HP_ABNORMAL_CEREBRAL_VASCULAR_MORPHOLOGY,HP_ABNORMAL_CEREBRAL_VASCULAR_MORPHOLOGY,0.2721,1.28e-05,10.0,True,33,4.8867494773351785,POST PARTUM HEMORRHAGE,POST PARTUM HEMORRHAGE,4
5,HP_PROLONGED_BLEEDING_FOLLOWING_PROCEDURE,HP_PROLONGED_BLEEDING_FOLLOWING_PROCEDURE,1.82625147403e-05,39,19,"F2,FGG,F7,FGB,FGA,F5,SERPINE1,F11,F13B,F10,KIF23,RACGAP1,MCFD2,ANO6,DIAPH1,VKORC1,TPM4,GGCX,APOLD1",17,GMT,39,exclude,HP_POST_PARTUM_HEMORRHAGE,HP_POST_PARTUM_HEMORRHAGE,0.0029,1.0,13.0,False,37,4.738439420523582,PROLONGED BLEEDING FOLLOWING PROCEDURE,PROLONGED BLEEDING FOLLOWING PROCEDURE,5
6,HP_ABNORMALITY_OF_PROTHROMBIN,HP_ABNORMALITY_OF_PROTHROMBIN,1.86123972167e-05,55,27,"F2,F7,F5,AHCY,F9,THBS2,MTTP,CFI,CLPB,MST1,AKR1D1,F10,ADK,FAH,PLOD3,MCFD2,CD46,ANO6,OTC,VKORC1,PMM2,MPV17,GGCX,CFH,SLC25A13,CYP7B1,ACAD9",32,GMT,56,keep,HP_ABNORMAL_CEREBRAL_VASCULAR_MORPHOLOGY,HP_ABNORMAL_CEREBRAL_VASCULAR_MORPHOLOGY,0.0067,1.82e-05,14.0,True,38,4.7301976875389355,ABNORMALITY OF PROTHROMBIN,ABNORMALITY OF PROTHROMBIN,6
7,HP_ABNORMAL_CIRCULATING_AMINO_ACID_CONCENTRATION,HP_ABNORMAL_CIRCULATING_AMINO_ACID_CONCENTRATION,3.416197e-09,180,61,"HPD,MAT1A,ARG1,FTCD,AHCY,CPS1,PAH,UPB1,CA5A,ALDH4A1,SLC19A1,PSAT1,TNFRSF11B,TAT,DMGDH,GCSH,GAMT,TDO2,ADK,UROC1,TRMT10C,GNMT,HAL,SLC25A15,KYNU,PCBD1,TARS2,KARS1,MTHFD1,SARDH,PRDX1,PSPH,NADK2,FAH,PNPO,FBP1,TALDO1,MRPL3,NOS3,PDP1,MMAB,MMACHC,MRM2,TMEM70,LONP1,CBS,GLDC,SLC6A20,OTC,MTR,PLAU,HCFC1,PHGDH,MIPEP,DTYMK,MPV17,PC,QDPR,VARS2,LIG3,TYMP",14,GMT,186,keep,itself,,1.0,0.0,0.0,True,2,8.46645709303396,ABNORMAL CIRCULATING AMINO ACID CONCENTRATION,ABNORMAL CIRCULATING AMINO ACID CONCENTRATION,7
8,HP_ABNORMAL_CIRCULATING_PROTEINOGENIC_AMINO_ACID_CONCENTRATION,HP_ABNORMAL_CIRCULATING_PROTEINOGENIC_AMINO_ACID_CONCENTRATION,9.3001882e-09,112,40,"HPD,MAT1A,ARG1,FTCD,AHCY,CPS1,PAH,CA5A,ALDH4A1,SLC19A1,PSAT1,TNFRSF11B,TAT,GCSH,TDO2,ADK,UROC1,GNMT,HAL,KYNU,PCBD1,TARS2,MTHFD1,SARDH,PRDX1,PSPH,NADK2,FAH,PNPO,TALDO1,PDP1,MMAB,MMACHC,CBS,GLDC,SLC6A20,OTC,MTR,HCFC1,PHGDH",2,GMT,114,keep,itself,,1.0,0.0,0.0,True,3,8.031508262909023,ABNORMAL CIRCULATING PROTEINOGENIC AMINO ACID CONCENTRATION,"ABNORMAL CIRCULATING PROTEINOGENIC AMINO ACID
CONCENTRATION",8
9,HP_ABNORMAL_CIRCULATING_CARBOXYLIC_ACID_CONCENTRATION,HP_ABNORMAL_CIRCULATING_CARBOXYLIC_ACID_CONCENTRATION,3.153438033e-07,393,100,"BAAT,HPD,MAT1A,ARG1,FTCD,AHCY,CPS1,PAH,SLC2A2,UPB1,ABCC2,CA5A,ALDH4A1,SLCO1B1,SLCO1B3,MTTP,IFT56,SLC19A1,PSAT1,PKLR,SLC10A1,AKR1D1,TNFRSF11B,ODC1,TAT,DMGDH,GCSH,GAMT,LDHA,GATM,TDO2,ADK,UROC1,TRMT10C,IARS1,SERPINA1,GNMT,HAL,NAA10,SLC25A15,KYNU,PCBD1,TG,TARS2,TWNK,KARS1,PKHD1,MTHFD1,GPX1,SARDH,PRDX1,PSPH,NADK2,ALDOB,PIEZO1,FAH,PNPO,FBP1,TALDO1,ABCB4,NDUFAF2,MRPL3,NOS3,PDP1,ALG8,MMAB,MMACHC,KIF23,RACGAP1,CPOX,MRM2,TMEM70,LONP1,PIGA,CBS,PGK1,GPI,WDR35,GLDC,SLC6A20,LBR,OTC,MTR,PLAU,TMEM67,HSD3B7,HSD17B10,HCFC1,PHGDH,ATP7B,MIPEP,TNPO3,DTYMK,MPV17,SC5D,ACAT2,PC,QDPR,VARS2,LIG3",252,GMT,418,exclude,HP_ABNORMAL_CIRCULATING_AMINO_ACID_CONCENTRATION,HP_ABNORMAL_CIRCULATING_AMINO_ACID_CONCENTRATION,0.000274,1.0,60.0,False,10,6.501215698740925,ABNORMAL CIRCULATING CARBOXYLIC ACID CONCENTRATION,"ABNORMAL CIRCULATING CARBOXYLIC ACID
CONCENTRATION",9
10,HP_AMINOACIDURIA,HP_AMINOACIDURIA,1.7945853981e-06,138,61,"HPD,ARG1,FTCD,CPS1,SLC13A3,PAH,SLC2A2,UPB1,ALDH4A1,AGXT2,TNFRSF11B,TAT,DMGDH,GATM,TDO2,UMPS,SLC19A2,HAL,SLC25A15,KYNU,CYP27B1,SARDH,PRDX1,NADK2,ALDOB,FAH,RFC4,MMACHC,CLCN5,CLTRN,PEX5,CBS,GLDC,SLC6A20,OTC,MTR,GCLC,HCFC1,ATP7B,SLC7A9,NFS1,ERCC3,SLC25A13,GEMIN4,MARS1,ABAT,CAMKMT,ERCC2,PTH1R,ALDH5A1,BCS1L,ASPH,SLC7A7,NDUFAF6,MMADHC,HGD,TRNT1,GLYCTK,MTRR,GPHN,AASS",51,GMT,141,keep,HP_ABNORMAL_CIRCULATING_PROTEINOGENIC_AMINO_ACID_CONCENTRATION,HP_ABNORMAL_CIRCULATING_PROTEINOGENIC_AMINO_ACID_CONCENTRATION,5.82e-05,2.88e-09,31.0,True,17,5.746035870269645,AMINOACIDURIA,AMINOACIDURIA,10
11,HP_RENAL_INSUFFICIENCY,HP_RENAL_INSUFFICIENCY,6.497161813e-07,415,151,"SPP1,APOA1,AGXT,SAA1,F5,MLXIPL,WT1,CFHR1,ALDH4A1,CFHR3,CFHR5,ANLN,IFT56,CFI,GTF2IRD1,CLPB,MST1,NUP107,GLA,CCND1,LDHA,GATM,APOA4,XRCC2,CFB,FN1,RPGRIP1L,COL4A1,CLDN16,HPRT1,SULT2B1,TP53RK,CLDN10,BRCA2,NUP205,NUP160,UBE2T,KYNU,PUS3,PALB2,RFWD3,FXYD2,KARS1,PKHD1,SLC4A2,DAP3,C4A,RMND1,PRDX1,FANCB,ALDOB,FAH,RFC2,NOD2,ACBD6,IRAK1,NUP93,PRPS1,FLT1,XPNPEP3,BRCA1,FANCI,APOE,MAD2L2,MMACHC,CLCN5,SLC2A9,CALR,PIGA,PGK1,HNRNPK,NUP37,NUP133,WDR35,CD46,SMC1A,CORIN,APRT,ELP1,C3,LCAT,AP1S3,TMEM67,CYP4F22,ALG5,LAGE3,YRDC,NUP85,LIMK1,FANCA,CHD4,TMEM237,CSPP1,IQCB1,CCR1,GANAB,CD81,SLC7A9,BUD23,FANCG,GRHPR,FANCD2,ANKS6,GTF2I,CFH,NPHP4,UBAC2,FANCL,HDAC8,BRIP1,BRD4,NFS1,BAZ1B,AMMECR1,LZTFL1,RAD51C,FANCC,STX1A,SMC3,BBS10,DNAJB11,RAD21,IL36RN,WDR19,MOCOS,SLC41A1,CEP164,FAM20A,ACSL4,FANCE,EXOC3L2,SLC37A4,SIX1,CFAP418,TRAF3IP1,GCDH,SLC7A7,NDUFAF6,INVS,ALG9,FANCF,HMBS,CEP83,SEC61A1,TMEM126B,LPIN1,ALG1,SLC26A1,MMP1,BBS5,DYNC2I2",277,GMT,435,keep,itself,,1.0,0.0,0.0,True,12,6.1872763169166545,RENAL INSUFFICIENCY,RENAL INSUFFICIENCY,11
12,HP_ABNORMAL_URINE_CYTOLOGY,HP_ABNORMAL_URINE_CYTOLOGY,7.3260631768e-06,185,56,"SPP1,APOA1,F2,AGXT,FGA,SERPINF2,F5,HOGA1,WT1,F9,CFHR5,CFI,NPM1,GLA,FCGR3B,F10,APOA4,UMPS,CFB,FN1,COL4A1,CLDN16,TRIP13,HPRT1,BRCA2,C4B,C4A,PRDX1,SLC34A2,IRAK1,NUP93,MMACHC,CLCN5,SLC2A9,MCFD2,DNASE1,NUP133,CD46,APRT,C3,ITGA2,ALG5,YAP1,NUP85,GANAB,CD81,LMNB2,GRHPR,CFH,AMMECR1,F8,ADAMTS13,DNAJB11,TRIM28,CLEC7A,ITGAM",128,GMT,193,exclude,HP_RENAL_INSUFFICIENCY,HP_RENAL_INSUFFICIENCY,0.0192,0.38,34.0,False,26,5.135129340487564,ABNORMAL URINE CYTOLOGY,ABNORMAL URINE CYTOLOGY,12
13,HP_ABNORMAL_CIRCULATING_NITROGEN_COMPOUND_CONCENTRATION,HP_ABNORMAL_CIRCULATING_NITROGEN_COMPOUND_CONCENTRATION,1.618672946e-06,192,82,"ARG1,CPS1,SLC2A2,CFHR1,CA5A,DPYS,CFHR3,IFT56,MYC,CFI,HLCS,TNFRSF11B,DBH,CCND1,GAMT,GATM,CFB,ZPR1,CLDN16,HPRT1,CAD,IARS1,G6PC1,SLC25A15,PCBD1,SLC17A3,SLC4A2,CARS2,ALDOB,PRPS1,FLT1,FBP1,MLIP,ALG8,MMAB,MMACHC,SLC2A9,MRM2,TMEM70,MCFD2,PIGA,EEFSEC,CD46,CORIN,APRT,ELP1,C3,OTC,GALNT2,ALG5,HSD17B10,ATP7B,GOT2,MPV17,SC5D,GANAB,TYMP,GRHPR,PNP,CFH,SLC25A13,ADAMTS13,DNAJB11,ACAD9,MARS1,WDR19,MOCOS,SLC41A1,FAM20A,RINT1,ATP5F1E,SLC37A4,LRPPRC,GLUL,SLC7A7,NDUFAF6,INVS,ALG9,TSFM,SEC61A1,PHKA2,MMADHC",73,GMT,196,keep,itself,,1.0,0.0,0.0,True,16,5.790840891886485,ABNORMAL CIRCULATING NITROGEN COMPOUND CONCENTRATION,"ABNORMAL CIRCULATING NITROGEN COMPOUND
CONCENTRATION",13
14,HP_ABNORMAL_CIRCULATING_CREATININE_CONCENTRATION,HP_ABNORMAL_CIRCULATING_CREATININE_CONCENTRATION,9.3717603996e-06,61,31,"CFHR1,CFHR3,IFT56,CFI,DBH,CCND1,GAMT,GATM,CFB,CLDN16,HPRT1,SLC4A2,FLT1,MLIP,ALG8,EEFSEC,CD46,CORIN,APRT,ELP1,C3,GALNT2,ALG5,GANAB,GRHPR,CFH,ADAMTS13,DNAJB11,WDR19,SLC41A1,FAM20A",28,GMT,65,keep,HP_RENAL_INSUFFICIENCY,HP_RENAL_INSUFFICIENCY,0.471,0.0208,24.0,True,28,5.028178823197327,ABNORMAL CIRCULATING CREATININE CONCENTRATION,ABNORMAL CIRCULATING CREATININE CONCENTRATION,14
15,HP_DECREASED_CIRCULATING_TERMINAL_COMPLEMENT_COMPONENT_CONCENTRATION,HP_DECREASED_CIRCULATING_TERMINAL_COMPLEMENT_COMPONENT_CONCENTRATION,1.03370531e-08,6,5,"C9,C8B,C6,C8A,C5",31,GMT,6,keep,itself,,1.0,0.0,0.0,True,4,7.985603252810555,DECREASED CIRCULATING TERMINAL COMPLEMENT COMPONENT CONCENTRATION,"DECREASED CIRCULATING TERMINAL COMPLEMENT
COMPONENT CONCENTRATION",15
16,HP_ABNORMALITY_OF_COMPLEMENT_SYSTEM,HP_ABNORMALITY_OF_COMPLEMENT_SYSTEM,9.5740986398e-06,62,20,"SPP1,C9,C8B,C6,CFHR1,C8A,CFHR3,C5,CFI,GALK1,MASP2,FCGR3B,CFB,C4B,C4A,IRAK1,DNASE1,CD46,SERPING1,C3",18,GMT,62,exclude,HP_DECREASED_CIRCULATING_TERMINAL_COMPLEMENT_COMPONENT_CONCENTRATION,HP_DECREASED_CIRCULATING_TERMINAL_COMPLEMENT_COMPONENT_CONCENTRATION,0.0112,1.0,5.0,False,29,5.018902102391969,ABNORMALITY OF COMPLEMENT SYSTEM,ABNORMALITY OF COMPLEMENT SYSTEM,16
17,HP_RECURRENT_NEISSERIAL_INFECTIONS,HP_RECURRENT_NEISSERIAL_INFECTIONS,9.95409286e-08,7,6,"C8B,C6,MBL2,C5,CFI,CFB",10,GMT,7,keep,itself,,1.0,0.0,0.0,True,7,7.001998312115456,RECURRENT NEISSERIAL INFECTIONS,RECURRENT NEISSERIAL INFECTIONS,17
18,HP_NEURAL_TUBE_DEFECT,HP_NEURAL_TUBE_DEFECT,5.19286586e-08,288,121,"COLEC11,COLEC10,TBX15,DARS1,GTF2IRD1,PSAT1,COMT,SALL4,POLR1B,XRCC2,TCOF1,UBA2,RPGRIP1L,POLR1C,TBC1D24,POLA1,ALG3,BRCA2,SHH,UBE2T,PTPN11,PALB2,RFWD3,SOX9,COL18A1,MSX2,MTHFD1,IMPDH1,FANCB,CRIPTO,RFC2,PTDSS1,CEP55,BRCA1,FANCI,RECQL4,MAD2L2,IGF2,BMS1,ARL13B,HNRNPK,AMER1,PAK2,SMC1A,CEP41,NSUN2,MTR,TMEM67,TGIF1,PHGDH,POLR1D,ARVCF,NOTCH3,PUF60,LIMK1,FANCA,RDH12,TMEM237,CSPP1,IQCB1,SC5D,POMGNT1,BUD23,CUL7,CYP27A1,LRAT,FANCG,FANCD2,FREM2,GTF2I,MASP1,FANCL,DRG1,SNRPB,SUPT16H,SLC25A19,DKK1,BRIP1,BAZ1B,RAD51C,FANCC,STX1A,STIL,PIBF1,RTL1,WBP11,NODAL,DOCK6,TCTN1,CCL2,WNT7A,BMPER,BICD2,DLK1,SF3B2,FANCE,RPS19,RXYLT1,B3GALNT2,ARL3,FANCF,CTNNB1,HAAO,TCTN2,LFNG,NAXE,TBL2,NOTCH1,RBM8A,FKTN,MTRR,ZIC2,VPS37D,RAD51,TMEM231,SLX4,SCAF4,ERCC4,FIBP,CCNQ,IKBKG",96,GMT,313,keep,itself,,1.0,0.0,0.0,True,5,7.284592895778566,NEURAL TUBE DEFECT,NEURAL TUBE DEFECT,18
19,HP_SPINAL_DYSRAPHISM,HP_SPINAL_DYSRAPHISM,2.944903996e-07,141,71,"COLEC11,COLEC10,DARS1,GTF2IRD1,PSAT1,COMT,SALL4,XRCC2,UBA2,TBC1D24,POLA1,BRCA2,UBE2T,PTPN11,PALB2,RFWD3,SOX9,COL18A1,MTHFD1,FANCB,RFC2,PTDSS1,BRCA1,FANCI,RECQL4,MAD2L2,BMS1,AMER1,NSUN2,MTR,PHGDH,ARVCF,PUF60,LIMK1,FANCA,BUD23,CUL7,FANCG,FANCD2,GTF2I,MASP1,FANCL,SNRPB,SUPT16H,SLC25A19,BRIP1,BAZ1B,RAD51C,FANCC,STX1A,RTL1,WBP11,CCL2,BICD2,DLK1,FANCE,RPS19,FANCF,CTNNB1,HAAO,LFNG,TBL2,RBM8A,MTRR,VPS37D,RAD51,SLX4,ERCC4,FIBP,CCNQ,IKBKG",49,GMT,151,keep,HP_ABNORMAL_THUMB_MORPHOLOGY,HP_ABNORMAL_THUMB_MORPHOLOGY,0.0135,2.35e-06,43.0,True,9,6.530928858665351,SPINAL DYSRAPHISM,SPINAL DYSRAPHISM,19
20,HP_ABNORMALITY_OF_CHROMOSOME_STABILITY,HP_ABNORMALITY_OF_CHROMOSOME_STABILITY,3.4798997663e-06,56,37,"UHRF1,XRCC2,BRCA2,UBE2T,PALB2,RFWD3,FANCB,HELLS,BRCA1,FANCI,MAD2L2,DCLRE1B,NBN,MCM4,BLM,CDCA7,FMR1,FANCA,RNF168,FANCG,FANCD2,PDGFB,FANCL,BRIP1,DNMT3B,RAD51C,FANCC,FANCE,EXOC3L2,XRCC4,FANCF,DNAJC21,RAD51,SLX4,RAD50,ERCC4,ZBTB24",13,GMT,57,keep,HP_CHOANAL_ATRESIA,HP_CHOANAL_ATRESIA,0.0012,5.24e-07,22.0,True,19,5.45843326512518,ABNORMALITY OF CHROMOSOME STABILITY,ABNORMALITY OF CHROMOSOME STABILITY,20
21,HP_CHOANAL_ATRESIA,HP_CHOANAL_ATRESIA,7.19133304e-08,120,54,"MBTPS2,COMT,SALL4,POLR1B,WNT3,DHCR7,XRCC2,GRIN2B,TCOF1,POLR1C,ERF,BRCA2,SHH,UBE2T,PALB2,RFWD3,PAICS,DHODH,SOX9,POLR1A,CHD6,FANCB,CRIPTO,PTDSS1,BRCA1,FANCI,MAD2L2,EFTUD2,NBN,CDC45,SMC1A,POR,TGIF1,POLR1D,ARVCF,CHD7,FANCA,FANCG,FANCD2,FANCL,HDAC8,BRIP1,BRD4,RAD51C,FANCC,SMC3,WBP11,NODAL,RAD21,SRPX2,ADGRG1,PTH1R,FANCE,SLC37A4",27,GMT,123,keep,HP_NEURAL_TUBE_DEFECT,HP_NEURAL_TUBE_DEFECT,0.1079,0.0267,32.0,True,6,7.143190598037807,CHOANAL ATRESIA,CHOANAL ATRESIA,21
22,HP_ABNORMAL_SOFT_PALATE_MORPHOLOGY,HP_ABNORMAL_SOFT_PALATE_MORPHOLOGY,3.7058655234e-06,262,102,"BGN,SHMT2,RLIM,DHCR7,XRCC2,COL11A1,NONO,ZPR1,CDC6,TCOF1,GRHL3,COL4A1,ORC6,POLA1,ALG3,BRCA2,SHH,UBE2T,TGDS,PALB2,RFWD3,MSX2,FANCB,CRIPTO,PTDSS1,KIF14,BRCA1,FANCI,RPS7,RECQL4,MAD2L2,CDT1,TGFB3,HNRNPK,BUB1,CDC45,AMER1,RPL35,WDR35,SMC1A,SMPD4,SERPING1,HYAL1,TAF4,PIGW,SMS,TGIF1,SELENOI,CHD7,TBCE,RPL31,RPL35A,TGFB2,COBLL1,FANCA,CHD4,RPS15A,EIF4A3,POMGNT1,ARHGAP29,FANCG,FANCD2,RPS10,FANCL,SNRPB,SUPT16H,SLC25A19,RPL8,BRIP1,PIEZO2,RPL27,AMMECR1,RAD51C,FKBP14,FANCC,THOC6,STIL,ORC1,RTL1,NODAL,RAD21,RAI1,DLX4,RPS20,DLK1,DHCR24,FANCE,RPS19,SMARCD1,RXYLT1,SIX1,HEATR3,B4GALT7,B3GALNT2,ASPH,POLR3A,DGCR6,PGAP2,ALG9,FANCF,KCNK9,CTNNB1",185,GMT,273,exclude,HP_TRIPHALANGEAL_THUMB,HP_TRIPHALANGEAL_THUMB,0.0109,1.0,31.0,False,21,5.43111034419277,ABNORMAL SOFT PALATE MORPHOLOGY,ABNORMAL SOFT PALATE MORPHOLOGY,22
23,HP_ABNORMAL_THUMB_MORPHOLOGY,HP_ABNORMAL_THUMB_MORPHOLOGY,2.823123817e-07,391,134,"CBFB,PAH,GATA4,SHMT2,IFT56,GTF2IRD1,NUP107,SALL4,EXOSC2,RLIM,DHCR7,OTUD6B,TDO2,XRCC2,NONO,RPGRIP1L,TP53RK,TBC1D24,ALG3,BRCA2,SHH,NAA10,UBE2T,TGDS,DONSON,UBAP2L,PALB2,RFWD3,DHODH,NALCN,VAC14,SOX9,MSX2,FANCB,ADNP,RFC2,ZMYM2,LMBR1,PSMD12,SMOC1,WDR4,KNSTRN,PHF8,FGFRL1,BRCA1,FANCI,RPS7,RECQL4,MAD2L2,EFTUD2,LONP1,NEB,LTBP2,CDC45,RPL35,NUP133,WDR35,SMC1A,SMPD4,SLC35B2,RBMX,NSUN2,BHLHA9,TMEM67,PHGDH,EZH2,DPH2,CHSY1,PUF60,LAGE3,YRDC,CHD7,RPL31,ANKLE2,RPL35A,EXOSC9,LIMK1,FANCA,BPNT2,PTRH2,RECQL,TMEM237,CSPP1,RPS15A,EIF4A3,RFT1,CWF19L1,BUD23,LMNB2,B3GALT6,FANCG,FANCD2,RPS10,ERCC1,PYCR2,GTF2I,FANCL,HDAC8,RPL8,BRIP1,BRD4,RPL27,HNRNPR,BAZ1B,PLXND1,DSE,RAD51C,FANCC,STX1A,TFAP2A,ECEL1,SMC3,KDM1A,RB1,RTL1,RAD21,HEPACAM,TCTN1,G6PC3,GNAS,BICD2,RPS20,SETD5,PTH1R,DLK1,MSL3,RELN,SF3B2,FANCE,RPS19,NPR3,SUZ12,PQBP1,HEATR3",235,GMT,405,keep,HP_CHOANAL_ATRESIA,HP_CHOANAL_ATRESIA,6.8e-05,0.0064,31.0,True,8,6.549270074080974,ABNORMAL THUMB MORPHOLOGY,ABNORMAL THUMB MORPHOLOGY,23
24,HP_TRIPHALANGEAL_THUMB,HP_TRIPHALANGEAL_THUMB,3.6759321541e-06,70,44,"SALL4,XRCC2,TBC1D24,BRCA2,SHH,UBE2T,PALB2,RFWD3,MSX2,FANCB,LMBR1,BRCA1,FANCI,RPS7,MAD2L2,RPL35,RBMX,RPL31,RPL35A,FANCA,RPS15A,FANCG,FANCD2,RPS10,FANCL,RPL8,BRIP1,RPL27,RAD51C,FANCC,RPS20,FANCE,RPS19,HEATR3,FANCF,RAD51,SLX4,ERCC4,RPS24,RPS27,MAFB,RPL11,RPL18,TSR2",25,GMT,72,keep,HP_ABNORMALITY_OF_CHROMOSOME_STABILITY,HP_ABNORMALITY_OF_CHROMOSOME_STABILITY,0.000211,0.000497,21.0,True,20,5.4346325128930815,TRIPHALANGEAL THUMB,TRIPHALANGEAL THUMB,24
25,HP_ABNORMALITY_OF_THUMB_PHALANX,HP_ABNORMALITY_OF_THUMB_PHALANX,1.57337529146e-05,202,79,"CBFB,PAH,GATA4,SHMT2,IFT56,NUP107,SALL4,EXOSC2,RLIM,OTUD6B,XRCC2,NONO,TBC1D24,BRCA2,SHH,NAA10,UBE2T,UBAP2L,PALB2,RFWD3,VAC14,SOX9,MSX2,FANCB,ADNP,LMBR1,PSMD12,SMOC1,KNSTRN,BRCA1,FANCI,RPS7,MAD2L2,RPL35,SMC1A,RBMX,NSUN2,EZH2,CHSY1,PUF60,RPL31,RPL35A,FANCA,BPNT2,RPS15A,CWF19L1,B3GALT6,FANCG,FANCD2,RPS10,PYCR2,FANCL,HDAC8,RPL8,BRIP1,BRD4,RPL27,HNRNPR,RAD51C,FANCC,SMC3,RTL1,RAD21,G6PC3,GNAS,RPS20,SETD5,DLK1,SF3B2,FANCE,RPS19,SUZ12,PQBP1,HEATR3,DHX30,ACAN,ALG9,FANCF,PACS1",166,GMT,208,exclude,HP_TRIPHALANGEAL_THUMB,HP_TRIPHALANGEAL_THUMB,0.0162,1.0,35.0,False,35,4.803167674344107,ABNORMALITY OF THUMB PHALANX,ABNORMALITY OF THUMB PHALANX,25
26,HP_ABNORMAL_LOCALIZATION_OF_KIDNEY,HP_ABNORMAL_LOCALIZATION_OF_KIDNEY,1.19216590709e-05,235,105,"COLEC11,COLEC10,MLXIPL,WT1,GTF2IRD1,SALL4,DHCR7,DKC1,XRCC2,UBA2,TRIP13,BRCA2,UBE2T,PTPN11,CTU2,PALB2,HNRNPU,RFWD3,STRA6,WNT7B,FANCB,DNA2,RFC2,ZMYM2,PSMD12,SMOC1,KNSTRN,BRCA1,FANCI,RPS7,GREB1L,RECQL4,MAD2L2,GRB10,RPL35,POR,SMS,SOX4,MCM5,PUF60,CHD7,RPL31,RPL35A,LIMK1,FANCA,RPS15A,SC5D,BUD23,EBP,FANCG,FANCD2,RPS10,GTF2I,FANCL,SNRPB,RPL8,BRIP1,RPL27,BAZ1B,DSE,LZTFL1,RAD51C,FANCC,STX1A,ZMYM3,THOC6,BBS10,TRIM28,BMPER,RAI1,RPS20,SF3B2,SMARCA4,FANCE,HMGA2,RPS19,SMARCD1,DDB1,XRCC4,CFAP418,HEATR3,POU6F2,FANCF,BBS5,TBL2,RBM8A,WDPCP,VPS37D,RAD51,SLX4,ERCC4,REST,CCNQ,DYNC2LI1,HNRNPH1,RAB3GAP2,DPF2,CHST14,ARL6,RPS24,ESCO2,DIS3L2,TMEM270,TTC8,RPS27",217,GMT,244,exclude,HP_TRIPHALANGEAL_THUMB,HP_TRIPHALANGEAL_THUMB,0.000712,0.4313,35.0,False,31,4.923663302045541,ABNORMAL LOCALIZATION OF KIDNEY,ABNORMAL LOCALIZATION OF KIDNEY,26
27,HP_MYELODYSPLASIA,HP_MYELODYSPLASIA,1.65576487597e-05,114,69,"CLPB,ASXL1,DKC1,THPO,XRCC2,TRIP13,BRCA2,UBE2T,PTPN11,PALB2,RFWD3,GINS1,FANCB,RUNX1,BRCA1,FANCI,RPS7,RECQL4,MAD2L2,BUB1B,CALR,ANAPC1,CSF3R,BUB1,RPL35,BLM,HSPA9,CDKN2A,BUB3,RPL31,RPL35A,FANCA,RPS15A,SRP72,SRSF2,FANCG,FANCD2,RPS10,FANCL,RPL8,BRIP1,RPL27,CHEK2,RAD51C,FANCC,CEP57,NBEAL2,RPS20,FANCE,RPS19,HEATR3,FANCF,ATRX,NAF1,DNAJC21,RAD51,SLX4,ERCC4,NAGS,RPS24,MDM2,RPS27,UBA1,SF3B1,DDX41,RPS14,RPL11,RPL18,TSR2",68,GMT,116,exclude,HP_ABSENT_TESTIS,HP_ABSENT_TESTIS,0.000282,0.0523,21.0,False,36,4.781001334410223,MYELODYSPLASIA,MYELODYSPLASIA,27
28,HP_SIDEROBLASTIC_ANEMIA,HP_SIDEROBLASTIC_ANEMIA,1.89977266753e-05,35,30,"XRCC2,SLC19A2,PUS1,BRCA2,UBE2T,PALB2,RFWD3,FANCB,PNPO,BRCA1,FANCI,MAD2L2,HSPA9,STEAP3,FANCA,FANCG,FANCD2,YARS2,FANCL,BRIP1,RAD51C,FANCC,FANCE,FANCF,TRNT1,RAD51,SLX4,ERCC4,ABCB7,WFS1",7,GMT,36,keep,HP_NEURAL_TUBE_DEFECT,HP_NEURAL_TUBE_DEFECT,0.109,7.74e-08,21.0,True,39,4.721298364912519,SIDEROBLASTIC ANEMIA,SIDEROBLASTIC ANEMIA,28
29,HP_MICROPHTHALMIA,HP_MICROPHTHALMIA,9.506747669e-07,277,122,"RBP4,TBX15,SNX10,MBTPS2,COMT,SALL4,SLC6A1,POLR1B,WNT3,DKC1,XRCC2,CRYAA,TCOF1,RPGRIP1L,COL4A1,TRIP13,POLR1C,BRCA2,SHH,NAA10,UBE2T,TUBB,DONSON,PALB2,RFWD3,NUP188,VAC14,STRA6,WNT7B,PRIM1,CHD6,FANCB,DNA2,AARS1,HMGB3,KIF14,SMOC1,TARS1,BRCA1,FANCI,RECQL4,MAD2L2,BUB1B,FOXC2,RARB,EEFSEC,BUB1,MPLKIP,FOXC1,NSUN2,CENPF,TMEM67,PHGDH,YAP1,RNF113A,POLR1D,ARVCF,BUB3,PUF60,CHD7,TBCE,PXDN,FANCA,TMEM237,CSPP1,POMGNT1,EBP,FANCG,FANCD2,INTS1,ABCB6,FREM2,ERCC1,KIF11,SLC2A1,FANCL,PDGFRB,BRIP1,PIEZO2,RAD51C,ERCC3,FANCC,JARID2,TFAP2A,CEP57,PLK4,RB1,DOCK6,TKFC,TCTN1,ERCC2,SETD5,SF3B2,FANCE,TRIM44,RXYLT1,PQBP1,B3GALNT2,KIF15,ASPH,GTF2H5,SRD5A3,FANCF,SMG9,CTNNB1,TCTN2,NHS,PRSS56,NOTCH1,FKTN,GTF2E2,HDAC6,RAD51,TMEM231,TBL1XR1,SLX4,ERCC4,LRP5,IKBKG,FREM1,CARS1,RAB3GAP2",159,GMT,297,keep,HP_CHOANAL_ATRESIA,HP_CHOANAL_ATRESIA,0.0014,0.0011,33.0,True,14,6.021968033113834,MICROPHTHALMIA,MICROPHTHALMIA,29
30,HP_ABSENT_TESTIS,HP_ABSENT_TESTIS,5.7109456667e-06,26,22,"XRCC2,BRCA2,UBE2T,PALB2,RFWD3,FANCB,BRCA1,FANCI,DHX37,MAD2L2,FANCA,FANCG,FANCD2,FANCL,BRIP1,RAD51C,FANCC,FANCE,FANCF,RAD51,SLX4,ERCC4",5,GMT,26,keep,HP_RENAL_INSUFFICIENCY,HP_RENAL_INSUFFICIENCY,0.0523,1.06e-08,21.0,True,23,5.243291971644828,ABSENT TESTIS,ABSENT TESTIS,30
31,HP_ABNORMAL_PREPUTIUM_MORPHOLOGY,HP_ABNORMAL_PREPUTIUM_MORPHOLOGY,1.22702609258e-05,38,26,"DKC1,XRCC2,BRCA2,UBE2T,PALB2,RFWD3,FANCB,BRCA1,FANCI,MAD2L2,AR,FANCA,FANCG,FANCD2,FANCL,BRIP1,RAD51C,FANCC,FANCE,PQBP1,FERMT1,ERMARD,FANCF,RAD51,SLX4,ERCC4",9,GMT,38,exclude,HP_ABSENT_TESTIS,HP_ABSENT_TESTIS,0.000292,0.0523,21.0,False,32,4.911146201948606,ABNORMAL PREPUTIUM MORPHOLOGY,ABNORMAL PREPUTIUM MORPHOLOGY,31
32,HP_SLOPING_FOREHEAD,HP_SLOPING_FOREHEAD,8.1622326122e-06,189,85,"PAH,PSAT1,VARS1,NUP107,EXOSC5,EIF2S3,XRCC2,RPGRIP1L,TRIP13,BRCA2,ATR,UBE2T,PALB2,METTL5,RFWD3,FANCB,CIT,NCAPD3,KIF14,PHF8,BRCA1,FANCI,MAD2L2,BUB1B,NBN,BUB1,NCAPH,NUP37,ASPM,SMPD4,TSEN15,NSUN2,MCM7,TMEM67,CPAP,PHGDH,WDR62,BUB3,ANKLE2,DDX11,FANCA,TMEM237,CSPP1,TSEN2,SC5D,CENPE,SLC25A22,FANCG,FANCD2,PYCR2,KNL1,KIF11,FANCL,SLC25A19,BRIP1,NCAPD2,RAD51C,FKBP14,FANCC,CEP57,PLK4,STIL,CDK5RAP2,TCTN1,PIGP,SASS6,PTH1R,RELN,FANCE,SIK1,XRCC4,ZNF526,EXOC2,FANCF,MFSD2A,TCTN2,NFIX,EMG1,FKTN,ZIC2,RAD51,ASNS,TMEM231,SLX4,ERCC4",154,GMT,194,exclude,HP_ABSENT_TESTIS,HP_ABSENT_TESTIS,3.36e-06,0.2892,21.0,False,27,5.088191032601785,SLOPING FOREHEAD,SLOPING FOREHEAD,32
33,HP_HYPERGONADOTROPIC_HYPOGONADISM,HP_HYPERGONADOTROPIC_HYPOGONADISM,1.1182251364e-06,57,31,"AHSG,WT1,GATA4,GALK1,NUP107,POLR1C,POLA1,SOX9,TWNK,FANCB,DHX37,CYP17A1,SQSTM1,MRE11,PMM2,FANCA,WWOX,LIG3,TYMP,FANCD2,FANCC,MGME1,CYP19A1,CYB5A,LEPR,GNAS,MANF,CLPP,SLC29A3,FANCE,SIL1",1,GMT,63,keep,itself,,1.0,0.0,0.0,True,15,5.951470749532973,HYPERGONADOTROPIC HYPOGONADISM,HYPERGONADOTROPIC HYPOGONADISM,33
34,HP_ABNORMAL_CEREBRAL_VASCULAR_MORPHOLOGY,HP_ABNORMAL_CEREBRAL_VASCULAR_MORPHOLOGY,7.325143358e-07,353,102,"APOA1,F2,FGG,F7,AGXT,BGN,FGB,FGA,TTR,SERPINF2,F5,APOB,SERPINE1,CPS1,MLXIPL,PROC,F13B,GATA4,GDF2,CFI,GTF2IRD1,TBX20,ALPL,GLA,ABCG5,ODC1,CCND1,EPHB4,F10,THPO,FN1,COL4A1,SLC19A2,ABCG8,MSX2,COL1A1,ANO1,TREM2,PLXNA1,COLGALT1,RNASEH2A,RFC2,RNASEH2B,SPARC,NOS3,PLOD3,ALG8,MMACHC,COL4A2,KIF20A,CALR,TONSL,PCSK9,TNNI3,TGFB3,MCFD2,PIGA,CBS,CD46,DIAPH1,TNNT2,POLR3F,OTC,ITGA2,ALG5,VKORC1,ANGPTL6,NOTCH3,LDLR,COL5A1,PROS1,PMM2,VCP,TGFB2,LIMK1,COL5A2,TMEM237,CACNA1D,RFT1,GANAB,RNF168,GGCX,LIG3,BUD23,CUL7,B3GALT6,PNP,STT3A,MARS2,GTF2I,PDGFB,CFH,PDGFRB,TPP2,BAZ1B,F8,ENG,STX1A,ADAMTS13,SEC63,DNAJB11,ACAD9",241,GMT,377,keep,itself,,1.0,0.0,0.0,True,13,6.1351838714545215,ABNORMAL CEREBRAL VASCULAR MORPHOLOGY,ABNORMAL CEREBRAL VASCULAR MORPHOLOGY,34
35,HP_MENOMETRORRHAGIA,HP_MENOMETRORRHAGIA,1.05599033921e-05,5,3,"FGG,FGB,FGA",57,GMT,5,keep,HP_ABNORMALITY_OF_THE_COMMON_COAGULATION_PATHWAY,HP_ABNORMALITY_OF_THE_COMMON_COAGULATION_PATHWAY,0.1,0.0475,3.0,True,30,4.976340054952756,MENOMETRORRHAGIA,MENOMETRORRHAGIA,35
36,HP_PERSISTENT_BLEEDING_AFTER_TRAUMA,HP_PERSISTENT_BLEEDING_AFTER_TRAUMA,6.2273674011e-06,14,8,"FGG,FGB,FGA,SERPINF2,F5,SERPINE1,F13B,F9",4,GMT,15,keep,HP_ABNORMAL_CEREBRAL_VASCULAR_MORPHOLOGY,HP_ABNORMAL_CEREBRAL_VASCULAR_MORPHOLOGY,0.1002,0.0051,7.0,True,24,5.205695511095136,PERSISTENT BLEEDING AFTER TRAUMA,PERSISTENT BLEEDING AFTER TRAUMA,36
37,HP_ABNORMAL_ELECTROPHYSIOLOGY_OF_SINOATRIAL_NODE_ORIGIN,HP_ABNORMAL_ELECTROPHYSIOLOGY_OF_SINOATRIAL_NODE_ORIGIN,4.9545172513e-06,75,38,"MYO1H,SDHAF2,KCNA5,NPPA,EPAS1,RYR1,POPDC1,HCN4,SDHB,CACNB2,SCN5A,SLMAP,KCNE2,SLC25A11,TNNI3K,MAX,DEPDC5,PRKAG2,PKP2,SDHD,CALM3,CALM1,DLST,AKAP9,SDHA,SCNN1A,CASQ2,CALM2,GPD1L,SCN3B,TRPM4,IRF4,RET,SCN4B,ANK2,MYPN,TMEM127,SCN2B",15,GMT,82,keep,itself,,1.0,0.0,0.0,True,22,5.304998655065731,ABNORMAL ELECTROPHYSIOLOGY OF SINOATRIAL NODE ORIGIN,"ABNORMAL ELECTROPHYSIOLOGY OF SINOATRIAL NODE
ORIGIN",37
38,HP_INCREASED_CIRCULATING_RENIN_CONCENTRATION,HP_INCREASED_CIRCULATING_RENIN_CONCENTRATION,2.12605419725e-05,15,8,"CLCNKA,CLCNKB,SCNN1A,SCNN1G,SCNN1B,NR3C2,HSD3B2,SLC26A3",3,GMT,19,keep,HP_RENAL_INSUFFICIENCY,HP_RENAL_INSUFFICIENCY,0.0237,0.0208,5.0,True,40,4.672425668661924,INCREASED CIRCULATING RENIN CONCENTRATION,INCREASED CIRCULATING RENIN CONCENTRATION,38
39,HP_IMPAIRED_TEMPERATURE_SENSATION,HP_IMPAIRED_TEMPERATURE_SENSATION,6.6628518771e-06,32,14,"PMP22,MFN2,SPTLC2,ATL1,KRT1,NDN,MPZ,CACNA1A,SCN9A,PRRT2,ATP1A2,HPGD,SLCO2A1,KRT9",0,GMT,35,keep,itself,,1.0,0.0,0.0,True,25,5.176339841492957,IMPAIRED TEMPERATURE SENSATION,IMPAIRED TEMPERATURE SENSATION,39
40,HP_ABNORMALITY_OF_CRANIAL_SUTURES,HP_ABNORMALITY_OF_CRANIAL_SUTURES,1.3997124086e-05,384,116,"COLEC11,COLEC10,AGT,ADAMTS2,PSAT1,SNX10,ALPL,COMT,ASXL1,PDX1,COL11A1,CDC6,TCOF1,AGO2,ORC6,ERF,TBC1D24,POLA1,ATR,NAA10,ATIC,DONSON,UBAP2L,HNRNPU,NUP188,VAC14,CYP27B1,TG,MSX2,POLR1A,PAM16,PRIM1,COL1A1,GABRD,CAMSAP1,NCAPG2,DNA2,AARS1,RFC4,PTDSS1,SH3PXD2B,NSMCE2,TARS1,RECQL4,IGF2,WBP4,CDT1,KCNAB2,TGFB3,FKBP10,GRB10,PIGA,P3H1,HNRNPK,CDC45,AMER1,WDR35,MPLKIP,HUWE1,DIAPH1,POR,NSUN2,CLCN7,CPAP,RNF113A,DPH2,BANF1,GNPNAT1,ARVCF,NOTCH3,NUP85,TBCE,TGFB2,CHD4,BPNT2,SC5D,PYCR1,AGTR1,IRX5,CENPE,B3GALT6,NARS2,ERCC1,MASP1,SFRP4,PDGFRB,PPIB,DSE,CDK8,ERCC3,CEP57,PLK4,ORC1,SMC3,RTL1,SETD1A,COL1A2,SMAD6,WDR19,WNK1,ERCC2,PTH1R,KCNJ11,DLK1,TRAIP,IFT52,SCUBE3,ADSL,RPS19,NSRP1,SMARCD1,DDB1,MMP14,ERMARD,DNMT3A,B4GALT7",392,GMT,402,keep,itself,,1.0,0.0,0.0,True,34,4.853961187313465,ABNORMALITY OF CRANIAL SUTURES,ABNORMALITY OF CRANIAL SUTURES,40
