"ID","Description","setSize","enrichmentScore","NES","pvalue","p.adjust","qvalue","rank","leading_edge","core_enrichment","log2err"
"GOCC_CYTOSOLIC_RIBOSOME","GOCC_CYTOSOLIC_RIBOSOME","112","-0.6634112343266687","-2.497583458711873","0.000000000100000000000000","0.0000000254250000000000","0.00000002497483450850468","2666","tags=62%, list=19%, signal=51%","RPS6/RPL7/RPL24/RPS28/UBB/RPSA2/ASCC3/RPS25/ASCC2/LTN1/RPS24/RPL27/RPS29/USP10/RPL23A/RPL28/ZNF598/RPS21/RPS3A/RPL37A/RPL39/RPL18/RPS15/GSPT1/RPL7L1/RPL23/RPL30/UBA52/RPL36/RPLP1/RPL32/RPL38/RPS7/FAU/RPS4X/RPL27A/RPS9/RPLP2/RPL35/RPS23/RPLP0/RPS18/RPS8/RPL12/RPL29/RPL14/RPL10A/RPL10/RPS5/RPL13/RPL8/RPL7A/GCN1/RPL5/RPS14/RPS16/RPS2/EIF2AK4/RPL19/RPL18A/RPS11/RPS19/RACK1/RPL3/RPS3/RPSA/RPL4/RPL13A/EEF1A1",NA
"GOCC_CYTOSOLIC_LARGE_RIBOSOMAL_SUBUNIT","GOCC_CYTOSOLIC_LARGE_RIBOSOMAL_SUBUNIT","52","-0.7150824395341776","-2.402703753407758","0.000000002071126875089565","0.0000004212672063932175","0.00000041380840761182658","1885","tags=62%, list=13%, signal=54%","RPL27/RPL23A/RPL28/RPL37A/RPL39/RPL18/RPL7L1/RPL23/RPL30/UBA52/RPL36/RPLP1/RPL32/RPL38/RPL27A/RPLP2/RPL35/RPLP0/RPL12/RPL29/RPL14/RPL10A/RPL10/RPL13/RPL8/RPL7A/RPL5/RPL19/RPL18A/RPL3/RPL4/RPL13A","0.7749390301364363"
"GOCC_CELL_SUBSTRATE_JUNCTION","GOCC_CELL_SUBSTRATE_JUNCTION","387","-0.5229445820938070","-2.261624791162810","0.000000000100000000000000","0.0000000254250000000000","0.00000002497483450850468","2415","tags=42%, list=17%, signal=36%","TRIOBP/AFAP1/ASAP3/TES/PFN1/PRUNE1/GIT1/PPIA/BSG/PI4KA/ARF1/VCL/SVIL/ERBIN/AJUBA/PXN/MTSS2/PPP1CB/JUP/ACTB/CD81/CDH13/GNA12/PABPC1/RPL27/CSRP1/RPS29/CD99L2/PLAUR/SORBS3/FERMT1/VASP/RPS3A/LPP/RPL37A/MAP2K1/TLN2/RPL18/RRAS2/SLC4A2/DIXDC1/RPS15/IQGAP1/FZD2/RPL23/RPL30/GNB2/CAP1/SRC/EFNA1/TPM4/AMBRA1/CFL1/LAMA3/ACTN4/RPLP1/EPB41L2/PARVB/RPL38/PTPN11/RAC2/PTPN12/LIMA1/RHOU/EZR/RPS7/PLAU/AHNAK/CYFIP1/NPM1/NPHS1/NRP1/RPS4X/RPS9/MRC2/ICAM1/RPLP2/SYNE2/CORO1B/RPLP0/RPS18/CORO1C/RPS8/RPL12/AKAP12/HSPB1/GAK/DNM2/SDCBP/FGFR3/ITGA2/RPL10A/MAP2K2/RPS5/RPL8/CLTC/RPL7A/PROCR/EPPK1/LMO7/TSPAN9/PDLIM1/PRKAR2A/ANXA1/ITGB7/RPL5/VIM/RPS14/MMP14/PEAK1/RPS16/NECTIN2/RPS2/RPL19/HSPA9/HSPG2/RND3/RPS11/PACSIN2/LIMK1/SH3KBP1/PLEC/RPS19/SSH2/SORBS1/DST/CAPN1/RPL3/ADAM9/MCAM/TLN1/MARCKS/LIMS1/FLNC/RPS3/NHERF2/CAPN2/EGFR/MPRIP/AIF1L/RPL4/IGF2R/RPL13A/ITGA1/HMGA1/ITGB5/FHL1/ANXA6/FAT1/MYH9/DLC1/BCAR3/FLNA/ENAH/CDC42EP1/FLNB/NEDD9/ITGA3/L1CAM/CTNNA1/MSN/TGM2",NA
"GOCC_RIBOSOMAL_SUBUNIT","GOCC_RIBOSOMAL_SUBUNIT","173","-0.5587196837550537","-2.221439314157375","0.000000000100000000000000","0.0000000254250000000000","0.00000002497483450850468","3624","tags=57%, list=25%, signal=43%","MRPL19/RPL3L/RPL41/DAP3/RPL6/MRPL12/MRPS22/MRPS26/MRPL37/MRPS10/MRPL14/MRPL55/RPS12/RPL34/RPL15/GADD45GIP1/MRPS35/RPL37/MRPL11/RPS6/RPL7/MRPS18A/AURKAIP1/RPL24/MRPL28/RPS28/RPSA2/MRPS23/MRPL22/RPS25/MRPL10/MRPL35/MRPL4/MRPL41/MRPS12/MRPL48/RPS24/RPL27/RPS29/RPL23A/RPL28/MRPS15/MRPL34/RPS21/RPS3A/MRPL58/RPL37A/MRPS34/RPL39/RPL18/MRPS18B/RPS15/MRPL23/RPL7L1/RPL23/MRPS27/RPL30/UBA52/MRPL45/RPL36/RPLP1/RPL32/RPL38/RPS7/FAU/NPM1/RPS4X/RPL27A/RPS9/RPLP2/RPL35/RPS23/RPLP0/RPS18/RPS8/RPL12/RPL29/RPL14/RPL10A/RPL10/RPS5/RPL13/RPL8/RPL7A/RPL5/RPS14/RPS16/RPS2/RPL19/RPL18A/RPS11/RPS19/RACK1/RPL3/RPS3/RPSA/RPL4/RPL13A",NA
"GOCC_RIBOSOME","GOCC_RIBOSOME","218","-0.5346814938372441","-2.205978335899732","0.000000000100000000000000","0.0000000254250000000000","0.00000002497483450850468","3738","tags=54%, list=26%, signal=41%","ETF1/MRPS31/MRPL46/MRPL19/RPL3L/RPL41/RNF10/DAP3/RPL6/MRPL12/MRPS22/MRPS26/MRPL37/MRPS10/MRPL14/MRPL55/RPS12/PNPT1/RPL34/RPL15/EIF2AK2/GADD45GIP1/MRPS35/RPL37/MRPL11/RPS6/RPL7/MRPS18A/AURKAIP1/EIF4G1/RPL24/MRPL28/OAS1/RPS28/UBB/RPSA2/MRPS23/ASCC3/MRPL22/RPS25/MRPL10/MRPL35/ASCC2/MRPL4/MRPL41/MRPS12/MRPL48/LTN1/RPS24/RPL27/RPS29/USP10/RPL23A/RPL28/MRPS15/MRPL34/ZNF598/RPS21/RPS6KL1/RPS3A/MRPL58/RPL37A/MRPS34/RPL39/RPL18/MRPS18B/RPS15/MRPL23/GSPT1/RPL7L1/RPL23/MRPS27/RPL30/UBA52/MRPL45/RPL36/RPLP1/RPL32/RPL38/RPS7/FAU/NPM1/RPS4X/RPL27A/RPS9/RPLP2/RPL35/RPS23/RPLP0/RPS18/RPS8/RPL12/RPL29/RPL14/RPL10A/RPL10/RPS5/RPL13/RPL8/RPL7A/GCN1/RPL5/RPS14/RPS16/RPS2/EIF2AK4/RPL19/RPL18A/RPS11/RPS19/RACK1/RPL3/EEF2/RPS3/RPSA/RPL4/RPL13A/EEF1A1",NA
"GOCC_LARGE_RIBOSOMAL_SUBUNIT","GOCC_LARGE_RIBOSOMAL_SUBUNIT","105","-0.5741985420262979","-2.142594090690416","0.000000044364493048353254","0.0000064455270614536083","0.00000633140498249330662","3685","tags=58%, list=26%, signal=43%","MRPL46/MRPL19/RPL3L/RPL41/RPL6/MRPL12/MRPL37/MRPL14/MRPL55/RPL34/RPL15/GADD45GIP1/RPL37/MRPL11/RPL7/MRPS18A/RPL24/MRPL28/MRPL22/MRPL10/MRPL35/MRPL4/MRPL41/MRPL48/RPL27/RPL23A/RPL28/MRPL34/MRPL58/RPL37A/RPL39/RPL18/MRPL23/RPL7L1/RPL23/RPL30/UBA52/MRPL45/RPL36/RPLP1/RPL32/RPL38/NPM1/RPL27A/RPLP2/RPL35/RPLP0/RPL12/RPL29/RPL14/RPL10A/RPL10/RPL13/RPL8/RPL7A/RPL5/RPL19/RPL18A/RPL3/RPL4/RPL13A","0.7195128263389107"
"GOCC_CYTOSOLIC_SMALL_RIBOSOMAL_SUBUNIT","GOCC_CYTOSOLIC_SMALL_RIBOSOMAL_SUBUNIT","38","-0.6795004280780554","-2.093735817568736","0.000007582505986137254216","0.0005140939058601058653","0.00050499155243606378991","2427","tags=63%, list=17%, signal=53%","RPS28/RPSA2/RPS25/RPS24/RPS29/RPS21/RPS3A/RPS15/RPS7/FAU/RPS4X/RPS9/RPS23/RPS18/RPS8/RPS5/RPS14/RPS16/RPS2/RPS11/RPS19/RACK1/RPS3/RPSA","0.6105268783859310"
"GOCC_RUFFLE","GOCC_RUFFLE","175","-0.4879396728424186","-1.963959399991686","0.000000492697282747185920","0.0000501073136553888116","0.00004922013239760362238","1589","tags=27%, list=11%, signal=25%","TLN2/NF2/MYO1C/IQGAP1/ABL1/SRC/FSCN1/CFL1/KIF18A/MYO9B/ARHGAP18/ARAP1/LIMA1/EZR/COBL/CYFIP1/CAPG/HIP1R/JCAD/NHERF1/CORO1C/CLCN3/PSD3/ARHGAP45/ARHGEF4/MYO10/MYO5A/CDK6/TESC/PTPRJ/WWC1/ADGRE2/PDE4A/PACSIN2/VIL1/FGD5/S100A11/MACF1/TLN1/S100A6/RPS3/EGFR/AIF1L/CYTH3/MYH9/DLC1/EEF1A1/PODXL","0.6594443980379349"
"GOCC_PLATELET_DENSE_TUBULAR_NETWORK_MEMBRANE","GOCC_PLATELET_DENSE_TUBULAR_NETWORK_MEMBRANE","9","-0.8695555903156702","-1.942960357710149","0.000179228745926330305287","0.0072910253842831170695","0.00716193322988308879451","1157","tags=44%, list=8%, signal=41%","ITPR1/ITPR2/IRAG1/ITPR3","0.5188480777437918"
"GOCC_ADHERENS_JUNCTION","GOCC_ADHERENS_JUNCTION","179","-0.4853806310004387","-1.939844240391329","0.000000833274587269698426","0.0000770400232048439379","0.00007567598151710275181","2576","tags=40%, list=18%, signal=33%","PKP1/PIP5K1C/PAK4/JAG1/DSP/NECTIN3/NECTIN4/CCDC85B/TMOD3/VCL/AJUBA/EPHA4/SHROOM4/JUP/ACTB/CDH13/PDLIM5/CD99L2/SCRIB/SHROOM2/CTNNA2/BMPR2/MICALL1/EHD4/NF2/ADAM15/TNK2/PTPRK/DSC2/LAMA3/FRMD4A/KLHL24/CELSR1/EZR/PALS1/MYO1E/JCAD/NDRG1/CXADR/DLG3/SDCBP/CELSR2/PARD3/PDLIM1/ANXA1/NIBAN2/LYN/CCDC85C/NECTIN2/ESAM/TNKS1BP1/TJP1/PKP2/CDC42EP4/PACSIN2/FMN1/SORBS1/FRMD5/KIFC3/S100A11/TLN1/CYTH3/SMAD7/DLG5/ANXA2/VEGFA/FAT1/MYH9/CDC42EP1/CTNNA1/MSN/TMEM47","0.6594443980379349"
"GOCC_FILOPODIUM","GOCC_FILOPODIUM","86","-0.5233326676466192","-1.927905232107510","0.000048342040183853476735","0.0027313252703877214864","0.00268296545198938541851","1665","tags=31%, list=12%, signal=28%","VASP/INPPL1/NF2/RAPH1/AP2A1/FSCN1/CFL1/APP/TWF2/FARP1/EZR/SYNE2/NHERF1/ADGRA2/CXADR/MYO10/MYO5A/VIL1/IGF2BP1/UTRN/DYNC1H1/PALM/ENAH/IQGAP2/ITGA3/PODXL/MSN","0.5573322387586460"
"GOCC_SMALL_RIBOSOMAL_SUBUNIT","GOCC_SMALL_RIBOSOMAL_SUBUNIT","71","-0.5540687401938963","-1.922973955341240","0.000054556923764685361913","0.0029202311299307902141","0.00286852661540236376567","2666","tags=48%, list=19%, signal=39%","RPS6/MRPS18A/AURKAIP1/RPS28/RPSA2/MRPS23/RPS25/MRPS12/RPS24/RPS29/MRPS15/RPS21/RPS3A/MRPS34/MRPS18B/RPS15/MRPS27/RPS7/FAU/NPM1/RPS4X/RPS9/RPS23/RPS18/RPS8/RPS5/RPS14/RPS16/RPS2/RPS11/RPS19/RACK1/RPS3/RPSA","0.5573322387586460"
"GOCC_ACTIN_FILAMENT_BUNDLE","GOCC_ACTIN_FILAMENT_BUNDLE","86","-0.5192004115107494","-1.912682413588313","0.000067161367606076414235","0.0034151555427689855859","0.00335468808265321043194","2413","tags=42%, list=17%, signal=35%","AFAP1/LUZP1/BAG3/GAS2L1/PXN/SHROOM4/PDLIM5/LPP/PLS3/MYO1C/DIXDC1/FSCN1/TPM4/CFL1/ACTN4/SEPTIN11/LIMA1/RAI14/MYLK/CORO1B/LIMCH1/NEBL/PDLIM1/RFLNB/SEPTIN9/SORBS1/VIL1/DST/SIPA1L3/MYH10/CALD1/MARCKS/MYH14/MYH9/ABLIM1/FLNB","0.5384340963099162"
"GOCC_RUFFLE_MEMBRANE","GOCC_RUFFLE_MEMBRANE","92","-0.5138992985160574","-1.902345872638486","0.000075084576906498472194","0.0036362387959004262641","0.00357185691882074560569","1691","tags=29%, list=12%, signal=26%","FERMT1/NF2/MYO1C/SRC/CFL1/EZR/HIP1R/JCAD/CORO1C/CLCN3/PSD3/ARHGAP45/ARHGEF4/TESC/PTPRJ/WWC1/ADGRE2/PDE4A/PACSIN2/FGD5/MACF1/TLN1/RPS3/EGFR/AIF1L/DLC1/EEF1A1","0.5384340963099162"
"GOCC_EMC_COMPLEX","GOCC_EMC_COMPLEX","10","0.7818649725621752","1.888061798628055","0.001595292228357841424549","0.0386288618152363025238","0.03794491371041974758782","1883","tags=50%, list=13%, signal=43%","EMC7/EMC1/MMGT1/EMC10/EMC3","0.4550598673872295"
"GOCC_MICROVILLUS_MEMBRANE","GOCC_MICROVILLUS_MEMBRANE","27","-0.6358642476755891","-1.882801538971085","0.000996235667878487369739","0.0265964413188735857019","0.02612553472778854357639","1070","tags=33%, list=7%, signal=31%","EZR/S100P/NHERF1/PTPRH/SLC7A11/SLC7A8/SLC6A6/PODXL/MSN","0.4550598673872295"
"GOCC_BASAL_PART_OF_CELL","GOCC_BASAL_PART_OF_CELL","250","-0.4580774722326224","-1.882681979817627","0.000000109656440531350340","0.0000139400750025479112","0.00001369325727531079583","1761","tags=29%, list=12%, signal=26%","SLC3A2/ADORA1/ANK3/MLC1/CTNNA2/INPPL1/BMPR2/SLC16A5/CALHM3/ATP1A1/SLC4A2/MYO1C/CHRM3/IQGAP1/SLC31A1/NKD2/SLC39A14/KCNQ4/AP2A1/HSP90AA1/FOLR1/SLC19A1/CNNM4/SLC4A7/TGFBR3/EZR/STK39/PHLDB1/ATP1B3/KCNJ4/SLC11A2/ATP6V0A4/CXADR/DLG3/ITGA2/EPPK1/ANXA1/KCNJ10/EPB41/ATP2B4/TESC/TJP1/ABCC1/ABCA1/AURKA/MYO1D/ALPK2/DST/FXYD5/ANK2/MET/SLC5A3/TFRC/SLC23A2/EGFR/ABCC4/SLC6A9/CLDN4/ITGA1/ANXA2/SLC38A1/HPGD/SLC7A8/PALM/SLC7A7/SLC1A3/SLC7A1/SLC6A6/NEDD9/ITGA3/MSN/CLDN11","0.7049757151672383"
"GOCC_CLATHRIN_COATED_PIT","GOCC_CLATHRIN_COATED_PIT","73","-0.5315452881587556","-1.876822117142774","0.000205290091284537256017","0.0074564293870133706646","0.00732440865152448033343","2698","tags=42%, list=19%, signal=35%","AP2S1/LDLR/SPHK1/CLTA/LRP1/AP1S1/SLC2A4/CCDC32/EPS15/EPN1/INPP5F/BMPR2/CLTB/AP2B1/TNK2/AP2A1/APP/FCHO1/HSPD1/ITSN1/DNM1/LRP10/VLDLR/HIP1R/DNM2/AAK1/FNBP1/CLTC/SORT1/ARRB1/TFRC","0.5188480777437918"
"GOCC_ACTOMYOSIN","GOCC_ACTOMYOSIN","84","-0.5202221794841791","-1.869887174907603","0.000132757725127643453353","0.0058702002806440608390","0.00576626472137121461048","2413","tags=42%, list=17%, signal=35%","AFAP1/LUZP1/BAG3/GAS2L1/PXN/SHROOM4/PDLIM5/LPP/MYO1C/DBN1/DIXDC1/FSCN1/TPM4/ACTN4/MYO18A/SEPTIN11/LIMA1/RAI14/MYLK/CORO1B/LIMCH1/NEBL/PDLIM1/SEPTIN9/CDC42BPB/SORBS1/DST/SIPA1L3/MYH10/CALD1/CDC42BPA/MYH14/MYH9/ABLIM1/FLNB","0.5188480777437918"
"GOCC_BASOLATERAL_PLASMA_MEMBRANE","GOCC_BASOLATERAL_PLASMA_MEMBRANE","209","-0.4590821645511178","-1.868098473610249","0.000001421538275353506764","0.0001204753688362097036","0.00011834227724819660894","1888","tags=29%, list=13%, signal=26%","ERBB3/SCRIB/SLC3A2/ADORA1/ANK3/MLC1/CTNNA2/SLC16A5/CALHM3/ATP1A1/SLC4A2/CHRM3/IQGAP1/SLC31A1/NKD2/SLC39A14/AP2A1/HSP90AA1/FOLR1/SLC19A1/CNNM4/SLC4A7/TGFBR3/EZR/STK39/ATP1B3/KCNJ4/ATP6V0A4/CXADR/DLG3/EPPK1/ANXA1/KCNJ10/EPB41/ATP2B4/TESC/TJP1/ABCC1/ABCA1/AURKA/MYO1D/ALPK2/FXYD5/ANK2/SLC5A3/TFRC/SLC23A2/EGFR/ABCC4/SLC6A9/ANXA2/SLC38A1/HPGD/SLC7A8/PALM/SLC7A7/SLC7A1/SLC6A6/NEDD9/ITGA3/MSN","0.6435518361507222"
"GOCC_TOR_COMPLEX","GOCC_TOR_COMPLEX","12","-0.7651307122034676","-1.861630972008861","0.002155584136473909749598","0.0466754220583266293820","0.04584900458294262348691","2074","tags=58%, list=14%, signal=50%","RICTOR/MAPKAP1/MTOR/RPTOR/PRR5L/LARP1/SESN2","0.4317076958033464"
"GOCC_CELL_LEADING_EDGE","GOCC_CELL_LEADING_EDGE","384","-0.4321674015960519","-1.859192438989524","0.000000004729406477982347","0.0000008016343980180078","0.00000078744096074039394","2244","tags=30%, list=16%, signal=26%","FGD6/SLC1A2/MTMR6/ARF1/CLIP1/PDE9A/AJUBA/PXN/MTSS2/PPP6R1/PRKCI/HAX1/WASF3/GNAS/ACTB/SWAP70/ICAM5/MAPT/PABPC1/SCRIB/CORO6/ADORA1/CAPZB/FERMT1/CTNNA2/DPYSL3/VASP/INPPL1/DPP9/TLN2/CADM4/NF2/MYO1C/RAPH1/IQGAP1/ABL1/GABRA3/PTPRK/SRC/FSCN1/HCN2/CFL1/KIF18A/APP/DDN/MYO9B/TWF2/ITSN1/PARVB/ARHGAP18/ARAP1/RAC2/LIMA1/EZR/COBL/CYFIP1/CAPG/HIP1R/MYLK/JMY/SSH1/SYNE2/JCAD/NHERF1/CORO1B/CORO1C/PTPN13/CLCN3/PSD3/ARHGAP45/AAK1/GPER1/ARHGEF4/MYO10/VIM/MYO5A/CDK6/SPTBN1/TESC/PTPRJ/WWC1/CDC42BPB/ADGRE2/PDE4A/PACSIN2/LIMK1/RIPOR1/MYO1D/VIL1/DST/FGD5/MYH10/IGF2BP1/S100A11/MACF1/TLN1/S100A6/CDC42BPA/RPS3/EGFR/AIF1L/CYTH3/PLXND1/MYH9/DLC1/STX3/ENAH/ABLIM1/IQGAP2/ATF4/NEDD9/EEF1A1/PODXL/CTNNA1","0.7614608014455848"
"GOCC_SITE_OF_POLARIZED_GROWTH","GOCC_SITE_OF_POLARIZED_GROWTH","150","-0.4639763314039047","-1.820079253605343","0.000033202735541413263816","0.0021104488778510804674","0.00207308206344110649774","2776","tags=39%, list=19%, signal=32%","NDRG2/ERC2/CTSZ/COTL1/AMFR/MYO9A/KIF20B/NGEF/TIAM2/LMTK2/ALS2/PTCH1/GIT1/CPEB4/EPHA4/EXOC6/SIRT2/MAPT/CRMP1/DCTN2/HSP90AB1/KATNB1/NGFR/DPYSL3/PREX1/DBN1/DVL1/ABL1/FSCN1/KIF21A/HSP90AA1/CFL1/APP/TWF2/FKBP4/COBL/PINK1/EXOC4/BASP1/LRRTM1/STMN3/MAP1B/SSH1/CXADR/DNM2/BOC/ADGRL1/USP9X/MYO5A/MYH10/IGF2BP1/FRY/PTPRS/MYH14/STX3/FLNA/KIF21B/L1CAM/TRPV2","0.5573322387586460"
"GOCC_CELL_CORTEX","GOCC_CELL_CORTEX","283","-0.4356974687056496","-1.812383566359827","0.000000440213043924901027","0.0000497440739635138178","0.00004886332409115334477","2241","tags=32%, list=16%, signal=27%","MICAL3/PRKCZ/VCL/CLIP1/PXN/MTSS2/CSNK1G2/EXOC2/HAX1/CLIP4/CYTIP/BFSP1/SHROOM4/EXOC6/ACTB/NOS2/STIM1/MLPH/GRB2/CAPZB/SHROOM2/CTNNA2/MAP2K1/NEDD4/NF2/MYO1C/DBN1/MELK/IQGAP1/NUMA1/DSTN/CAP1/FSCN1/MPP1/TPM4/KIF21A/CFL1/ACTN4/AXIN1/MYO9B/PPFIA3/GPSM2/CALB1/EPB41L2/GLRX3/ARHGAP32/NCL/SEPTIN11/EZR/COBL/AGTRAP/EXOC4/RAI14/STK39/PHLDB1/SAPCD2/HIP1R/ASPH/GIPC1/CORO1C/AKAP12/FNBP1/PARD3/EPB41/RIMS3/SEPTIN9/MYO10/SPTBN2/SPTBN1/ANLN/ITPR2/TRIP10/SPIRE1/MYO1D/DST/MYH10/FRY/MARCKS/CAPN2/AKAP13/ENO1/DYNC1H1/CLIP2/MYH9/DLC1/FLNA/IQGAP2/FLNB/NEDD9/EEF1A1","0.6749628600110250"
"GOCC_SPLICEOSOMAL_COMPLEX","GOCC_SPLICEOSOMAL_COMPLEX","207","0.3866813215564968","1.808727613587698","0.000002441716175890925531","0.0001910173346831593104","0.00018763525356804540097","3162","tags=35%, list=22%, signal=28%","HSPA8/HNRNPH1/DDX5/LUC7L3/SREK1/SRSF1/PRPF39/DDX39B/TRA2A/RBM5/KHDC4/TRA2B/PNN/PRP4K/RBM8A/CIRBP/CENATAC/LUC7L/AAR2/PRPF38A/PRPF38B/IVNS1ABP/SNRPD3/HNRNPDL/SRRM2/CWC25/U2AF1L4/DDX42/PRPF40A/PTBP2/SNRNP70/RBM22/TFIP11/RBMX/HNRNPU/CD2BP2/HNRNPA3/HNRNPK/SNIP1/LSM8/RNPC3/PRKRIP1/PRPF3/LGALS3/HTATSF1/YJU2B/SRRM1/RBM48/ZRSR2/CASC3/CRNKL1/ZNF830/MFAP1/LSM5/RBMX2/GPATCH1/LUC7L2/SF1/LSM6/EIF4A3/AQR/CWC15/BUD13/PRPF4/RBM41/PPIE/PPIL3/DDX23/API5/U2AF2/GEMIN2/RBMXL1","0.6272567397185284"
"GOCC_PLATELET_DENSE_TUBULAR_NETWORK","GOCC_PLATELET_DENSE_TUBULAR_NETWORK","11","-0.7834942657183460","-1.807092238850923","0.002262373599450005507566","0.0479340406383469905260","0.04708533853556160636566","1157","tags=36%, list=8%, signal=33%","ITPR1/ITPR2/IRAG1/ITPR3","0.4317076958033464"
"GOCC_PEPTIDASE_INHIBITOR_COMPLEX","GOCC_PEPTIDASE_INHIBITOR_COMPLEX","9","-0.8070506676959386","-1.803297536650266","0.002120492295763570615719","0.0466754220583266293820","0.04584900458294262348691","1502","tags=56%, list=10%, signal=50%","SERPINB6/PLAT/PLAU/CTSB/SERPINE1","0.4317076958033464"
"GOCC_FILOPODIUM_MEMBRANE","GOCC_FILOPODIUM_MEMBRANE","16","-0.6965773799769491","-1.791637069273079","0.002397797925754703921020","0.0497665406222966080763","0.04888539296372205328334","1665","tags=44%, list=12%, signal=39%","VASP/NF2/SYNE2/MYO10/UTRN/PALM/ITGA3","0.4317076958033464"
"GOCC_IMMUNOLOGICAL_SYNAPSE","GOCC_IMMUNOLOGICAL_SYNAPSE","40","-0.5676086956710750","-1.775691476871396","0.001977026645390127408686","0.0456962749627672637498","0.04488719389774781243219","2479","tags=45%, list=17%, signal=37%","CORO1A/CD37/ARHGDIA/SOCS6/CD81/SCRIB/SNX27/EZR/DUSP3/ICAM1/STOML2/CARD11/PTPRJ/CRACR2A/PRF1/MYH9/NEDD9/ZAP70","0.4317076958033464"
"GOCC_SPINDLE_MIDZONE","GOCC_SPINDLE_MIDZONE","35","-0.5642962159346085","-1.765238954755733","0.002992723097697427923208","0.0584981935203884445551","0.05746244649825690831157","3317","tags=54%, list=23%, signal=42%","ARL8A/RIF1/EML1/RCC2/KIF20B/LUZP1/PLK1/AURKB/NUMA1/KIF14/RACGAP1/KIF18A/CTDP1/CENPV/BIRC5/CENPE/INCENP/AURKA/CCDC69","0.4317076958033464"
"GOCC_NUCLEAR_OUTER_MEMBRANE","GOCC_NUCLEAR_OUTER_MEMBRANE","28","-0.5984882800746353","-1.762698125876498","0.005370582110264877570560","0.0910313667689896660606","0.08941959961213409580072","2590","tags=39%, list=18%, signal=32%","DMPK/SMPD4/NAV3/CPTP/ITPRIP/SYNE2/LRPPRC/DHCR7/ENO1/ITPR3/SYNE3","0.4070179189239539"
"GOCC_ZONULA_ADHERENS","GOCC_ZONULA_ADHERENS","8","-0.8192731482843588","-1.753787033896010","0.004818498289813056417730","0.0844898751851703155857","0.08299392921903026021369","2199","tags=75%, list=15%, signal=64%","VCL/JUP/NECTIN2/SORBS1/KIFC3/CTNNA1","0.4070179189239539"
"GOCC_CORTICAL_CYTOSKELETON","GOCC_CORTICAL_CYTOSKELETON","93","-0.4728120433809162","-1.749786475840166","0.000596805708183888758249","0.0178515119183239659439","0.01753543975955712541648","2901","tags=42%, list=20%, signal=34%","SHROOM3/ACTN1/HIP1/COTL1/WDR1/CORO1A/PIEZO1/VCL/MTSS2/SHROOM4/ACTB/NOS2/MLPH/CAPZB/SHROOM2/NF2/DBN1/IQGAP1/NUMA1/DSTN/CAP1/MPP1/TPM4/CFL1/ACTN4/CALB1/EPB41L2/EZR/HIP1R/EPB41/SPTBN2/SPTBN1/ANLN/CAPN2/AKAP13/MYH9/DLC1/FLNA/EEF1A1","0.4772708153628621"
"GOCC_PODOSOME","GOCC_PODOSOME","38","-0.5645614377096155","-1.739575803791752","0.003264953010568961196819","0.0614899483657154327654","0.06040123045703994081324","3139","tags=53%, list=22%, signal=41%","ERC1/TNS3/NOS1AP/WDR1/SH3PXD2A/VCL/SVIL/SH3PXD2B/SRC/FSCN1/TPM4/ASAP1/ARAP1/PTPN12/RHOU/DNM2/DOCK5/TJP1/PLEC/FLNA","0.4317076958033464"
"GOCC_PARASPECKLES","GOCC_PARASPECKLES","9","0.7341281537633759","1.734341075785315","0.008179212096028698822381","0.1261811777668901402016","0.12394706127104390680493","2812","tags=78%, list=20%, signal=63%","SFPQ/PSPC1/NONO/BCL11A/CPSF6/NUDT21/ALKBH5","0.3807304007227924"
"GOCC_TRANSCRIPTION_FACTOR_AP_1_COMPLEX","GOCC_TRANSCRIPTION_FACTOR_AP_1_COMPLEX","6","-0.8719240704970366","-1.725704095515040","0.003048578423383075265002","0.0584981935203884445551","0.05746244649825690831157","1353","tags=83%, list=9%, signal=75%","JUNB/JUND/FOS/JUN/FOSL2","0.4317076958033464"
"GOCC_CALYX_OF_HELD","GOCC_CALYX_OF_HELD","15","0.6414438417807442","1.718601362105068","0.012126647857197541194307","0.1522062476834407929172","0.14951134108375249698319","915","tags=40%, list=6%, signal=37%","KCNA2/CPLX2/TSPOAP1/CALM1/PRKCG/CALM2","0.3807304007227924"
"GOCC_AMINOACYL_TRNA_SYNTHETASE_MULTIENZYME_COMPLEX","GOCC_AMINOACYL_TRNA_SYNTHETASE_MULTIENZYME_COMPLEX","11","-0.7431855036907536","-1.714121997452964","0.007457577756522323908506","0.1204141963405037096813","0.11828218784970184751515","2037","tags=55%, list=14%, signal=47%","KARS1/QARS1/LARS1/IARS1/EPRS1/MARS1","0.4070179189239539"
"GOCC_LAMELLIPODIUM","GOCC_LAMELLIPODIUM","188","-0.4245042231027750","-1.709532401083606","0.000089307212827987144310","0.0041284288839119514039","0.00405533247417233597837","2606","tags=32%, list=18%, signal=26%","BCAR1/DGKZ/TIAM2/ALS2/CORO1A/PIEZO1/GIT1/FGD6/AJUBA/PXN/MTSS2/PPP6R1/HAX1/WASF3/ACTB/SWAP70/PABPC1/SCRIB/CORO6/CAPZB/CTNNA2/DPYSL3/VASP/INPPL1/NF2/RAPH1/FSCN1/CFL1/APP/MYO9B/TWF2/ITSN1/PARVB/RAC2/LIMA1/CYFIP1/CAPG/MYLK/SSH1/SYNE2/CORO1B/CORO1C/PTPN13/MYO10/TESC/CDC42BPB/LIMK1/VIL1/FGD5/MYH10/IGF2BP1/CDC42BPA/PLXND1/STX3/ENAH/ABLIM1/IQGAP2/NEDD9/PODXL/CTNNA1","0.5384340963099162"
"GOCC_ACETYLCHOLINE_GATED_CHANNEL_COMPLEX","GOCC_ACETYLCHOLINE_GATED_CHANNEL_COMPLEX","12","0.6535863148004873","1.702033897385746","0.020649874146825480947243","0.2005166336927022285863","0.19696636156057778510586","2284","tags=50%, list=16%, signal=42%","CHRND/CHRNA3/CHRNA1/CHRNB1/CHRNB4/CHRNB2","0.3524878575836192"
"GOCC_HEMIDESMOSOME","GOCC_HEMIDESMOSOME","8","-0.7936805127458627","-1.699001847216046","0.013554808111992057775841","0.1548681030862998353470","0.15212606667557049267003","2179","tags=75%, list=15%, signal=64%","ERBIN/JUP/LAMA3/EPPK1/PLEC/DST","0.3807304007227924"
"GOCC_PRESPLICEOSOME","GOCC_PRESPLICEOSOME","16","0.5995391341372518","1.696126721724840","0.021379084146306445712860","0.2013197090443856751563","0.19775521796199979629449","1126","tags=38%, list=8%, signal=35%","LUC7L3/PRPF39/LUC7L/DDX42/PRPF40A/SNRNP70","0.3524878575836192"
"GOCC_MICROTUBULE_END","GOCC_MICROTUBULE_END","33","-0.5488504054100699","-1.691255282168497","0.010057983932620691985838","0.1401228720476060674027","0.13764190915419222127625","2490","tags=39%, list=17%, signal=33%","NAV3/CAMSAP2/GAS2L1/SPAG5/SVIL/CLIP1/CLIP4/NUMA1/KIF2C/CKAP5/DST/ASPM/CLIP2","0.3807304007227924"
"GOCC_ACTIN_BASED_CELL_PROJECTION","GOCC_ACTIN_BASED_CELL_PROJECTION","182","-0.4177035109429968","-1.687648709242442","0.000191765587841151669089","0.0074564293870133706646","0.00732440865152448033343","1795","tags=25%, list=13%, signal=22%","PLEKHG6/PDZD7/VASP/INPPL1/ATP6V1A/NF2/MYO1C/RAPH1/AP2A1/FSCN1/MPP1/CFL1/APP/USH1C/TWF2/FARP1/CALB1/SLC4A7/EZR/EXOC4/S100P/MYO1E/SYNE2/NHERF1/ADGRA2/CXADR/MYO10/MYO5A/PTPRH/CLIC4/MYO1D/VIL1/IGF2BP1/UTRN/SLC7A11/DYNC1H1/SLC7A8/PALM/DOCK4/ENAH/IQGAP2/SLC6A6/ITGA3/PODXL/MSN","0.5188480777437918"
"GOCC_POSTSYNAPTIC_ACTIN_CYTOSKELETON","GOCC_POSTSYNAPTIC_ACTIN_CYTOSKELETON","9","-0.7549062981799487","-1.686784637445537","0.008236528274701164498151","0.1261811777668901402016","0.12394706127104390680493","1983","tags=56%, list=14%, signal=48%","ACTB/ACTN4/MYO9B/ITSN1/MYH10","0.3807304007227924"
"GOCC_BRUSH_BORDER","GOCC_BRUSH_BORDER","87","-0.4683006126216783","-1.684529461083436","0.000968235403014280058588","0.0265964413188735857019","0.02612553472778854357639","2199","tags=31%, list=15%, signal=26%","VCL/PRKCI/ACTB/GNA12/CAPZB/MYO1C/HSP90AA1/FOLR1/SLC19A1/USH1C/LIMA1/EZR/MYO1E/NHERF1/SLC11A2/ATP6V0A4/CORO2A/PLEC/MYO1D/VIL1/MYH10/MYH14/SLC7A11/MYH9/ITPR3/FLNB/SLC38A2","0.4772708153628621"
"GOCC_LUMENAL_SIDE_OF_ENDOPLASMIC_RETICULUM_MEMBRANE","GOCC_LUMENAL_SIDE_OF_ENDOPLASMIC_RETICULUM_MEMBRANE","24","0.5476204904408932","1.683710246582024","0.009571806817686979301785","0.1371060215998261555548","0.13467847392625861835391","2005","tags=33%, list=14%, signal=29%","CD74/PKD2/SPPL2B/SPPL2A/HLA-F/ALG6/ALG10B/HLA-B","0.3807304007227924"
"GOCC_GOLGI_MEDIAL_CISTERNA","GOCC_GOLGI_MEDIAL_CISTERNA","10","0.6963299626229082","1.681510296285675","0.015389563674962591227624","0.1647493290256521747406","0.16183233934327820313648","2033","tags=60%, list=14%, signal=52%","MAN2A1/YIPF1/TMEM59/B3GALT6/YIPF6/GOSR1","0.3807304007227924"
"GOCC_MICROVILLUS","GOCC_MICROVILLUS","75","-0.4694655214804366","-1.679149086022083","0.003548726301472084586341","0.0656191754290383622017","0.06445734697835867055282","1593","tags=25%, list=11%, signal=23%","ATP6V1A/MYO1C/FSCN1/USH1C/EZR/EXOC4/S100P/MYO1E/NHERF1/PTPRH/CLIC4/MYO1D/VIL1/SLC7A11/SLC7A8/IQGAP2/SLC6A6/PODXL/MSN","0.4317076958033464"
"GOCC_SPINDLE","GOCC_SPINDLE","406","-0.3867881415580811","-1.676735043319707","0.000003002926388455511115","0.0002181411526470896137","0.00021427882740828005804","3135","tags=32%, list=22%, signal=26%","RAD21/TOPBP1/SMC1A/EML1/MAPK14/CKAP2L/CHMP1A/STAG2/KNSTRN/KIF16B/NUBP2/RCC2/SHCBP1/MAD2L1/PRPF19/SGO1/CLTA/TACC3/DCDC2/MZT2A/TBL1XR1/FLCN/AUNIP/LSM14A/KIF20B/CEP170/LUZP1/CEP250/SMC3/NDE1/KIF3B/SPAG5/LEMD2/BNIP2/GIT1/SMC6/EVI5/EML2/CHMP4C/EML3/MICAL3/MMS19/DCUN1D5/CDC14B/ZZZ3/YPEL5/ERCC2/SIRT2/BBLN/CRMP1/PLK2/PLK1/TTL/TPPP/TUBGCP4/PLEKHG6/ALPK1/HAUS6/CDC25B/KATNB1/AURKB/INPPL1/SKA1/TUBGCP2/NUDC/NUMA1/POC1A/LIMK2/UHRF1/KIF14/BUB1B/MZT2B/DYNLT1/CDC20/WNK1/ANAPC5/CNTRL/RACGAP1/KIF18A/CTDP1/CCNB1/CENPV/GPSM2/NEK2/TTK/TTLL12/SLC25A5/SNCG/BIRC6/NPM1/ALMS1/CAPG/CAPN6/RANGAP1/HMMR/MAP7D1/DLGAP5/BIRC5/CENPE/NCOR1/KIF2C/CEP350/HSPB1/CLTC/ESPL1/ANXA11/TUBB2A/KIF20A/PARP4/TPX2/TUBB4A/RPS6KA2/CKAP5/INCENP/AURKA/MYH10/MAP4/ASPM/POC1B/CENPF/CCDC69/FRY/RPS3/TUBB2B/TBL1X/MTUS1/NEK6/MYC/MYH9/MID1/NEDD9","0.6272567397185284"
"GOCC_KERATIN_FILAMENT","GOCC_KERATIN_FILAMENT","51","0.4638010039965185","1.675068396441992","0.004403218185780884141867","0.0785626823673536700543","0.07717168104892335733780","2042","tags=35%, list=14%, signal=30%","KRT5/KRT75/KRT71/KRT16/KRT39/KRT6B/KRTAP9-9/KRT15/KRT85/KRT74/KRTAP3-2/KRT23/KRT72/KRTAP3-1/KRTAP3-3/SACK1H/KRT86/KRT40","0.4070179189239539"
"GOCC_POSTSYNAPTIC_CYTOSKELETON","GOCC_POSTSYNAPTIC_CYTOSKELETON","11","-0.7246272891600651","-1.671318358788692","0.012053756612447933185828","0.1522062476834407929172","0.14951134108375249698319","1983","tags=55%, list=14%, signal=47%","ACTB/ACTN4/MYO9B/ITSN1/SPTBN2/MYH10","0.3807304007227924"
"GOCC_TORC2_COMPLEX","GOCC_TORC2_COMPLEX","9","-0.7457729991143817","-1.666376927786554","0.010654531484337731450651","0.1464278178320469470108","0.14383522193891215557038","2074","tags=56%, list=14%, signal=48%","RICTOR/MAPKAP1/MTOR/PRR5L/SESN2","0.3807304007227924"
"GOCC_MIDBODY","GOCC_MIDBODY","178","-0.4158731675155957","-1.666049661395241","0.000259527582557770913809","0.0084001087532315898282","0.00825137958565980329795","2589","tags=31%, list=18%, signal=26%","FLCN/KIF20B/TACC1/TRIOBP/LUZP1/SPAG5/PTCH1/CHMP4C/EML3/MICAL3/SVIL/EXOC2/YPEL5/EXOC6/SIRT2/CRMP1/PLK1/KATNB1/AURKB/MARK4/CCDC124/IQGAP1/NUDC/KIF14/UVRAG/CNTRL/RACGAP1/CTDP1/NEK2/TTLL12/EXOC4/BIRC6/CAPG/PITPNM1/SSH1/MAP7D1/BIRC5/CENPE/CEP55/DNM2/ANXA11/ZFYVE26/KIF20A/ANLN/MTCL2/INCENP/CLIC4/AURKA/RACK1/MYH10/ASPM/CENPF/CCDC69/PKN1/ANXA2","0.4984931087665903"
"GOCC_CLATHRIN_COATED_VESICLE","GOCC_CLATHRIN_COATED_VESICLE","188","-0.4129627879919272","-1.663053576602698","0.000235590927835022448649","0.0079865324536072604400","0.00784512591251300406281","3205","tags=40%, list=22%, signal=31%","ATP6V0E2/RAB5A/RAB27B/ATP7A/ROR2/HBEGF/M6PR/AP1M2/ASTN2/HIP1/LDLRAP1/ATP6V0D1/ATP6V1E1/AP2S1/LDLR/CLTA/RAB27A/AP1S1/SLC2A4/SNX3/DNAJC5/RAB12/NCALD/EPS15/ATP6V1D/MALL/HAX1/ATP6V1H/VPS11/APOE/PIK3C2A/SLC2A8/EPN1/FZD5/AP3B1/STEAP2/VAMP8/INPP5F/MLC1/RNF216/VPS18/ATP6V1A/CLTB/DVL1/AP2B1/FZD2/TNK2/AP2A1/FOLR1/FCHO1/RAB3A/AREG/ECE1/SYNRG/HIP1R/MYO1E/GAK/DNM2/AP1B1/AAK1/CLTC/SORT1/EREG/SPG21/WIPI1/DNAJC6/SYT1/CRACR2A/TFRC/SNX18/EGFR/IGF2R/UNC13D/FURIN/WNT5A","0.5188480777437918"
"GOCC_SERINE_PROTEASE_INHIBITOR_COMPLEX","GOCC_SERINE_PROTEASE_INHIBITOR_COMPLEX","5","-0.8656082032295196","-1.656813282986658","0.005937752305964437080088","0.0989949851666529906380","0.09724221717636316597577","1502","tags=80%, list=10%, signal=72%","SERPINB6/PLAT/PLAU/SERPINE1","0.4070179189239539"
"GOCC_LEWY_BODY","GOCC_LEWY_BODY","9","-0.7407783903964661","-1.655216828479205","0.011863537096755199726217","0.1522062476834407929172","0.14951134108375249698319","1056","tags=33%, list=7%, signal=31%","PINK1/HERPUD1/ATF4","0.3807304007227924"
"GOCC_LEADING_EDGE_MEMBRANE","GOCC_LEADING_EDGE_MEMBRANE","157","-0.4210274704839254","-1.654970033005676","0.001019922528452379441311","0.0265964413188735857019","0.02612553472778854357639","2234","tags=29%, list=16%, signal=25%","SLC1A2/MTMR6/PDE9A/MTSS2/ICAM5/MAPT/ADORA1/FERMT1/VASP/NF2/MYO1C/GABRA3/PTPRK/SRC/HCN2/CFL1/APP/DDN/EZR/HIP1R/SYNE2/JCAD/CORO1C/CLCN3/PSD3/ARHGAP45/GPER1/ARHGEF4/SPTBN1/TESC/PTPRJ/WWC1/ADGRE2/PDE4A/PACSIN2/MYO1D/FGD5/MACF1/TLN1/RPS3/EGFR/AIF1L/PLXND1/DLC1/ATF4/EEF1A1","0.4550598673872295"
"GOCC_MEMBRANE_MICRODOMAIN","GOCC_MEMBRANE_MICRODOMAIN","236","-0.4021700258965617","-1.649645296550891","0.000202302410827609794285","0.0074564293870133706646","0.00732440865152448033343","2861","tags=35%, list=20%, signal=29%","NOS1AP/RTN4RL2/F2R/TAOK3/FYN/PLSCR1/SMPD2/VDAC1/SLC2A4/CD226/RHOQ/CD55/LRP6/BST2/CD79A/NTSR1/PTCH1/PAG1/SLC1A2/EPHB1/RAP2B/CD14/VCL/NPC1/MALL/LAT2/CDH13/STIM1/MAPT/PIKFYVE/MLC1/GAB2/BMPR2/GPRC5B/ADGRG1/ATP1A1/MYO1C/LDHB/CAVIN2/SRC/KIF18A/APP/PRNP/SELPLG/TNFRSF1A/SCARB1/OLR1/AKAP6/EZR/AHNAK/STOM/ICAM1/STOML2/KCNMA1/CORO1C/LRP4/RFTN1/CXADR/PLPP2/SDCBP/PGK1/HK1/PRKAR2A/CARD11/LYN/ATP2B4/INPP5D/IRS1/PACSIN2/ABCA1/SORBS1/CAPN2/EGFR/SMURF2/ANXA2/TNFRSF1B/DLC1/MYOF/EFNB1/FURIN/ZAP70/PODXL/CTNNA1","0.5188480777437918"
"GOCC_CELL_PROJECTION_MEMBRANE","GOCC_CELL_PROJECTION_MEMBRANE","289","-0.3912956536368876","-1.647027515190050","0.000046375084069614228239","0.0027313252703877214864","0.00268296545198938541851","1574","tags=21%, list=11%, signal=19%","MICALL1/CLTB/NF2/MYO1C/GABRA3/SRC/FSCN1/HCN2/HSP90AA1/FOLR1/ADCY3/CFL1/SLC19A1/APP/DDN/LIMA1/EZR/S100P/HIP1R/GPR157/SYNE2/JCAD/NHERF1/CORO1C/SLC11A2/ATP6V0A4/CLCN3/PSD3/ARHGAP45/GPER1/ARHGEF4/MYO10/SPTBN1/TESC/PTPRJ/PTPRH/WWC1/ADGRE2/PDE4A/PACSIN2/MYO1D/SCNN1A/FGD5/MACF1/TLN1/UTRN/DHRS3/RPS3/EGFR/AIF1L/SLC7A11/PLXND1/SLC7A8/PALM/DLC1/ATF4/SLC6A6/EEF1A1/ITGA3/PODXL/MSN","0.5573322387586460"
"GOCC_SYNAPTOBREVIN_2_SNAP_25_SYNTAXIN_1A_COMPLEX","GOCC_SYNAPTOBREVIN_2_SNAP_25_SYNTAXIN_1A_COMPLEX","7","0.7554560843064496","1.643858049930712","0.035475351272882899023031","0.2733214563978932365451","0.26848212944585486683380","219","tags=29%, list=2%, signal=28%","VAMP1/VAMP2","0.3217759180753611"
"GOCC_GTPASE_COMPLEX","GOCC_GTPASE_COMPLEX","33","-0.5325768550727095","-1.641109144539005","0.015109764577867321189153","0.1634747933584156098785","0.16058037012540524179904","2250","tags=27%, list=16%, signal=23%","GNB1/GNAS/GNA12/GNB2/GNAZ/GNAL/GNG12/RRAGD/GNG11","0.3807304007227924"
"GOCC_BETA_CATENIN_DESTRUCTION_COMPLEX","GOCC_BETA_CATENIN_DESTRUCTION_COMPLEX","12","0.6300660945259625","1.640783820273221","0.033000908455604480162826","0.2622025304636699805094","0.25756007103407330127709","835","tags=33%, list=6%, signal=31%","CTNNB1/AXIN2/GSK3A/DACT1","0.3217759180753611"
"GOCC_CHROMOSOME_PASSENGER_COMPLEX","GOCC_CHROMOSOME_PASSENGER_COMPLEX","5","-0.8569799102488873","-1.640298339659554","0.008312820954160905079222","0.1261811777668901402016","0.12394706127104390680493","1707","tags=80%, list=12%, signal=70%","AURKB/BIRC5/INCENP/AURKA","0.3807304007227924"
"GOCC_MYOSIN_FILAMENT","GOCC_MYOSIN_FILAMENT","12","-0.6731241142002220","-1.637770748206392","0.029583685160425317317578","0.2446065675459556665317","0.24027565562059444159715","1271","tags=50%, list=9%, signal=46%","MYO18A/MYBPH/MYH10/MYOM1/MYH14/MYH9","0.3524878575836192"
"GOCC_CYTOPLASMIC_SIDE_OF_PLASMA_MEMBRANE","GOCC_CYTOPLASMIC_SIDE_OF_PLASMA_MEMBRANE","132","-0.4236824135552427","-1.634137600495208","0.000801082595929434758061","0.0232771714302924329076","0.02286503458397823318471","3274","tags=35%, list=23%, signal=27%","TRAF2/GNA13/DSG1/KRAS/PTPN4/SYAP1/CYTH1/LDLRAP1/TRAF3/DNAJA3/AP2S1/GPHN/NTSR1/CHMP4C/GNB1/GM2A/SHROOM4/JUP/GNAS/GNA12/SOCS3/STAC2/AP2B1/IQGAP1/KIT/AP2A1/GNB2/RACGAP1/FARP1/G6PD/LITAF/GNAZ/GNAL/ESYT2/GNG12/MAP2K2/LYN/KCNAB2/RGS16/MYH10/S100A6/SNX18/RASA3/PALM/MYH9/GNG11","0.4772708153628621"
"GOCC_LUMENAL_SIDE_OF_MEMBRANE","GOCC_LUMENAL_SIDE_OF_MEMBRANE","33","0.4818012239932049","1.630218126254955","0.012646027010117385017129","0.1522062476834407929172","0.14951134108375249698319","2143","tags=30%, list=15%, signal=26%","HSPA8/CD74/PKD2/SPPL2B/SPPL2A/HLA-F/ALG6/ALG10B/HLA-B/DNAJC19","0.3807304007227924"
"GOCC_FLEMMING_BODY","GOCC_FLEMMING_BODY","24","-0.5678201010792734","-1.627398394450574","0.012287414602866026172578","0.1522062476834407929172","0.14951134108375249698319","2254","tags=42%, list=16%, signal=35%","CHMP4C/MICAL3/EXOC2/EXOC6/CNTRL/RACGAP1/EXOC4/BIRC6/CAPG/CEP55","0.3807304007227924"
"GOCC_SERINE_PALMITOYLTRANSFERASE_COMPLEX","GOCC_SERINE_PALMITOYLTRANSFERASE_COMPLEX","8","0.7099557079515768","1.624445583598119","0.030934796139957417698829","0.2516855013946935337721","0.24722925252792501971122","1345","tags=50%, list=9%, signal=45%","ORMDL1/SPTLC3/ORMDL3/ORMDL2","0.3524878575836192"
"GOCC_OLIGOSACCHARYLTRANSFERASE_COMPLEX_A","GOCC_OLIGOSACCHARYLTRANSFERASE_COMPLEX_A","9","0.6871373608946738","1.623327675961151","0.023298216458194246497593","0.2115561262319959612288","0.20781039299525760899456","3409","tags=67%, list=24%, signal=51%","KRTCAP2/STT3A/RPN1/DAD1/OSTC/TMEM258","0.3524878575836192"
"GOCC_EXON_EXON_JUNCTION_COMPLEX","GOCC_EXON_EXON_JUNCTION_COMPLEX","21","0.5418970392360870","1.617533677108189","0.017382384282543291570411","0.1797443279143546568388","0.17656184241901295983723","3386","tags=48%, list=24%, signal=36%","SRSF1/PNN/RBM8A/PYM1/SAP18/CASC3/EIF4A3/ACIN1/THRAP3/UPF3A","0.3524878575836192"
"GOCC_POSTSYNAPTIC_ENDOCYTIC_ZONE","GOCC_POSTSYNAPTIC_ENDOCYTIC_ZONE","8","-0.7542174624321956","-1.614524788370620","0.027674295653607690337328","0.2365105771404959755788","0.23232300977757389115474","2672","tags=88%, list=19%, signal=71%","CLTA/EPS15/AP2B1/AP2A1/FCHO1/ITSN1/HIP1R","0.3524878575836192"
"GOCC_ACTIN_FILAMENT","GOCC_ACTIN_FILAMENT","106","-0.4359246116112716","-1.614046389086343","0.001713988765531355160446","0.0405378273150090312482","0.03982007978472727055541","2885","tags=38%, list=20%, signal=30%","ACTN1/CARMIL1/FHDC1/FYN/DNAJA3/COTL1/MYO9A/CORO1A/AFAP1/RHOQ/LUZP1/GAS2L1/DIAPH2/SHROOM4/ACTB/PDLIM5/CORO6/DPYSL3/VPS18/PLS3/MYO1C/IQGAP1/SRC/TPM4/MYO9B/TWF2/RAC2/LIMA1/EZR/COBL/CORO1B/CORO1C/SPECC1/PDLIM1/ANXA1/MYO5A/CORO2A/FMN1/AIF1L/FLNA","0.4550598673872295"
"GOCC_CORTICAL_ACTIN_CYTOSKELETON","GOCC_CORTICAL_ACTIN_CYTOSKELETON","68","-0.4696971079159151","-1.613030903112448","0.002840125702195861554650","0.0566354478261410013151","0.05563268187897434102762","2901","tags=43%, list=20%, signal=34%","SHROOM3/ACTN1/HIP1/COTL1/WDR1/CORO1A/PIEZO1/VCL/MTSS2/SHROOM4/MLPH/SHROOM2/NF2/IQGAP1/DSTN/CAP1/CFL1/ACTN4/CALB1/EPB41L2/HIP1R/SPTBN2/SPTBN1/ANLN/CAPN2/AKAP13/MYH9/DLC1/EEF1A1","0.4317076958033464"
"GOCC_MITOTIC_SPINDLE_POLE","GOCC_MITOTIC_SPINDLE_POLE","38","-0.5221747405742387","-1.608970226056072","0.012947490276528372116216","0.1531116001305738993921","0.15040066370082302849021","3960","tags=50%, list=28%, signal=36%","NSMCE1/TNKS/HSF1/SMC1A/EML1/STAG2/KIF20B/SMC3/SPAG5/GIT1/SMC6/YPEL5/PLK1/AURKB/NUMA1/CNTRL/GPSM2/AURKA/ASPM","0.3807304007227924"
"GOCC_CONTRACTILE_RING","GOCC_CONTRACTILE_RING","10","-0.6986291129956665","-1.607451040164485","0.013211118847487072699987","0.1544334237689006239513","0.15169908362674788815383","495","tags=30%, list=3%, signal=29%","ANLN/UTRN/MYH9","0.3807304007227924"
"GOCC_INTEGRIN_COMPLEX","GOCC_INTEGRIN_COMPLEX","24","-0.5588755780093801","-1.601762982010256","0.014365956502193308677584","0.1605514039860504726942","0.15770874118622180137805","721","tags=25%, list=5%, signal=24%","ITGA2/ITGB7/LYN/ITGA1/ITGB5/ITGA3","0.3807304007227924"
"GOCC_EUKARYOTIC_TRANSLATION_INITIATION_FACTOR_2_COMPLEX","GOCC_EUKARYOTIC_TRANSLATION_INITIATION_FACTOR_2_COMPLEX","5","-0.8350408187864730","-1.598305925521181","0.016221919000321199239023","0.1718509544096527008605","0.16880822601807898841741","2235","tags=80%, list=16%, signal=68%","EIF2S3B/EIF2A/EIF2S3/EIF2S2","0.3524878575836192"
"GOCC_MITOTIC_SPINDLE","GOCC_MITOTIC_SPINDLE","161","-0.4083310063430123","-1.593836208904121","0.001331712229748961045031","0.0330329594549925234515","0.03244809029359225355238","3117","tags=34%, list=22%, signal=27%","SMC1A/EML1/CKAP2L/STAG2/KNSTRN/RCC2/SHCBP1/MAD2L1/DCDC2/TBL1XR1/FLCN/LSM14A/KIF20B/SMC3/SPAG5/GIT1/SMC6/EML2/EML3/CDC14B/ZZZ3/YPEL5/SIRT2/PLK1/TPPP/HAUS6/AURKB/SKA1/NUDC/NUMA1/LIMK2/WNK1/CNTRL/RACGAP1/KIF18A/GPSM2/BIRC6/CAPG/DLGAP5/CENPE/NCOR1/CLTC/ESPL1/TUBB2A/KIF20A/TPX2/TUBB4A/AURKA/MAP4/ASPM/RPS3/TUBB2B/TBL1X/NEDD9","0.4550598673872295"
"GOCC_SREBP_SCAP_INSIG_COMPLEX","GOCC_SREBP_SCAP_INSIG_COMPLEX","5","-0.8311619018721976","-1.590881502966963","0.018610124392582531177576","0.1873910545272914063286","0.18407317896532071621607","715","tags=60%, list=5%, signal=57%","SREBF2/INSIG2/SREBF1","0.3524878575836192"
"GOCC_PROTEASE_INHIBITOR_COMPLEX","GOCC_PROTEASE_INHIBITOR_COMPLEX","6","-0.8034435021144113","-1.590167984837733","0.021750154829564709302314","0.2022193260421868421517","0.19863890667944802959077","1502","tags=67%, list=10%, signal=60%","SERPINB6/PLAT/PLAU/SERPINE1","0.3524878575836192"
"GOCC_CLATHRIN_COAT_OF_COATED_PIT","GOCC_CLATHRIN_COAT_OF_COATED_PIT","17","-0.6043960747983628","-1.588966720831039","0.024630591393904641833723","0.2159423400655260394387","0.21211894617564411302801","4932","tags=76%, list=34%, signal=50%","STON1/TBC1D5/SGIP1/STON2/EPS15L1/AP2A2/AP2S1/CLTA/EPS15/CLTB/AP2B1/AP2A1/CLTC","0.3524878575836192"
"GOCC_MKS_COMPLEX","GOCC_MKS_COMPLEX","15","0.5906003472306967","1.582377902939392","0.038910990941362709472084","0.2824275826711099557365","0.27742702607071761944368","3852","tags=60%, list=27%, signal=44%","TMEM216/CC2D2A/TCTN1/TMEM237/MKS1/TCTN2/TMEM107/CEP290/TMEM17","0.3217759180753611"
"GOCC_CONDENSIN_COMPLEX","GOCC_CONDENSIN_COMPLEX","8","-0.7390488796521117","-1.582053977069166","0.036256436381583448391730","0.2751701179109729000771","0.27029805925318645121180","2392","tags=62%, list=17%, signal=52%","NCAPG2/NCAPD3/NCAPG/NCAPH/NCAPD2","0.3217759180753611"
"GOCC_BASEMENT_MEMBRANE","GOCC_BASEMENT_MEMBRANE","85","-0.4363803150911199","-1.581553012463026","0.007459286498969256405667","0.1204141963405037096813","0.11828218784970184751515","2296","tags=34%, list=16%, signal=29%","COL2A1/LAMB1/LAD1/ERBIN/COL8A2/LAMA5/LAMB3/VWA1/SPARC/COL4A4/LAMA3/COL7A1/MEGF9/LAMC1/ACHE/APLP1/COL13A1/TIMP3/HSPG2/FBLN1/NTN1/COL6A1/FRAS1/DST/LOXL2/ANXA2/TGFBI/COL4A1/FN1","0.4070179189239539"
"GOCC_APICAL_PLASMA_MEMBRANE","GOCC_APICAL_PLASMA_MEMBRANE","305","-0.3720315355039822","-1.581544050130395","0.000264310206591357812773","0.0084001087532315898282","0.00825137958565980329795","2209","tags=25%, list=15%, signal=22%","PRKCZ/EPS15/GM2A/PRKCI/HAX1/SLC6A20/SHROOM4/HPN/GNAS/IGFBP2/GNA12/ERBB3/ARHGEF18/SLC3A2/MLC1/SHROOM2/OTOG/BMPR2/ATP6V1A/ATP1A1/SLC4A2/IQGAP1/SLC31A1/SLC39A14/AP2A1/IL6R/HSP90AA1/FOLR1/SLC19A1/RAPGEF2/OCEL1/STK26/SLC4A7/ITPK1/LIMA1/EZR/PALS1/STK39/SAPCD2/HIP1R/ATP1B3/KCNMA1/SLC43A1/NHERF1/SLC11A2/ATP6V0A4/PARD3/LMO7/ANO1/ANXA1/CTSB/SPTBN2/PTPRH/ABCC1/NEDD4L/PFKM/SLC6A8/SIPA1L3/SCNN1A/ANK2/ASPM/SLC5A3/SLC23A2/NHERF2/ABCC4/SLC6A9/CLDN4/SLC7A11/SLC38A1/SLC7A8/STX3/PALM2AKAP2/SLC7A1/SLC6A6/PODXL/MSN/FN1","0.4984931087665903"
"GOCC_MEIOTIC_SPINDLE","GOCC_MEIOTIC_SPINDLE","15","-0.6134712163676813","-1.578768623168032","0.038291360362788844085014","0.2824275826711099557365","0.27742702607071761944368","2005","tags=40%, list=14%, signal=34%","SIRT2/CNTRL/RPS6KA2/INCENP/AURKA/ASPM","0.3217759180753611"
"GOCC_PIGMENT_GRANULE","GOCC_PIGMENT_GRANULE","106","-0.4252342389607919","-1.574464413407758","0.002783241925613970553510","0.0566111407669881577798","0.05560880519147263362223","3250","tags=41%, list=23%, signal=32%","ERP29/GNA13/RAB5C/RAB5A/RAB27B/ATP7A/RAB17/HPS4/RAB7A/RAB27A/NAP1L1/BACE2/BSG/DNAJC5/APOE/RAB29/OCA2/CCT4/HSP90AB1/SLC3A2/ATP1A1/ANKRD27/HSP90AA1/PRDX1/CAPG/STOM/ATP1B3/SLC1A4/SDCBP/CLTC/ANXA11/CTSB/GGH/MYO5A/MMP14/SND1/FASN/AHCY/TFRC/ANXA2/ANXA6/STX3/TRPV2","0.4317076958033464"
"GOCC_FIBRINOGEN_COMPLEX","GOCC_FIBRINOGEN_COMPLEX","4","-0.8933093209643135","-1.571928295211132","0.008721532360499505837081","0.1285478030525796788730","0.12627178397915550522868","3","tags=25%, list=0%, signal=25%","FN1","0.3807304007227924"
"GOCC_SMALL_SUBUNIT_PROCESSOME","GOCC_SMALL_SUBUNIT_PROCESSOME","73","-0.4441410307740263","-1.568208256675055","0.013496978549347034628814","0.1548681030862998353470","0.15212606667557049267003","4163","tags=49%, list=29%, signal=35%","UTP4/UTP11/EXOSC10/XRCC5/RPS27A/RRP7A/FCF1/AATF/NAT10/RCL1/RPS12/NOC4L/IMP4/RPS6/UTP20/NOP14/RPS28/SNU13/RPS24/WDR43/RPS3A/DHX37/TBL3/RPS7/FBL/RPS4X/RPS9/RPS23/HEATR1/RPS8/RPS5/RPS14/RPS16/RPS11/RPS19/PRKDC","0.3807304007227924"
"GOCC_CELL_BODY_MEMBRANE","GOCC_CELL_BODY_MEMBRANE","18","0.5408860389000990","1.566259151669568","0.031887847310758360430683","0.2573804818654067405603","0.25282339981544632578903","69","tags=17%, list=0%, signal=17%","GRIA1/KCNA2/SLC12A2","0.3217759180753611"
"GOCC_MICROTUBULE_MINUS_END","GOCC_MICROTUBULE_MINUS_END","7","-0.7476673294642296","-1.566078722329245","0.049124061405141056235735","0.3330611363268563551721","0.32716408106107186526401","2475","tags=57%, list=17%, signal=47%","CAMSAP2/SVIL/NUMA1/ASPM","0.3217759180753611"
"GOCC_POSTSYNAPTIC_DENSITY_INTRACELLULAR_COMPONENT","GOCC_POSTSYNAPTIC_DENSITY_INTRACELLULAR_COMPONENT","17","0.5531834647771142","1.564803011210289","0.032142123534843046461784","0.2573900758656328946472","0.25283282394791134484180","298","tags=18%, list=2%, signal=17%","GRIA1/CTNNB1/SLC30A1","0.3217759180753611"
"GOCC_GOLGI_LUMEN","GOCC_GOLGI_LUMEN","73","0.3916589454614404","1.561864069814582","0.009713218465660911765669","0.1371992108274603661133","0.13477001318046274991325","2110","tags=33%, list=15%, signal=28%","DEFA5/PDGFB/PDGFA/F10/MUC1/MUCL1/DEFA6/MUC6/VCAN/MUC5AC/WNT4/PCSK5/F7/F8/GPC4/GPC3/SOD3/BPNT2/GAS6/WNT5B/WNT7B/GOLIM4/GPC6/MMP11","0.3807304007227924"
"GOCC_GATOR2_COMPLEX","GOCC_GATOR2_COMPLEX","10","-0.6785410743562423","-1.561231181866070","0.021035718340373318197001","0.2005166336927022285863","0.19696636156057778510586","10","tags=10%, list=0%, signal=10%","SESN2","0.3524878575836192"
"GOCC_EUKARYOTIC_TRANSLATION_ELONGATION_FACTOR_1_COMPLEX","GOCC_EUKARYOTIC_TRANSLATION_ELONGATION_FACTOR_1_COMPLEX","4","-0.8799825068204730","-1.548477519823376","0.013705141866044231666044","0.1548681030862998353470","0.15212606667557049267003","99","tags=50%, list=1%, signal=50%","EEF1A2/EEF1A1","0.3807304007227924"
"GOCC_KINESIN_COMPLEX","GOCC_KINESIN_COMPLEX","45","-0.4788659437421569","-1.546183005226439","0.017296779578922644171612","0.1797443279143546568388","0.17656184241901295983723","1382","tags=24%, list=10%, signal=22%","KIF14/KIF21A/KIF18A/KIF13B/KIF1C/KIF2C/KIF20A/KIF1B/KIFC3/KIF1A/KIF21B","0.3524878575836192"
"GOCC_TIM23_MITOCHONDRIAL_IMPORT_INNER_MEMBRANE_TRANSLOCASE_COMPLEX","GOCC_TIM23_MITOCHONDRIAL_IMPORT_INNER_MEMBRANE_TRANSLOCASE_COMPLEX","16","-0.5989935506620756","-1.540645849937289","0.047120418848167540393224","0.3252844794814210849232","0.31952511477811501583446","1847","tags=38%, list=13%, signal=33%","SLC25A6/TIMM50/GRPEL1/TIMM44/HSPA9/GRPEL2","0.2765005992544716"
"GOCC_BRISC_COMPLEX","GOCC_BRISC_COMPLEX","6","-0.7770999074364875","-1.538028984706258","0.035357030933669500449845","0.2733214563978932365451","0.26848212944585486683380","74","tags=17%, list=1%, signal=17%","SHMT2","0.3217759180753611"
"GOCC_OUTER_MEMBRANE","GOCC_OUTER_MEMBRANE","240","-0.3703961870713425","-1.533397734106624","0.002157074569067208864165","0.0466754220583266293820","0.04584900458294262348691","2590","tags=28%, list=18%, signal=23%","DMPK/VDAC1/RTN4IP1/ULK1/SMPD4/NAV3/BAD/UBB/CHCHD3/EPHA4/HAX1/IMMT/CPTP/AIFM2/PPTC7/CISD1/MAPKAP1/HMOX1/THG1L/CHCHD6/AKAP1/NME4/MIEF1/TOMM34/MFN2/ACSL4/UBA52/SERAC1/PHB2/ITPRIP/AMBRA1/PRNP/RAC2/PINK1/MTOR/FOXO3/RHOD/TUFM/CPT1A/BBC3/SYNE2/PDE2A/SLC11A2/ANKH/TSPO/MGST1/LRPPRC/HK1/OPA1/DHCR7/PMAIP1/BID/HSPA9/SPIRE1/RAB11FIP5/COASY/PPP1R15A/PLEC/ASS1/ACSL1/ENO1/VAT1/BMF/ITPR3/SYNE3/CYB5B","0.4317076958033464"
"GOCC_HISTONE_ACETYLTRANSFERASE_COMPLEX","GOCC_HISTONE_ACETYLTRANSFERASE_COMPLEX","92","0.3683839026465882","1.532641644917181","0.012721269472067323058617","0.1522062476834407929172","0.14951134108375249698319","2306","tags=30%, list=16%, signal=26%","DMAP1/EPC1/MSL1/ING3/ENY2/BRD8/MEAF6/ING4/KAT2A/MSL3/OGT/TAF7/BRPF3/TADA3/ING5/SUPT7L/BRD1/KANSL2/TAF10/EPC2/PHF20L1/MSL2/TADA1/TAF6L/SUPT20H/SGF29/BRPF1/ACTL6A","0.3807304007227924"
"GOCC_AZUROPHIL_GRANULE_LUMEN","GOCC_AZUROPHIL_GRANULE_LUMEN","71","-0.4410775140226018","-1.530821918333279","0.012048098766726109826175","0.1522062476834407929172","0.14951134108375249698319","952","tags=21%, list=7%, signal=20%","HEXB/SDCBP/ARHGAP45/GGH/PRDX6/PYGB/IMPDH1/CPPED1/ACLY/VAT1/NPC2/ANXA2/DYNC1H1/UNC13D/FTL","0.3807304007227924"
"GOCC_MICROTUBULE","GOCC_MICROTUBULE","431","-0.3547452623555496","-1.530771929758506","0.000219765982796886347400","0.0077069656725666695410","0.00757050903579465066934","2645","tags=26%, list=18%, signal=22%","DCDC2/CCT3/EIF3A/KIF20B/CEP170/GRAMD2B/NAV3/CAMSAP2/LUZP1/CCT7/NDE1/KIF3B/GAS2L1/SPAG5/REEP4/RAB3D/EML2/CHMP4C/EML3/MAP1LC3B/SVIL/RASSF5/CLIP1/CLIP4/MID2/SIRT2/BBLN/STIM1/MAPT/CCT4/PLK1/DCTN2/TTL/TPPP/TUBGCP4/HAUS6/GTSE1/KATNB1/AURKB/SHROOM2/GAS2L3/DPP9/MAP2K1/SKA1/TUBGCP2/DVL1/IQGAP1/NUDC/NUMA1/CCT5/SYBU/PCNT/KIF14/DYNLT1/DNAH17/KIF21A/RACGAP1/KIF18A/MX1/CENPV/FKBP4/NEK2/ARHGAP18/CEP57/DNM1/DNAH12/KIF13B/TUBA1C/CAPN6/AKNA/MAP1B/HOOK3/NAV1/NDRG1/BIRC5/RASSF3/CENPE/KIF1C/KIF2C/DNM2/MAP2K2/CLTC/LRPPRC/OPA1/TUBB2A/KIF20A/SEPTIN9/PARP4/KIF1B/TPX2/KCNAB2/TUBB4A/MTCL2/SAA1/DNM3/CKAP5/INCENP/AURKA/MID1IP1/DST/MAP4/ASPM/KIFC3/MACF1/KIF1A/TUBB2B/MTUS1/DYNC1H1/NEK6/CLIP2/SNPH/IQGAP2/KIF21B/MID1","0.5188480777437918"
"GOCC_DISTAL_AXON","GOCC_DISTAL_AXON","220","-0.3730126606386286","-1.530374431608631","0.000847930356234699394123","0.0239540325636302571521","0.02352991146855448051367","2776","tags=34%, list=19%, signal=28%","NDRG2/ERC2/CTSZ/AMFR/MYO9A/AP1S1/KIF20B/NGEF/TIAM2/LMTK2/ALS2/NTSR1/PTCH1/GIT1/CPEB4/EPHA4/EXOC6/SIRT2/ACTB/MAPT/CRMP1/DCTN2/HSP90AB1/ADORA1/KATNB1/NGFR/DPYSL3/PREX1/DBN1/DVL1/CAD/ABL1/FSCN1/KIF21A/HSP90AA1/CFL1/APP/PRNP/RAB3A/TWF2/FKBP4/CALB1/SNCG/COBL/PINK1/EXOC4/BASP1/LRRTM1/STMN3/MAP1B/SSH1/CXADR/DNM2/CLCN3/ITGA2/BOC/ADGRL1/USP9X/AAK1/GPER1/BIN1/AP3D1/MYO5A/MYH10/IGF2BP1/TANC1/PTPRS/MYH14/ROR1/STX3/FLNA/KIF21B/L1CAM/TRPV2","0.4772708153628621"
"GOCC_PRERIBOSOME","GOCC_PRERIBOSOME","104","-0.4090897464619008","-1.527515841108905","0.008280344275998373707037","0.1261811777668901402016","0.12394706127104390680493","4163","tags=44%, list=29%, signal=32%","UTP4/UTP11/SRFBP1/EXOSC10/XRCC5/RPS27A/RRP7A/FCF1/AATF/NAT10/TSR1/RCL1/RPS12/NOC4L/IMP4/MRTO4/RPS6/UTP20/NOP14/SLX9/NOB1/RPS28/EBNA1BP2/SNU13/RRP1B/RPS24/WDR12/WDR43/RPS3A/BOP1/DHX37/TBL3/RPS7/FBL/RPS4X/RPS9/NOC2L/RPS23/HEATR1/RPS8/RPS5/RPS14/RPS16/RPS11/RPS19/PRKDC","0.3807304007227924"
"GOCC_CELL_DIVISION_SITE","GOCC_CELL_DIVISION_SITE","60","-0.4506587377138676","-1.525013960804976","0.020169503839202289341426","0.1991493728589197043100","0.19562330893309778923062","1795","tags=27%, list=13%, signal=23%","PLEKHG6/NF2/RACGAP1/SEPTIN11/LIMA1/PLCD3/PITPNM1/MYLK/SSH1/CEP55/SEPTIN9/ANLN/SPIRE1/MYH10/PKN1/MYH9","0.3524878575836192"
"GOCC_MICROTUBULE_PLUS_END","GOCC_MICROTUBULE_PLUS_END","25","-0.5345480517421253","-1.524615219172513","0.046548956661316212568558","0.3242485542777985285667","0.31850753127669279018974","2334","tags=36%, list=16%, signal=30%","GAS2L1/SPAG5/CLIP1/CLIP4/NUMA1/KIF2C/CKAP5/DST/CLIP2","0.2663506570885256"
"GOCC_MICROTUBULE_ASSOCIATED_COMPLEX","GOCC_MICROTUBULE_ASSOCIATED_COMPLEX","147","-0.3897193603133652","-1.523174400487294","0.005172707043551375526158","0.0891634417507076171283","0.08758474737198107540337","2371","tags=24%, list=17%, signal=21%","NDE1/ACTR1B/KIF3B/EML2/PXN/ACTB/DNHD1/STAU1/DCTN2/HAUS6/CAPZB/KATNB1/AURKB/KIF14/DYNLT1/DNAH17/KIF21A/KIF18A/DNAH12/PEA15/KIF13B/MAP1B/BIRC5/KIF1C/KIF2C/KIF20A/KIF1B/INCENP/AURKA/MAP4/KIFC3/KIF1A/DYNC1H1/CLIP2/KIF21B/MID1","0.4070179189239539"
"GOCC_CUL3_RING_UBIQUITIN_LIGASE_COMPLEX","GOCC_CUL3_RING_UBIQUITIN_LIGASE_COMPLEX","60","0.3995764554788212","1.520022566857925","0.014982638177398156439923","0.1634747933584156098785","0.16058037012540524179904","4427","tags=48%, list=31%, signal=34%","ENC1/PDCD6/KLHL9/IVNS1ABP/KBTBD6/KLHL35/KLHL42/KLHL2/KBTBD7/ZSWIM8/KLHL22/KCTD13/KBTBD8/GLMN/KLHL15/KLHL23/KLHL11/ARMC5/KLHL21/LZTR1/KLHL14/KLHL31/KCTD17/DEPDC5/KBTBD4/KEAP1/KCTD2/KLHL12/KLHL10","0.3807304007227924"
"GOCC_CLATHRIN_COATED_ENDOCYTIC_VESICLE_MEMBRANE","GOCC_CLATHRIN_COATED_ENDOCYTIC_VESICLE_MEMBRANE","52","-0.4522251875120817","-1.519493551161206","0.019258494727429076309733","0.1920185209587781383078","0.18861871321586315408680","3199","tags=44%, list=22%, signal=34%","RAB5A/ROR2/HBEGF/M6PR/LDLRAP1/AP2S1/LDLR/EPS15/APOE/SLC2A8/FZD5/VAMP8/AP2B1/FZD2/AP2A1/AREG/CLTC/EREG/SYT1/TFRC/EGFR/IGF2R/WNT5A","0.3524878575836192"
"GOCC_VESICLE_LUMEN","GOCC_VESICLE_LUMEN","255","-0.3596031139812236","-1.515356935404360","0.001133042129595114057283","0.0288075961449557743643","0.02829753967780168286139","1815","tags=22%, list=13%, signal=20%","SPARC/ITIH3/HSP90AB1/PRKCD/PSMD13/ARHGAP9/APAF1/PSMD1/PSMD3/CAP1/DYNLT1/HSP90AA1/XRCC6/APP/NEU1/ACTN4/GSTP1/VEGFB/CYFIP1/S100P/HEXB/QPCT/CDA/SDCBP/ARHGAP45/PYGL/GGH/TIMP3/PKM/PRDX6/GPI/PYGB/IMPDH1/CPPED1/CHI3L1/CRACR2A/ACLY/S100A11/EEF2/TIMP2/EGFR/HUWE1/VAT1/NPC2/ANXA2/LCN2/DYNC1H1/UNC13D/IDH1/PRF1/VEGFA/TMSB4X/FTL/SERPINE1/EEF1A1/F13A1/FN1","0.4550598673872295"
"GOCC_INTERCELLULAR_BRIDGE","GOCC_INTERCELLULAR_BRIDGE","35","-0.4812986562163762","-1.505604880616794","0.035848454366823052918978","0.2741193841433010591757","0.26926592938258270271135","1297","tags=23%, list=9%, signal=21%","KIF18A/BIRC5/CEP55/TUBB2A/SEPTIN9/TPX2/TUBB4A/TUBB2B","0.3217759180753611"
"GOCC_PSEUDOPODIUM","GOCC_PSEUDOPODIUM","12","-0.6177076305273189","-1.502937522040108","0.044169611307420496293386","0.3119478798586572398932","0.30642464797438989654310","1274","tags=33%, list=9%, signal=30%","ACTN4/ARRB1/CAPN2/MSN","0.2878571172551493"
"GOCC_NUCLEOID","GOCC_NUCLEOID","49","-0.4608492429693206","-1.501451809083830","0.022723708275647732518499","0.2081983001471508221147","0.20451201931669918399059","4086","tags=55%, list=29%, signal=40%","DDX28/SOD2/CPS1/VDAC2/ELAC2/POLDIP2/TFAM/TERT/POLRMT/DHX30/ATAD3A/DNAJA3/PRORP/VDAC1/MPG/SUPV3L1/TFB1M/LRRC59/SLC25A5/TOP1MT/TUFM/ATP5F1B/LRPPRC/HSPA9/HADHA/LONP1/SHMT2","0.3524878575836192"
"GOCC_AXONAL_GROWTH_CONE","GOCC_AXONAL_GROWTH_CONE","23","-0.5382426469597678","-1.498274599749944","0.047781569965870310245926","0.3261332661428866241948","0.32035887314205324649663","2627","tags=48%, list=18%, signal=39%","MYO9A/PTCH1/EPHA4/HSP90AB1/KIF21A/HSP90AA1/FKBP4/COBL/BOC/L1CAM/TRPV2","0.2712885546889530"
"GOCC_NUCLEAR_PERIPHERY","GOCC_NUCLEAR_PERIPHERY","31","-0.5039124899821306","-1.496618821607213","0.043276661514683151255056","0.3098932579887095362103","0.30440640446683842057496","2397","tags=42%, list=17%, signal=35%","PIAS1/LEMD2/EBNA1BP2/NUP93/MAPT/LMNB2/SP100/NUP98/LBR/NUP205/LMNA/MSX1/ATF4","0.2712885546889530"
"GOCC_MITOTIC_SPINDLE_MIDZONE","GOCC_MITOTIC_SPINDLE_MIDZONE","12","-0.6123073857901076","-1.489798247013141","0.045936395759717314757342","0.3221883757767758926782","0.31648382952168707671348","3108","tags=58%, list=22%, signal=46%","EML1/RCC2/KIF20B/AURKB/NUMA1/KIF18A/CENPE","0.2820133500117251"
"GOCC_FICOLIN_1_RICH_GRANULE_LUMEN","GOCC_FICOLIN_1_RICH_GRANULE_LUMEN","113","-0.3937124129888851","-1.484921323603508","0.011654667555496076719601","0.1522062476834407929172","0.14951134108375249698319","2789","tags=33%, list=19%, signal=27%","CCT8/HSPA1B/CTSZ/COTL1/APEH/ALDOA/ACTR1B/PPIA/VCL/YPEL5/JUP/ASAH1/HSP90AB1/CTSS/PSMD13/APAF1/LTA4H/PSMD3/DYNLT1/HSP90AA1/XRCC6/GSTP1/PDAP1/QPCT/CDA/CTSB/PYGL/PKM/GPI/IMPDH1/CAPN1/ACLY/EEF2/TIMP2/HUWE1/IDH1/EEF1A1","0.3807304007227924"
"GOCC_TRANSCRIPTION_REPRESSOR_COMPLEX","GOCC_TRANSCRIPTION_REPRESSOR_COMPLEX","96","-0.4025049992461630","-1.483308428020060","0.018157752267288197745021","0.1846643405583209829324","0.18139474316877929327418","1679","tags=22%, list=12%, signal=19%","MXI1/DEPDC1/CTBP2/HDGF/MXD1/LIN54/SPEN/FOXO3/CBX5/SIN3A/KDM1A/NCOR1/BIN1/JUND/CORO2A/JUN/TBL1X/NCOR2/MYC/H1-0/GLI3","0.3524878575836192"
"GOCC_ORGANELLE_ENVELOPE_LUMEN","GOCC_ORGANELLE_ENVELOPE_LUMEN","92","-0.3998281175732918","-1.480078629075227","0.021872296818722273409330","0.2022193260421868421517","0.19863890667944802959077","2538","tags=30%, list=18%, signal=25%","COX4I1/ARL2/TIMM9/NDUFB7/HAX1/COA7/IMMT/COX19/PRELID3B/NME4/PRELID1/PRELID2/CHCHD10/CHCHD2/APP/AIFM1/CDC25C/THOP1/PINK1/AK2/CLPB/MICU1/STOML2/OPA1/ALPL/SORL1/TRAP1/IGF2R","0.3524878575836192"
"GOCC_NEUROTRANSMITTER_RECEPTOR_COMPLEX","GOCC_NEUROTRANSMITTER_RECEPTOR_COMPLEX","34","0.4422411726986593","1.478197900650239","0.038288363216493280505315","0.2824275826711099557365","0.27742702607071761944368","2284","tags=29%, list=16%, signal=25%","GRIA1/CHRNA3/GRIA3/NRN1/EPS8/SACM1L/CHRNB4/ABHD12/DLG4/CHRNB2","0.3217759180753611"
"GOCC_CLATHRIN_COATED_ENDOCYTIC_VESICLE","GOCC_CLATHRIN_COATED_ENDOCYTIC_VESICLE","64","-0.4293142332883749","-1.478048101142116","0.028678023363478032797813","0.2410376013277451268113","0.23676988017649405748877","3199","tags=42%, list=22%, signal=33%","RAB5A/ROR2/HBEGF/M6PR/LDLRAP1/AP2S1/LDLR/CLTA/EPS15/APOE/SLC2A8/FZD5/VAMP8/INPP5F/CLTB/AP2B1/FZD2/AP2A1/AREG/MYO1E/CLTC/EREG/SYT1/TFRC/EGFR/IGF2R/WNT5A","0.3524878575836192"
"GOCC_CAVEOLA","GOCC_CAVEOLA","64","-0.4277795062749686","-1.472764324896074","0.030174231286919248051781","0.2474773646677167204810","0.24309562348779104046237","3169","tags=41%, list=22%, signal=32%","FASLG/INSR/CAVIN3/NOS1AP/F2R/SMPD2/LRP6/PTCH1/CDH13/MLC1/BMPR2/CAVIN2/SRC/KIF18A/SCARB1/AKAP6/KCNMA1/CORO1C/PLPP2/ATP2B4/IRS1/PACSIN2/SORBS1/DLC1/MYOF/CTNNA1","0.3524878575836192"
"GOCC_CLEAVAGE_FURROW","GOCC_CLEAVAGE_FURROW","49","-0.4513842751258198","-1.470614841662597","0.029430378914680394020209","0.2446065675459556665317","0.24027565562059444159715","2371","tags=31%, list=17%, signal=26%","NDE1/SVIL/PLEKHG6/NF2/RACGAP1/LIMA1/PLCD3/PITPNM1/MYLK/SSH1/CEP55/SPIRE1/MYH10/PKN1/MYH9","0.3524878575836192"
"GOCC_NUCLEAR_SPECK","GOCC_NUCLEAR_SPECK","375","0.2926167361557729","1.454081321699639","0.000166871234261606446372","0.0070711685518355729685","0.00694596909985589414105","2867","tags=28%, list=20%, signal=23%","DDX5/SRSF5/ARGLU1/LUC7L3/SRSF6/SRSF10/BRD2/SRSF7/DDX17/RBM39/RBM14/SREK1/SRSF1/RBM25/DDX39B/PABPN1/SRSF2/BCLAF1/CCNL1/RBM4B/SFPQ/SRSF11/CLK2/CCNL2/MSL1/PSPC1/PNN/PNISR/PRP4K/RBM8A/ZNF621/SOX2/NXF1/GCNT1/ZNF638/METTL3/SRSF3/DACH1/TARDBP/CRY2/NR3C1/ZBTB18/AFF2/SRRM2/CWC25/U2AF1L4/DDX42/PRPF40A/SNRNP70/SON/THOC1/TRIM69/BNIP3L/TFIP11/CHTOP/BRD1/DYRK1A/HNRNPU/CD2BP2/PRKAA1/WTAP/EAPP/FAM76B/FAM76A/RBM4/PRPF3/HOXA6/NRDE2/PPP4R3B/SAP18/TOPORS/ZC3H14/SRRM1/PAK2/NR4A1/HSPA1A/TMEM179B/NONO/AR/NFKBIZ/YLPM1/E2F7/EAF1/FYTTD1/WT1/CASC3/CPSF6/WHR1/CRNKL1/ZNF830/NOC3L/OGG1/PPIG/LUC7L2/PPP4R3A/RADX/EIF4A3/THOC6/TOE1/RFXAP/SRSF8/CWC15/ALKBH5/PRPF4/HSF4/PIP5K1A","0.5188480777437918"
"GOCC_LIPID_DROPLET","GOCC_LIPID_DROPLET","86","-0.3934330579222060","-1.449368055434401","0.024991901300091393101077","0.2172372959161790184623","0.21339097402484286103430","3270","tags=38%, list=23%, signal=30%","ATG2B/RAB40C/RAB5C/ACSL3/VPS13C/TMEM135/TAOK3/CYB5R3/RAB3GAP1/HSD3B7/PRPF19/RAB7A/LDAF1/SYNGR2/PLIN2/AIFM2/STARD13/SMPD1/G0S2/ACSL4/ATG2A/LSS/PITPNM1/PLIN3/CHKA/TMT1A/GAPDH/IRAK1/LPCAT2/DHRS3/RNF213/ANXA2/RBP1","0.3524878575836192"
"GOCC_P_BODY","GOCC_P_BODY","94","-0.3959943045326618","-1.444885771802301","0.021096636976518326478391","0.2005166336927022285863","0.19696636156057778510586","2584","tags=27%, list=18%, signal=22%","LSM14A/MEX3A/LIN28A/SAMD4B/CNOT8/APOBEC3F/LSM2/AJUBA/HAX1/LSM4/BTBD2/APOBEC3B/PATL1/SAMD4A/IGF2BP3/YBX1/TNRC6B/CNOT1/AGO2/APOBEC3G/APOBEC3C/GARRE1/IGF2BP1/IGF2BP2/ZFP36L1","0.3524878575836192"
"GOCC_COATED_VESICLE","GOCC_COATED_VESICLE","279","-0.3430186282329272","-1.444792213090831","0.004002860823222644144626","0.0726948117360255163799","0.07140770472897309262272","3205","tags=34%, list=22%, signal=27%","ATP6V0E2/RAB5A/RAB27B/ATP7A/ROR2/HBEGF/YIF1B/M6PR/AP1M2/SEC13/ASTN2/HIP1/LDLRAP1/ATP6V0D1/COPZ1/ATP6V1E1/CTSZ/KDELR3/AP2S1/LDLR/CLTA/RAB27A/AP1S1/PEF1/SLC2A4/CNIH4/SNX3/DNAJC5/RAB12/NCALD/EPS15/ATP6V1D/MALL/HAX1/HLA-E/HLA-C/ATP6V1H/SEC23A/VPS11/APOE/PIK3C2A/SLC2A8/USE1/EPN1/FZD5/AP3B1/STEAP2/VAMP8/INPP5F/MLC1/SCYL1/RNF216/VPS18/ATP6V1A/CLTB/DVL1/AP2B1/ERGIC1/FZD2/TNK2/MCFD2/AP2A1/PCSK9/FOLR1/FCHO1/COL7A1/RAB3A/HSPD1/AREG/PACS1/ECE1/SYNRG/HIP1R/MYO1E/GAK/DNM2/AP1B1/SREBF2/AAK1/CLTC/SORT1/EREG/SPG21/WIPI1/DNAJC6/SYT1/CRACR2A/TFRC/SNX18/EGFR/IGF2R/UNC13D/SREBF1/FURIN/WNT5A","0.4070179189239539"
"GOCC_CLUSTER_OF_ACTIN_BASED_CELL_PROJECTIONS","GOCC_CLUSTER_OF_ACTIN_BASED_CELL_PROJECTIONS","135","-0.3731032093848153","-1.441972838298010","0.017497235460689389285882","0.1797443279143546568388","0.17656184241901295983723","1341","tags=19%, list=9%, signal=18%","MPP1/HSP90AA1/FOLR1/SLC19A1/USH1C/TWF2/CALB1/SLC4A7/LIMA1/EZR/MYO1E/NHERF1/SLC11A2/ATP6V0A4/CORO2A/PLEC/MYO1D/VIL1/MYH10/MYH14/SLC7A11/MYH9/ITPR3/DOCK4/FLNB/SLC38A2","0.3524878575836192"
"GOCC_HETEROCHROMATIN","GOCC_HETEROCHROMATIN","84","-0.3952106510195681","-1.420545599307438","0.039156626506024097555958","0.2824275826711099557365","0.27742702607071761944368","2473","tags=30%, list=17%, signal=25%","KDM4A/CENPB/ASB7/UBA1/RRP1B/SIRT2/FOXC1/SALL4/BAZ2A/BAZ1B/NCAPD3/UHRF1/BAZ1A/CENPA/DNMT1/CBX5/NOP53/ZNF618/CDKN2A/H2AZ1/TNKS1BP1/INCENP/HMGA2/HMGA1/PHC2","0.2820133500117251"
"GOCC_CYTOPLASMIC_SIDE_OF_MEMBRANE","GOCC_CYTOPLASMIC_SIDE_OF_MEMBRANE","188","-0.3519555721156991","-1.417369772851554","0.012501903763225376969848","0.1522062476834407929172","0.14951134108375249698319","3274","tags=32%, list=23%, signal=25%","TRAF2/GNA13/FKBP1A/RAB5A/DSG1/KRAS/PTPN4/BORCS5/SYAP1/CYTH1/LDLRAP1/TRAF3/PTPN1/DNAJA3/AP2S1/GPHN/RPS28/NTSR1/CHMP4C/GNB1/GM2A/SHROOM4/JUP/GNAS/GNA12/SOCS3/RPL27/RPS29/MICALL1/STAC2/AP2B1/IQGAP1/KIT/AP2A1/GNB2/RACGAP1/FARP1/KDSR/G6PD/LITAF/LSS/GNAZ/GNAL/ESYT2/GNG12/MAP2K2/FDFT1/LYN/KCNAB2/RGS16/MYH10/S100A6/SNX18/RASA3/PALM/MYH9/ITPR3/EEF1A2/EEF1A1/GNG11","0.3807304007227924"
"GOCC_POSTSYNAPTIC_SPECIALIZATION","GOCC_POSTSYNAPTIC_SPECIALIZATION","303","-0.3329421304178113","-1.405850566570015","0.009447301880703310589249","0.1371060215998261555548","0.13467847392625861835391","2418","tags=28%, list=17%, signal=24%","DTNB/NECTIN3/GRIP1/GIT1/INPP4A/RPS25/ARF1/CPEB4/ERBIN/SORCS2/EPHA4/SIPA1L1/EGLN1/HOMER1/RHEB/PDLIM5/SCRIB/SH2D5/CAPZB/CAMK2N1/CTNNA2/NGFR/BMPR2/MAP2K1/CLSTN1/ATP1A1/SEMA4B/DBN1/DVL1/EEF2K/ABL1/GABRA3/RPL30/CFL1/KCND3/PRNP/LZTS3/GRIK4/GPSM2/EIF3E/ITPR1/IQSEC1/ARHGAP32/RPL38/LRFN1/LRRTM1/CAP2/HIP1R/MAP1B/RPLP0/PLEKHA5/RPS18/LRP4/LZTS1/RPL12/RTN4/DLG3/DNM2/PSD3/RPL14/RPL10A/GPER1/RPL8/IGSF9B/RPS14/NCS1/SPTBN1/LYN/DNAJC6/GRIN2D/RPL18A/SYT1/DNM3/SH3KBP1/AURKA/RPS19/SIPA1L3/TANC1/RPS3/PTPRS/SLC6A9/DLG5/RGS9/CLSTN2/PALM/ABLIM1","0.3807304007227924"
"GOCC_NUCLEAR_RIBONUCLEOPROTEIN_GRANULE","GOCC_NUCLEAR_RIBONUCLEOPROTEIN_GRANULE","425","0.2805219818442741","1.402296680563301","0.000375378697521566489972","0.0115684889508919121204","0.01136366163468988631224","2867","tags=28%, list=20%, signal=23%","DDX5/SRSF5/ARGLU1/LUC7L3/SRSF6/SRSF10/BRD2/SRSF7/DDX17/RBM39/RBM14/SREK1/SRSF1/RBM25/DDX39B/PABPN1/SRSF2/BCLAF1/CCNL1/TIA1/RBM4B/SFPQ/SRSF11/CLK2/CCNL2/MSL1/PSPC1/PNN/PNISR/PRP4K/RBM8A/ZNF621/SOX2/NXF1/GCNT1/ZNF638/METTL3/SRSF3/DACH1/TARDBP/USPL1/CRY2/NR3C1/ZBTB18/AFF2/SRRM2/CWC25/U2AF1L4/DDX42/PRPF40A/SNRNP70/SON/THOC1/TRIM69/BNIP3L/TFIP11/FMR1/CHTOP/BRD1/DYRK1A/EIF4A1/HNRNPU/CD2BP2/PRKAA1/WTAP/EAPP/FAM76B/FAM76A/RBM4/PRPF3/HOXA6/NRDE2/PPP4R3B/SAP18/TOPORS/ZC3H14/ANGEL2/SHQ1/SRRM1/PAK2/COIL/NR4A1/PHAX/HSPA1A/TMEM179B/NONO/AR/NFKBIZ/YLPM1/E2F7/EAF1/FYTTD1/SMN1/WT1/CASC3/BCL11A/CPSF6/WHR1/CRNKL1/ZNF830/NOC3L/OGG1/NUDT21/PPIG/LUC7L2/PPP4R3A/RADX/EIF4A3/THOC6/TOE1/RFXAP/SRSF8/CWC15/RDM1/ALKBH5/PRPF4/HSF4/PIP5K1A","0.4984931087665903"
"GOCC_GLYCOPROTEIN_IB_IX_V_COMPLEX","GOCC_GLYCOPROTEIN_IB_IX_V_COMPLEX","2","-0.9315724531279640","-1.397337415060803","0.027931916091037053972990","0.2367229888715390306864","0.23253166062636307365175","88","tags=50%, list=1%, signal=50%","FLNA","0.3524878575836192"
"GOCC_PROTEIN_KINASE_COMPLEX","GOCC_PROTEIN_KINASE_COMPLEX","159","-0.3519051647791275","-1.396464055299891","0.033637923184398912934689","0.2651919990584007402745","0.26049660922175366106757","3139","tags=33%, list=22%, signal=26%","ERC1/INSR/PRKAA2/STRADB/ACVR1B/IGF1R/TRAF3/CCNJL/CCNF/TAB1/DBF4/CCNK/ULK1/TGFB1/CKS2/PRKCZ/CCND2/CKS1B/MMS19/PRKCI/ERCC2/PHKA1/SMG1/CSNK2A2/CDK4/CDK14/CDK7/TBKBP1/PRKAG2/ERN1/CCNB2/CDK17/ACVR1/CDK18/UVRAG/XRCC6/CCNB1/CCNA2/PRKX/RB1CC1/ACVR2B/CCNI/CDK8/PARD3/PRKAR2A/CDK6/IRS1/CCNG1/IRAK1/PRKDC/CDK15/PSG9/SESN2","0.3217759180753611"
"GOCC_SPINDLE_POLE","GOCC_SPINDLE_POLE","179","-0.3491999813287154","-1.395592508767940","0.026851273688207558804075","0.2314215706856533050217","0.22732410735781347077555","3135","tags=30%, list=22%, signal=24%","RAD21/TOPBP1/SMC1A/EML1/MAPK14/CKAP2L/STAG2/KNSTRN/NUBP2/MAD2L1/SGO1/TACC3/AUNIP/KIF20B/CEP250/SMC3/NDE1/SPAG5/BNIP2/GIT1/SMC6/CDC14B/YPEL5/PLK2/PLK1/TUBGCP4/PLEKHG6/ALPK1/CDC25B/KATNB1/AURKB/INPPL1/TUBGCP2/NUMA1/POC1A/CDC20/CNTRL/CTDP1/CCNB1/GPSM2/NEK2/BIRC6/NPM1/ALMS1/DLGAP5/TPX2/CKAP5/AURKA/ASPM/POC1B/CENPF/FRY/NEK6/NEDD9","0.3524878575836192"
"GOCC_ACETYLTRANSFERASE_COMPLEX","GOCC_ACETYLTRANSFERASE_COMPLEX","108","0.3283576420765760","1.390202471147787","0.024243873406461429603764","0.2159423400655260394387","0.21211894617564411302801","2306","tags=28%, list=16%, signal=23%","DMAP1/EPC1/MSL1/ING3/ENY2/BRD8/MEAF6/ING4/KAT2A/MSL3/OGT/TAF7/BRPF3/TADA3/ING5/SUPT7L/BRD1/KANSL2/PDHB/TAF10/EPC2/PHF20L1/MSL2/TADA1/TAF6L/NAA16/SUPT20H/SGF29/BRPF1/ACTL6A","0.3524878575836192"
"GOCC_PHAGOCYTIC_VESICLE","GOCC_PHAGOCYTIC_VESICLE","126","-0.3629321729015383","-1.385079294864201","0.036585365853658534385229","0.2756097560975609428446","0.27072991337132434885859","3273","tags=33%, list=23%, signal=25%","SLC48A1/CYBA/ATP6V0E2/RAB5A/ATP7A/ATP6V0D1/TCIRG1/ZYX/RAB7A/STXBP1/TAP2/CORO1A/SNX3/NOD2/PIK3R4/HLA-E/HLA-C/PIKFYVE/NCF2/VAMP8/CTSS/MYO1C/UVRAG/AMBRA1/UNC93B1/RAC2/MTOR/ATP6V0E1/ATP6V0A4/DNM2/CLCN3/RAB31/ANXA11/VIM/ANXA3/RAB11FIP1/CDC42EP4/RAB11FIP5/ABCA1/ITGB5/FLNB","0.2765005992544716"
"GOCC_MITOCHONDRIAL_PROTEIN_CONTAINING_COMPLEX","GOCC_MITOCHONDRIAL_PROTEIN_CONTAINING_COMPLEX","177","-0.3433470183518000","-1.380354156383453","0.038751995110471039451827","0.2824275826711099557365","0.27742702607071761944368","3727","tags=40%, list=26%, signal=30%","MRPS31/TIMM17B/MRPL46/PDSS2/MRPL19/TIMM21/DAP3/NDUFAB1/TOMM40/MRPL12/MRPS22/TIMM13/MRPS26/MRPL37/MRPS10/MRPL14/MRPL55/TMEM126B/PNPT1/DNAJC11/POLRMT/GADD45GIP1/MRPS35/MRPL11/PRORP/MRPS18A/AURKAIP1/LYRM4/MPC1/VDAC1/MRPL28/IMMP2L/PHB1/TIMM9/CHCHD3/MRPS23/MRPL22/MRPL10/MRPL35/SUPV3L1/MRPL4/MRPL41/IMMT/MRPS12/MRPL48/SLC25A6/MRPS15/TIMM50/MRPL34/CHCHD6/MCU/MRPL58/CHCHD10/MRPS34/GRPEL1/PMPCA/MRPS18B/MRPL23/MRPS27/UQCRC1/PHB2/MRPL45/PPIF/ECSIT/SLC25A5/MICU1/TIMM44/HSPA9/HADHA/GRPEL2","0.3217759180753611"
"GOCC_RECYCLING_ENDOSOME","GOCC_RECYCLING_ENDOSOME","193","-0.3390951494014178","-1.373922638456048","0.024445640645710430688409","0.2159423400655260394387","0.21211894617564411302801","3166","tags=32%, list=22%, signal=25%","HFE/BOK/ARFGEF2/MCTP1/SLC9A7/ARF6/RAB17/LDLRAP1/AVL9/VPS13B/ENTR1/RFFL/ULK1/VPS51/LMTK2/RABEP1/C1orf210/INPP4A/RAB12/RAP2B/SCAMP5/SORCS2/HLA-E/HLA-C/DENND6A/RAB29/TUBGCP4/VAMP8/INPP5F/MLC1/SLC30A10/MICALL1/EHD4/MCOLN2/SLC31A1/SNX27/APP/TBC1D14/ITSN1/ATP11A/ATG9A/PLEKHB2/ATP11C/NDRG1/SLC11A2/DNM2/CLCN3/GPER1/MYO5A/SORL1/RAB11FIP1/RAB11FIP5/PACSIN2/CD22/ANK2/TFRC/SNX18/ABCG1/UNC13D/FZD7/ATP9A","0.3524878575836192"
"GOCC_SPECIFIC_GRANULE","GOCC_SPECIFIC_GRANULE","124","-0.3587895819180068","-1.368255977918254","0.038873994638069703233541","0.2824275826711099557365","0.27742702607071761944368","2279","tags=29%, list=16%, signal=25%","DNAJC5/RAP2B/VCL/ATP6V1D/TOM1/AGPAT2/JUP/SLC27A2/MLEC/VAMP8/PLAUR/CD93/RAB37/NEU1/ATP11A/OLR1/ALDH3B1/PLAU/CYFIP1/STOM/QPCT/CLCN3/ANXA11/STK10/GGH/KCNAB2/PTPRJ/ANXA3/UBR4/ANO6/CHI3L1/CRACR2A/TIMP2/LCN2/TNFRSF1B/STX3","0.2663506570885256"
"GOCC_ENDOCYTIC_VESICLE","GOCC_ENDOCYTIC_VESICLE","284","-0.3248881157969116","-1.366874789311047","0.015053984829667022005140","0.1634747933584156098785","0.16058037012540524179904","2843","tags=29%, list=20%, signal=23%","LDLRAP1/ATP6V0D1/TCIRG1/ZYX/AP2S1/LDLR/SPHK1/CLTA/RAB7A/STXBP1/LRP1/TAP2/CORO1A/RABEP1/SNX3/UBB/PTCH1/NOD2/EPS15/GAPVD1/PIK3R4/HLA-E/HLA-C/VPS11/APOE/SLC2A8/PIKFYVE/NCF2/FZD5/SPARC/VAMP8/INPP5F/CTSS/EHD4/CLTB/MYO1C/AP2B1/FZD2/AP2A1/UBA52/UVRAG/HSP90AA1/AMBRA1/RAPGEF2/UNC93B1/RIN2/SCARB1/RAC2/DNM1/AREG/MTOR/ATP6V0E1/RIN3/PIK3C2B/MYO1E/ATP6V0A4/DNM2/CLCN3/RAB31/CLTC/ANXA11/ARRB1/EREG/VIM/LYN/SAA1/ANXA3/SYT1/RAB11FIP1/DAB2IP/CDC42EP4/RAB11FIP5/ABCA1/SH3KBP1/TFRC/WLS/EGFR/IGF2R/ITGB5/FLNB/WNT5A","0.3807304007227924"
"GOCC_GOLGI_CISTERNA","GOCC_GOLGI_CISTERNA","94","0.3260675406409773","1.366690098102204","0.034789906751077792623761","0.2721641166603547268288","0.26734528113060845866400","3449","tags=35%, list=24%, signal=27%","CSGALNACT1/GOLGA8A/ST6GAL1/MAN2A1/GCNT1/INPP5E/TMEM87A/YIPF1/GAL3ST2/ST6GAL2/TMEM59/CHPF2/B3GALT6/B4GALT6/YIPF6/GALNT2/GOSR1/GOLIM4/STX16/CSGALNACT2/RAB21/SCFD1/FUT2/TMEM87B/UXS1/NECAB3/ST3GAL3/ATP2C1/SAR1A/HACE1/ABO/ACP3/SAR1B","0.3217759180753611"
"GOCC_EARLY_ENDOSOME","GOCC_EARLY_ENDOSOME","397","-0.3175486356830257","-1.366014798224147","0.008459561296255135864897","0.1265202035042863604186","0.12428008434619017275047","3221","tags=34%, list=22%, signal=27%","RAB5C/RAB5A/TM9SF4/HFE/SNX12/ATP7A/BOK/TLR4/WASF2/CHMP1A/KIF16B/ARF6/RAB17/RCC2/ASTN2/LDLRAP1/ATP6V0D1/F2R/PTPN1/PTPN23/VPS13B/DAGLA/LDLR/SPHK1/ENTR1/TBC1D2B/BLTP3B/PTP4A3/PTP4A2/LRP1/AP1S1/WASHC4/LMTK2/ALS2/PHB1/CORO1A/WDR81/RABEP1/SNX3/EPHA8/C1orf210/SNX21/LRP6/F2RL1/INPP4A/PLD3/EPHB1/EPS15/SORCS2/TOM1/EPHA4/DIAPH2/CYTIP/DNAJC13/LAMP3/HLA-E/HLA-C/MR1/HPS3/LAPTM4B/VPS11/APOE/ASAH1/RAB29/PIKFYVE/MAPKAP1/USP10/FZD5/AP3B1/STEAP2/VAMP8/INPP5F/MLC1/PMEPA1/WASHC5/ABCB9/SLC30A10/MAP2K1/VPS18/MICALL1/EHD4/NF2/SLC31A1/SLC39A14/SNX27/ANKRD27/PCSK9/UVRAG/LIPG/APP/HSPD1/ATP11A/ARAP1/LITAF/ECE1/VAC14/NRP1/RAPGEF1/RIN3/RHOD/SIAH2/ATP11C/SLC11A2/RFTN1/PLPP2/AP1B1/CLCN3/RAB31/MAP2K2/CLCN5/GPER1/SORT1/ZFYVE26/ANXA1/AP3D1/TGFBRAP1/MYO5A/SNX30/SORL1/HTT/RAB11FIP5/PACSIN2/SNX8/MYO1D/CD22/FGD5/ANK2/TFRC/WLS/EGFR/IGF2R/ANXA2/TBC1D16/ATP9A","0.3807304007227924"
"GOCC_NUCLEAR_ENVELOPE","GOCC_NUCLEAR_ENVELOPE","406","-0.3110764947114308","-1.348523400264043","0.011855215444588637282997","0.1522062476834407929172","0.14951134108375249698319","2506","tags=25%, list=17%, signal=22%","SMPD4/NAV3/TNPO3/CLIC1/MTDH/MCM3AP/FAF1/ABCF1/LEMD2/KPNA3/BNIP2/INPP4A/CHMP4C/MTMR6/PRKCZ/NPC1/ERBIN/CCND2/SUN2/TMC8/AEN/HAX1/RANBP2/TOR4A/HPN/IPO11/CPTP/NUP93/DTL/CDK4/RGPD5/WDFY3/LMNB2/IPO9/CSE1L/NUP155/TNRC18/TOR1AIP2/SEPHS1/ERN1/NXT1/BRIP1/DHX37/NUP188/FZR1/ABL1/LRRC59/SMOX/ITPRIP/APP/PARP1/TMEM147/NUP98/MX1/INTS1/ITSN1/ITPR1/GRK5/AKAP6/TYRO3/RAC2/EIF5A/PLAAT3/GNAZ/MTOR/PHF20/LBR/DUSP2/NUP205/RANGAP1/CBX5/NUP160/SYNE2/KPNA2/CCNI/GPX4/RTN4/IPO5/SDCBP/GPER1/IPO7/LMO7/LRPPRC/ANXA11/SORT1/SHISA5/FAM169A/XPOT/DHCR7/LMNA/SORL1/DST/CENPF/S100A6/EGFR/IGF2R/ENO1/NUP210/HMGA1/ITPR3/MYOF/SREBF1/SYNE3","0.3807304007227924"
"GOCC_CYTOPLASMIC_RIBONUCLEOPROTEIN_GRANULE","GOCC_CYTOPLASMIC_RIBONUCLEOPROTEIN_GRANULE","212","-0.3268539963853981","-1.336461665230181","0.047337367712143869902253","0.3252844794814210849232","0.31952511477811501583446","3052","tags=31%, list=21%, signal=24%","DCP1A/HELZ/PRKAA2/TDRD7/BPI/LARP4B/DCPS/TDRD6/G3BP1/RPS6/ZFAND1/EIF4G1/LSM14A/MEX3A/LIN28A/PKP1/SAMD4B/CNOT8/APOBEC3F/LSM2/CLOCK/AJUBA/HAX1/ACTB/ROCK2/SMG1/MAPT/PABPC1/PIWIL1/EIF3B/STAU1/RPL28/LSM4/FLG/LSM10/RBPMS2/BTBD2/NYNRIN/IQGAP1/APOBEC3B/PATL1/SAMD4A/IGF2BP3/NCL/YBX1/ATXN2/TRIM25/RPS4X/KHNYN/TNRC6B/RPLP0/QKI/HELZ2/PRRC2C/CNOT1/RPTOR/AGO2/APOBEC3G/APOBEC3C/LARP1/GARRE1/IGF2BP1/IGF2BP2/RBM20/ZFP36L1","0.3217759180753611"
"GOCC_NEURON_TO_NEURON_SYNAPSE","GOCC_NEURON_TO_NEURON_SYNAPSE","324","-0.3118038287213820","-1.321921162885376","0.020853402930962092187706","0.2005166336927022285863","0.19696636156057778510586","2418","tags=27%, list=17%, signal=23%","DTNB/NECTIN3/GRIP1/NTSR1/GIT1/INPP4A/RPS25/ARF1/CPEB4/SORCS2/EPHA4/SIPA1L1/EGLN1/HOMER1/STXBP5/RHEB/PDLIM5/SCRIB/SH2D5/RAPGEF4/ADORA1/CAPZB/CAMK2N1/CTNNA2/NGFR/BMPR2/MAP2K1/CLSTN1/ATP1A1/SEMA4B/DBN1/DVL1/EEF2K/ABL1/RPL30/CFL1/PRNP/LZTS3/GRIK4/GPSM2/CALB1/EIF3E/ITPR1/IQSEC1/ARHGAP32/RPL38/LRFN1/CAP2/HIP1R/MAP1B/RPLP0/PLEKHA5/RPS18/LRP4/LZTS1/RPL12/RTN4/DLG3/DNM2/PSD3/RPL14/RPL10A/GPER1/RPL8/SORT1/IGSF9B/RPS14/NCS1/SPTBN1/DNAJC6/GRIN2D/RPL18A/SYT1/DNM3/SH3KBP1/AURKA/RPS19/TANC1/RPS3/PTPRS/SLC6A9/DLG5/RGS9/CLSTN2/PALM/ABLIM1","0.3524878575836192"
"GOCC_U2_TYPE_SPLICEOSOMAL_COMPLEX","GOCC_U2_TYPE_SPLICEOSOMAL_COMPLEX","108","0.3116898087685795","1.319634102746444","0.043573978261932613809115","0.3098932579887095362103","0.30440640446683842057496","2918","tags=31%, list=20%, signal=25%","LUC7L3/PRPF39/RBM8A/LUC7L/PRPF38A/SNRPD3/SRRM2/CWC25/DDX42/PRPF40A/SNRNP70/RBM22/TFIP11/SNIP1/LSM8/PRKRIP1/PRPF3/HTATSF1/YJU2B/SRRM1/CASC3/CRNKL1/MFAP1/LSM5/RBMX2/LUC7L2/LSM6/EIF4A3/AQR/CWC15/BUD13/PRPF4/PPIE","0.3217759180753611"
"GOCC_MONOATOMIC_ION_CHANNEL_COMPLEX","GOCC_MONOATOMIC_ION_CHANNEL_COMPLEX","247","0.2732459605732801","1.308463647994930","0.023792984536547871765588","0.2141368608289308528292","0.21034543407564385009145","1998","tags=19%, list=14%, signal=16%","GRIA1/CHRND/TRPV6/KCNA2/CHRNA3/SCN3A/GRIA3/NRN1/LRRC55/CLCN2/VAMP2/PKD2/BEST3/SLC26A6/CHRNA1/RYR1/CALM1/PDE4D/EPS8/CHRNB1/CALM2/KCNH2/CLIC6/CNTNAP2/CACNA1E/CACNA1F/KCNK13/SACM1L/KCNAB3/SCNN1D/AMIGO1/KCNF1/KCNH6/ABCC8/ATP5MK/KCNH8/SCN3B/KCNA6/CACNA1D/TPCN2/CHRNB4/ATP5F1E/SMDT1/KCNN1/ABHD12/DLG4","0.3524878575836192"
"GOCC_ENDOPLASMIC_RETICULUM_LUMEN","GOCC_ENDOPLASMIC_RETICULUM_LUMEN","255","0.2704366416596029","1.282367780292071","0.012151641710453665867764","0.1522062476834407929172","0.14951134108375249698319","1978","tags=26%, list=14%, signal=23%","SHH/PDGFB/TNC/RCN1/PDGFA/F10/CLU/ERO1B/FKBP10/CD4/LAMB2/IGFBP3/HSP90B1/VCAN/QSOX1/ARSA/LIPC/HYOU1/COL16A1/ERP44/P3H1/UGGT2/IGFBP7/ADAMTS13/RDH5/SERPINA1/OS9/TMEM43/SUMF1/TIMP1/IL23A/WNT4/DNAJC10/CES1/RCN2/P4HA2/COL4A5/F7/F8/GGCX/SCG2/NOTUM/P3H2/GPC3/MANF/ADAMTSL1/BACE1/P4HA1/DNAJB11/ERLEC1/POGLUT1/PDIA3/MXRA8/ALB/GAS6/SUMF2/WNT5B/WNT7B/PDIA4/COL1A2/CYP2W1/HSPA5/CHRDL1/COL22A1/ARSD/TOR3A","0.3807304007227924"
"GOCC_NUCLEAR_MEMBRANE","GOCC_NUCLEAR_MEMBRANE","238","-0.3111224215867282","-1.281996200633213","0.049627791563275437669578","0.3342481060917292801093","0.32833003478552813536595","2506","tags=26%, list=17%, signal=22%","SMPD4/NAV3/CLIC1/MTDH/MCM3AP/LEMD2/INPP4A/ERBIN/CCND2/SUN2/TMC8/AEN/HAX1/RANBP2/HPN/CPTP/NUP93/DTL/CDK4/WDFY3/LMNB2/NUP155/TNRC18/TOR1AIP2/SEPHS1/ERN1/BRIP1/DHX37/FZR1/ABL1/SMOX/ITPRIP/TMEM147/NUP98/MX1/INTS1/ITPR1/GRK5/AKAP6/PHF20/LBR/DUSP2/NUP205/RANGAP1/SYNE2/KPNA2/CCNI/IPO5/SDCBP/LRPPRC/SORT1/SHISA5/FAM169A/DHCR7/LMNA/EGFR/ENO1/NUP210/HMGA1/ITPR3/MYOF/SYNE3","0.2249660935403138"
NA,NA,NA,NA,NA,NA,NA,NA,NA,NA,"",NA
NA,NA,NA,NA,NA,NA,NA,NA,NA,NA,"",NA
NA,NA,NA,NA,NA,NA,NA,NA,NA,NA,"",NA
NA,NA,NA,NA,NA,NA,NA,NA,NA,NA,"",NA
NA,NA,NA,NA,NA,NA,NA,NA,NA,NA,"",NA
NA,NA,NA,NA,NA,NA,NA,NA,NA,NA,"",NA
NA,NA,NA,NA,NA,NA,NA,NA,NA,NA,"",NA
NA,NA,NA,NA,NA,NA,NA,NA,NA,NA,"",NA
NA,NA,NA,NA,NA,NA,NA,NA,NA,NA,"",NA
