"statistic","source","condition","score","p_value","TF","Rank","Method","Method_Rank","Method_Score","Method_P_Value","Method_Adjusted_P_Value","Method_Direction","CheA3_Library_Count","CheA3_Libraries","CheA3_Integrated_TopRank","CheA3_Integrated_Score","CheA3_Integrated_Library"
"ora","SP3","HT55","5.1262661659036137","0.000007477111106182498","SP3","1","trrust","1","5.1262661659036137","0.000007477111106182498",NA,"","3","GTEx--Coexpression(rank=638); Enrichr--Queries(rank=1173); ARCHS4--Coexpression(rank=1230)","1099","0.39700000000000002","GTEx Coexpression,0.397"
"ora","TFAP2A","HT55","4.3346723557762852","0.000046272998653271027","TFAP2A","2","trrust","2","4.3346723557762852","0.000046272998653271027",NA,"","6","ENCODE--ChIP-seq(rank=47); GTEx--Coexpression(rank=78); Literature--ChIP-seq(rank=127); ReMap--ChIP-seq(rank=135); ARCHS4--Coexpression(rank=278); Enrichr--Queries(rank=321)","193","0.04854000000000000","GTEx Coexpression,0.04854"
"ora","HIPK2","HT55","3.3240446891995448","0.000474193187945934618","HIPK2","3","trrust","3","3.3240446891995448","0.000474193187945934618",NA,"","0","",NA,NA,NA
"ora","SMAD7","HT55","3.3240446891995448","0.000474193187945934618","SMAD7","4","trrust","4","3.3240446891995448","0.000474193187945934618",NA,"","0","",NA,NA,NA
"ora","PAX5","HT55","3.2828857177112467","0.000521331878774777542","PAX5","5","trrust","5","3.2828857177112467","0.000521331878774777542",NA,"","5","ENCODE--ChIP-seq(rank=59); ReMap--ChIP-seq(rank=200); Enrichr--Queries(rank=890); GTEx--Coexpression(rank=1010); ARCHS4--Coexpression(rank=1098)","1271","0.50000000000000000","ENCODE ChIP-seq,0.5"
"ora","WT1","HT55","3.2187703484265362","0.000604268077208264449","WT1","6","trrust","6","3.2187703484265362","0.000604268077208264449",NA,"","4","Literature--ChIP-seq(rank=31); Enrichr--Queries(rank=254); ARCHS4--Coexpression(rank=749); GTEx--Coexpression(rank=940)","602","0.18090000000000001","Enrichr Queries,0.1809"
"ora","ETS1","HT55","3.2094077953130768","0.000617436365356404272","ETS1","7","trrust","7","3.2094077953130768","0.000617436365356404272",NA,"","6","ENCODE--ChIP-seq(rank=26); GTEx--Coexpression(rank=111); ReMap--ChIP-seq(rank=157); Literature--ChIP-seq(rank=158); Enrichr--Queries(rank=160); ARCHS4--Coexpression(rank=352)","264","0.06907000000000001","GTEx Coexpression,0.06907"
"ora","E2F1","HT55","3.0788452687091623","0.000833978263107903713","E2F1","8","trrust","8","3.0788452687091623","0.000833978263107903713",NA,"","6","ENCODE--ChIP-seq(rank=111); Literature--ChIP-seq(rank=132); ReMap--ChIP-seq(rank=211); Enrichr--Queries(rank=1273); GTEx--Coexpression(rank=1427); ARCHS4--Coexpression(rank=1463)","1519","0.71040000000000003","ReMap ChIP-seq,0.7104"
"ora","STAT1","HT55","3.0494512253451096","0.000892377834945641568","STAT1","9","trrust","9","3.0494512253451096","0.000892377834945641568",NA,"","6","ReMap--ChIP-seq(rank=12); ENCODE--ChIP-seq(rank=13); ARCHS4--Coexpression(rank=52); Literature--ChIP-seq(rank=131); Enrichr--Queries(rank=215); GTEx--Coexpression(rank=1003)","126","0.03194000000000000","ARCHS4 Coexpression,0.03194"
"ora","VDR","HT55","3.0061799159521239","0.000985870982485404033","VDR","10","trrust","10","3.0061799159521239","0.000985870982485404033",NA,"","5","ARCHS4--Coexpression(rank=20); Literature--ChIP-seq(rank=35); ReMap--ChIP-seq(rank=51); GTEx--Coexpression(rank=133); Enrichr--Queries(rank=195)","48","0.01229000000000000","ARCHS4 Coexpression,0.01229"
"ora","APC","HT55","2.9236982515885241","0.001192069972237296991","APC","11","trrust","11","2.9236982515885241","0.001192069972237296991",NA,"","0","",NA,NA,NA
"ora","STAT3","HT55","2.9006792725398967","0.001256957887267086361","STAT3","12","trrust","12","2.9006792725398967","0.001256957887267086361",NA,"","6","ENCODE--ChIP-seq(rank=17); Literature--ChIP-seq(rank=43); ReMap--ChIP-seq(rank=77); ARCHS4--Coexpression(rank=397); Enrichr--Queries(rank=662); GTEx--Coexpression(rank=1017)","491","0.14410000000000001","ENCODE ChIP-seq,0.1441"
"ora","HDAC2","HT55","2.8533503286444910","0.001401682565019244514","HDAC2","13","trrust","13","2.8533503286444910","0.001401682565019244514",NA,"","0","",NA,NA,NA
"ora","FOSL2","HT55","2.6258574335537803","0.002366696488687397570","FOSL2","14","trrust","14","2.6258574335537803","0.002366696488687397570",NA,"","5","ENCODE--ChIP-seq(rank=15); ReMap--ChIP-seq(rank=16); Enrichr--Queries(rank=106); GTEx--Coexpression(rank=171); ARCHS4--Coexpression(rank=209)","212","0.05387000000000000","ReMap ChIP-seq,0.05387"
"ora","HOXA10","HT55","2.6258574335537803","0.002366696488687397570","HOXA10","15","trrust","15","2.6258574335537803","0.002366696488687397570",NA,"","3","Enrichr--Queries(rank=428); ARCHS4--Coexpression(rank=446); GTEx--Coexpression(rank=653)","847","0.27400000000000002","ARCHS4 Coexpression,0.274"
"ora","DNMT1","HT55","2.6248390936202961","0.002372252463896776069","DNMT1","16","trrust","16","2.6248390936202961","0.002372252463896776069",NA,"","2","ARCHS4--Coexpression(rank=1337); GTEx--Coexpression(rank=1451)","1596","0.82130000000000003","ARCHS4 Coexpression,0.8213"
"ora","IRF4","HT55","2.4898175674578757","0.003237296163229660007","IRF4","17","trrust","17","2.4898175674578757","0.003237296163229660007",NA,"","5","ENCODE--ChIP-seq(rank=65); ReMap--ChIP-seq(rank=103); ARCHS4--Coexpression(rank=222); Enrichr--Queries(rank=383); GTEx--Coexpression(rank=954)","471","0.13639999999999999","ARCHS4 Coexpression,0.1364"
"ora","NR1H3","HT55","2.4898175674578757","0.003237296163229660007","NR1H3","18","trrust","18","2.4898175674578757","0.003237296163229660007",NA,"","5","Literature--ChIP-seq(rank=18); Enrichr--Queries(rank=39); ARCHS4--Coexpression(rank=132); GTEx--Coexpression(rank=156); ReMap--ChIP-seq(rank=172)","110","0.02778000000000000","Enrichr Queries,0.02778"
"ora","JUND","HT55","2.4751109759564400","0.003348798558440016070","JUND","19","trrust","19","2.4751109759564400","0.003348798558440016070",NA,"","6","ENCODE--ChIP-seq(rank=7); ReMap--ChIP-seq(rank=17); Literature--ChIP-seq(rank=49); ARCHS4--Coexpression(rank=191); GTEx--Coexpression(rank=531); Enrichr--Queries(rank=565)","225","0.05724000000000000","ReMap ChIP-seq,0.05724"
"ora","BCL6","HT55","2.4631643540366777","0.003442196399217084968","BCL6","20","trrust","20","2.4631643540366777","0.003442196399217084968",NA,"","5","Enrichr--Queries(rank=36); Literature--ChIP-seq(rank=95); GTEx--Coexpression(rank=125); ReMap--ChIP-seq(rank=140); ARCHS4--Coexpression(rank=172)","101","0.02564000000000000","Enrichr Queries,0.02564"
"ora","ATF4","HT55","2.4286423436974016","0.003726985098266019820","ATF4","21","trrust","21","2.4286423436974016","0.003726985098266019820",NA,"","4","ReMap--ChIP-seq(rank=30); GTEx--Coexpression(rank=223); Enrichr--Queries(rank=926); ARCHS4--Coexpression(rank=1419)","368","0.10100000000000001","ReMap ChIP-seq,0.101"
"ora","BRCA1","HT55","2.4111832438827152","0.003879866264546524487","BRCA1","22","trrust","22","2.4111832438827152","0.003879866264546524487",NA,"","0","",NA,NA,NA
"ora","FOXO3","HT55","2.3898770236002780","0.004074956494139942743","FOXO3","23","trrust","23","2.3898770236002780","0.004074956494139942743",NA,"","4","Literature--ChIP-seq(rank=16); Enrichr--Queries(rank=635); GTEx--Coexpression(rank=685); ARCHS4--Coexpression(rank=1089)","357","0.09755999999999999","Literature ChIP-seq,0.09756"
"ora","ESR2","HT55","2.3211317617827114","0.004773844167294329609","ESR2","24","trrust","24","2.3211317617827114","0.004773844167294329609",NA,"","5","Literature--ChIP-seq(rank=13); ReMap--ChIP-seq(rank=133); Enrichr--Queries(rank=525); ARCHS4--Coexpression(rank=666); GTEx--Coexpression(rank=1062)","300","0.07926999999999999","Literature ChIP-seq,0.07927"
"ora","PML","HT55","2.3211317617827114","0.004773844167294329609","PML","25","trrust","25","2.3211317617827114","0.004773844167294329609",NA,"","0","",NA,NA,NA
"ora","XBP1","HT55","2.3211317617827114","0.004773844167294329609","XBP1","26","trrust","26","2.3211317617827114","0.004773844167294329609",NA,"","4","ARCHS4--Coexpression(rank=212); ReMap--ChIP-seq(rank=259); Enrichr--Queries(rank=637); GTEx--Coexpression(rank=970)","454","0.13020000000000001","ARCHS4 Coexpression,0.1302"
"ora","ARNTL","HT55","2.3190189907382432","0.004797124714114621435","ARNTL","27","trrust","27","2.3190189907382432","0.004797124714114621435",NA,"","4","ARCHS4--Coexpression(rank=147); ReMap--ChIP-seq(rank=207); Enrichr--Queries(rank=210); GTEx--Coexpression(rank=380)","333","0.09029000000000000","ARCHS4 Coexpression,0.09029"
"ora","ARNT","HT55","2.2564334668219308","0.005540724203920674960","ARNT","28","trrust","28","2.2564334668219308","0.005540724203920674960",NA,"","5","Literature--ChIP-seq(rank=8); ReMap--ChIP-seq(rank=57); GTEx--Coexpression(rank=673); Enrichr--Queries(rank=1125); ARCHS4--Coexpression(rank=1293)","194","0.04878000000000000","Literature ChIP-seq,0.04878"
"ora","VHL","HT55","2.2564334668219308","0.005540724203920674960","VHL","29","trrust","29","2.2564334668219308","0.005540724203920674960",NA,"","0","",NA,NA,NA
"ora","EZH2","HT55","2.2178705742328177","0.006055213015973301936","EZH2","30","trrust","30","2.2178705742328177","0.006055213015973301936",NA,"","0","",NA,NA,NA
"ora","KLF4","HT55","2.2178705742328177","0.006055213015973301936","KLF4","31","trrust","31","2.2178705742328177","0.006055213015973301936",NA,"","5","ARCHS4--Coexpression(rank=4); Enrichr--Queries(rank=9); GTEx--Coexpression(rank=32); Literature--ChIP-seq(rank=38); ReMap--ChIP-seq(rank=82)","9","0.00245700000000000","ARCHS4 Coexpression,0.002457"
"ora","TFAP4","HT55","2.1781755364552637","0.006634748478763262750","TFAP4","32","trrust","32","2.1781755364552637","0.006634748478763262750",NA,"","4","ReMap--ChIP-seq(rank=41); ARCHS4--Coexpression(rank=720); Enrichr--Queries(rank=849); GTEx--Coexpression(rank=1484)","474","0.13800000000000001","ReMap ChIP-seq,0.138"
"ora","SP1","HT55","2.1776979027696708","0.006642049337395896508","SP1","33","trrust","33","2.1776979027696708","0.006642049337395896508",NA,"","5","ENCODE--ChIP-seq(rank=81); ReMap--ChIP-seq(rank=131); GTEx--Coexpression(rank=819); Enrichr--Queries(rank=1180); ARCHS4--Coexpression(rank=1334)","1171","0.44109999999999999","ReMap ChIP-seq,0.4411"
"ora","PPARG","HT55","2.1398659347907447","0.007246596254788356326","PPARG","34","trrust","34","2.1398659347907447","0.007246596254788356326",NA,"","5","ReMap--ChIP-seq(rank=3); Literature--ChIP-seq(rank=17); ARCHS4--Coexpression(rank=25); Enrichr--Queries(rank=49); GTEx--Coexpression(rank=107)","41","0.01010000000000000","ReMap ChIP-seq,0.0101"
"ora","ATM","HT55","2.1375663524196029","0.007285068632074689909","ATM","35","trrust","35","2.1375663524196029","0.007285068632074689909",NA,"","0","",NA,NA,NA
"ora","IRF9","HT55","2.0585132592851103","0.008739503099277649498","IRF9","36","trrust","36","2.0585132592851103","0.008739503099277649498",NA,"","4","Enrichr--Queries(rank=5); ReMap--ChIP-seq(rank=149); ARCHS4--Coexpression(rank=279); GTEx--Coexpression(rank=385)","14","0.00356100000000000","Enrichr Queries,0.003561"
"ora","HDAC4","HT55","2.0306027953139933","0.009319598540350899560","HDAC4","37","trrust","37","2.0306027953139933","0.009319598540350899560",NA,"","0","",NA,NA,NA
"ora","POU5F1","HT55","2.0306027953139933","0.009319598540350899560","POU5F1","38","trrust","38","2.0306027953139933","0.009319598540350899560",NA,"","5","Literature--ChIP-seq(rank=74); GTEx--Coexpression(rank=114); ReMap--ChIP-seq(rank=161); Enrichr--Queries(rank=418); ARCHS4--Coexpression(rank=494)","271","0.07094000000000000","GTEx Coexpression,0.07094"
"ora","RELA","HT55","1.9987476500150971","0.010028878041025325249","RELA","39","trrust","39","1.9987476500150971","0.010028878041025325249",NA,"","6","ENCODE--ChIP-seq(rank=37); Literature--ChIP-seq(rank=67); ReMap--ChIP-seq(rank=96); GTEx--Coexpression(rank=689); Enrichr--Queries(rank=973); ARCHS4--Coexpression(rank=1509)","930","0.31359999999999999","ENCODE ChIP-seq,0.3136"
"ora","NFKB1","HT55","1.9775464610520752","0.010530610240812724940","NFKB1","40","trrust","40","1.9775464610520752","0.010530610240812724940",NA,"","4","ARCHS4--Coexpression(rank=71); ReMap--ChIP-seq(rank=130); Enrichr--Queries(rank=434); GTEx--Coexpression(rank=839)","175","0.04361000000000000","ARCHS4 Coexpression,0.04361"
"ora","HIC1","HT55","1.9546371064235712","0.011101020216801005605","HIC1","41","trrust","41","1.9546371064235712","0.011101020216801005605",NA,"","3","ARCHS4--Coexpression(rank=121); GTEx--Coexpression(rank=150); Enrichr--Queries(rank=249)","284","0.07432000000000000","ARCHS4 Coexpression,0.07432"
"ora","SMAD4","HT55","1.9335435167360937","0.011653502757380142588","SMAD4","42","trrust","42","1.9335435167360937","0.011653502757380142588",NA,"","5","Literature--ChIP-seq(rank=21); ReMap--ChIP-seq(rank=43); Enrichr--Queries(rank=1227); ARCHS4--Coexpression(rank=1407); GTEx--Coexpression(rank=1446)","449","0.12800000000000000","Literature ChIP-seq,0.128"
"ora","ABL1","HT55","1.8629872462874504","0.013709220247668765097","ABL1","43","trrust","43","1.8629872462874504","0.013709220247668765097",NA,"","0","",NA,NA,NA
"ora","NFIL3","HT55","1.8629872462874504","0.013709220247668765097","NFIL3","44","trrust","44","1.8629872462874504","0.013709220247668765097",NA,"","3","Enrichr--Queries(rank=15); ARCHS4--Coexpression(rank=18); GTEx--Coexpression(rank=121)","43","0.01068000000000000","Enrichr Queries,0.01068"
"ora","STAT2","HT55","1.7810890390341552","0.016554305323861307625","STAT2","45","trrust","45","1.7810890390341552","0.016554305323861307625",NA,"","5","ENCODE--ChIP-seq(rank=4); Enrichr--Queries(rank=30); ARCHS4--Coexpression(rank=40); ReMap--ChIP-seq(rank=63); GTEx--Coexpression(rank=1575)","86","0.02137000000000000","Enrichr Queries,0.02137"
"ora","RB1","HT55","1.7249459495962831","0.018838835348576152273","RB1","46","trrust","46","1.7249459495962831","0.018838835348576152273",NA,"","0","",NA,NA,NA
"ora","JUN","HT55","1.6933971034986393","0.020258295256065050188","JUN","47","trrust","47","1.6933971034986393","0.020258295256065050188",NA,"","6","ENCODE--ChIP-seq(rank=14); GTEx--Coexpression(rank=21); ARCHS4--Coexpression(rank=31); Literature--ChIP-seq(rank=48); ReMap--ChIP-seq(rank=50); Enrichr--Queries(rank=187)","52","0.01307000000000000","GTEx Coexpression,0.01307"
"ora","CDX2","HT55","1.6880084176656489","0.020511224227825929772","CDX2","48","trrust","48","1.6880084176656489","0.020511224227825929772",NA,"","5","ReMap--ChIP-seq(rank=1); Literature--ChIP-seq(rank=6); ARCHS4--Coexpression(rank=7); GTEx--Coexpression(rank=10); Enrichr--Queries(rank=602)","13","0.00336700000000000","ReMap ChIP-seq,0.003367"
"ora","E2F3","HT55","1.6398364272126753","0.022917306482692856306","E2F3","49","trrust","49","1.6398364272126753","0.022917306482692856306",NA,"","3","GTEx--Coexpression(rank=556); Enrichr--Queries(rank=1124); ARCHS4--Coexpression(rank=1298)","1002","0.34599999999999992","GTEx Coexpression,0.346"
"ora","HDAC7","HT55","1.6398364272126753","0.022917306482692856306","HDAC7","50","trrust","50","1.6398364272126753","0.022917306482692856306",NA,"","0","",NA,NA,NA
"ora","STAT5A","HT55","1.6398364272126753","0.022917306482692856306","STAT5A","51","trrust","51","1.6398364272126753","0.022917306482692856306",NA,"","6","Literature--ChIP-seq(rank=44); ENCODE--ChIP-seq(rank=46); Enrichr--Queries(rank=135); ReMap--ChIP-seq(rank=247); GTEx--Coexpression(rank=252); ARCHS4--Coexpression(rank=619)","354","0.09615000000000001","Enrichr Queries,0.09615"
"ora","CEBPB","HT55","1.6141310740148165","0.024314700585995021459","CEBPB","52","trrust","52","1.6141310740148165","0.024314700585995021459",NA,"","6","ENCODE--ChIP-seq(rank=1); ReMap--ChIP-seq(rank=9); Enrichr--Queries(rank=40); Literature--ChIP-seq(rank=96); GTEx--Coexpression(rank=100); ARCHS4--Coexpression(rank=175)","33","0.00847500000000000","ENCODE ChIP-seq,0.008475"
"ora","CLOCK","HT55","1.5781169295883584","0.026416974100898139854","CLOCK","53","trrust","53","1.5781169295883584","0.026416974100898139854",NA,"","5","Literature--ChIP-seq(rank=30); ReMap--ChIP-seq(rank=154); ARCHS4--Coexpression(rank=1211); GTEx--Coexpression(rank=1284); Enrichr--Queries(rank=1358)","608","0.18290000000000001","Literature ChIP-seq,0.1829"
"ora","SPI1","HT55","1.5679626578879211","0.027041908696127308492","SPI1","54","trrust","54","1.5679626578879211","0.027041908696127308492",NA,"","6","ReMap--ChIP-seq(rank=67); ENCODE--ChIP-seq(rank=74); Literature--ChIP-seq(rank=93); GTEx--Coexpression(rank=174); ARCHS4--Coexpression(rank=293); Enrichr--Queries(rank=851)","388","0.10829999999999999","GTEx Coexpression,0.1083"
"ora","TBP","HT55","1.5211880486371911","0.030117016810469011273","TBP","55","trrust","55","1.5211880486371911","0.030117016810469011273",NA,"","5","ENCODE--ChIP-seq(rank=53); Literature--ChIP-seq(rank=56); ReMap--ChIP-seq(rank=180); ARCHS4--Coexpression(rank=1156); GTEx--Coexpression(rank=1445)","989","0.34150000000000003","Literature ChIP-seq,0.3415"
"ora","TP63","HT55","1.5211880486371911","0.030117016810469011273","TP63","56","trrust","56","1.5211880486371911","0.030117016810469011273",NA,"","5","Literature--ChIP-seq(rank=36); GTEx--Coexpression(rank=54); ReMap--ChIP-seq(rank=126); ARCHS4--Coexpression(rank=303); Enrichr--Queries(rank=414)","134","0.03360000000000000","GTEx Coexpression,0.0336"
"ora","ATF3","HT55","1.4684068410707103","0.034008944933084969686","ATF3","57","trrust","57","1.4684068410707103","0.034008944933084969686",NA,"","6","ARCHS4--Coexpression(rank=2); Enrichr--Queries(rank=3); GTEx--Coexpression(rank=6); Literature--ChIP-seq(rank=29); ReMap--ChIP-seq(rank=29); ENCODE--ChIP-seq(rank=106)","4","0.00122900000000000","ARCHS4 Coexpression,0.001229"
"ora","PPARA","HT55","1.4631288390560770","0.034424779006916095270","PPARA","58","trrust","58","1.4631288390560770","0.034424779006916095270",NA,"","3","Enrichr--Queries(rank=669); ARCHS4--Coexpression(rank=982); GTEx--Coexpression(rank=1144)","1232","0.47649999999999998","Enrichr Queries,0.4765"
"ora","RUNX1","HT55","1.4350380289476634","0.036725014087262780604","RUNX1","59","trrust","59","1.4350380289476634","0.036725014087262780604",NA,"","5","Literature--ChIP-seq(rank=82); ReMap--ChIP-seq(rank=182); Enrichr--Queries(rank=278); GTEx--Coexpression(rank=324); ARCHS4--Coexpression(rank=596)","653","0.19800000000000001","Enrichr Queries,0.198"
"ora","HMGA1","HT55","1.4192516117075065","0.038084511404267350210","HMGA1","60","trrust","60","1.4192516117075065","0.038084511404267350210",NA,"","3","ARCHS4--Coexpression(rank=1123); Enrichr--Queries(rank=1128); GTEx--Coexpression(rank=1457)","1499","0.68979999999999997","ARCHS4 Coexpression,0.6898"
"ora","HNF4A","HT55","1.3065601907269362","0.049367349319043719869","HNF4A","61","trrust","61","1.3065601907269362","0.049367349319043719869",NA,"","6","ENCODE--ChIP-seq(rank=28); ReMap--ChIP-seq(rank=34); ARCHS4--Coexpression(rank=37); Literature--ChIP-seq(rank=71); GTEx--Coexpression(rank=435); Enrichr--Queries(rank=623)","90","0.02273000000000000","ARCHS4 Coexpression,0.02273"
"ora","MYCN","HT55","1.3065601907269362","0.049367349319043719869","MYCN","62","trrust","62","1.3065601907269362","0.049367349319043719869",NA,"","5","Literature--ChIP-seq(rank=90); ReMap--ChIP-seq(rank=173); Enrichr--Queries(rank=315); GTEx--Coexpression(rank=533); ARCHS4--Coexpression(rank=1132)","716","0.22439999999999999","Enrichr Queries,0.2244"
"ora","ESR1","HT55","1.2915048852548832","0.051108732992930595851","ESR1","63","trrust","63","1.2915048852548832","0.051108732992930595851",NA,"","6","ENCODE--ChIP-seq(rank=2); ReMap--ChIP-seq(rank=2); Literature--ChIP-seq(rank=12); ARCHS4--Coexpression(rank=254); Enrichr--Queries(rank=617); GTEx--Coexpression(rank=709)","26","0.00673400000000000","ReMap ChIP-seq,0.006734"
"ora","ELK1","HT55","1.2895941803621058","0.051334084321005120366","ELK1","64","trrust","64","1.2895941803621058","0.051334084321005120366",NA,"","5","ENCODE--ChIP-seq(rank=101); Literature--ChIP-seq(rank=150); ReMap--ChIP-seq(rank=284); GTEx--Coexpression(rank=551); ARCHS4--Coexpression(rank=1576)","995","0.34289999999999998","GTEx Coexpression,0.3429"
"ora","KLF6","HT55","1.2895941803621058","0.051334084321005120366","KLF6","65","trrust","65","1.2895941803621058","0.051334084321005120366",NA,"","4","ARCHS4--Coexpression(rank=24); ReMap--ChIP-seq(rank=38); GTEx--Coexpression(rank=92); Enrichr--Queries(rank=190)","57","0.01474000000000000","ARCHS4 Coexpression,0.01474"
"ora","SIRT1","HT55","1.2377730980292627","0.057839815901379529328","SIRT1","66","trrust","66","1.2377730980292627","0.057839815901379529328",NA,"","0","",NA,NA,NA
"ora","ETV4","HT55","1.2150654140083870","0.060944509490162980525","ETV4","67","trrust","67","1.2150654140083870","0.060944509490162980525",NA,"","4","ReMap--ChIP-seq(rank=59); ARCHS4--Coexpression(rank=204); Enrichr--Queries(rank=256); GTEx--Coexpression(rank=1370)","439","0.12529999999999999","ARCHS4 Coexpression,0.1253"
"ora","REL","HT55","1.2150654140083870","0.060944509490162980525","REL","68","trrust","68","1.2150654140083870","0.060944509490162980525",NA,"","3","ARCHS4--Coexpression(rank=95); Enrichr--Queries(rank=172); GTEx--Coexpression(rank=406)","227","0.05835000000000000","ARCHS4 Coexpression,0.05835"
"ora","SOX9","HT55","1.1807090521159780","0.065961564505678582648","SOX9","69","trrust","69","1.1807090521159780","0.065961564505678582648",NA,"","5","Literature--ChIP-seq(rank=52); Enrichr--Queries(rank=129); ARCHS4--Coexpression(rank=156); ReMap--ChIP-seq(rank=187); GTEx--Coexpression(rank=504)","339","0.09188000000000000","Enrichr Queries,0.09188"
"ora","PGR","HT55","1.1169873274024549","0.076385807242801584405","PGR","70","trrust","70","1.1169873274024549","0.076385807242801584405",NA,"","4","ReMap--ChIP-seq(rank=4); ARCHS4--Coexpression(rank=115); GTEx--Coexpression(rank=627); Enrichr--Queries(rank=777)","53","0.01347000000000000","ReMap ChIP-seq,0.01347"
"ora","TCF4","HT55","1.1169873274024549","0.076385807242801584405","TCF4","71","trrust","71","1.1169873274024549","0.076385807242801584405",NA,"","5","ReMap--ChIP-seq(rank=6); Literature--ChIP-seq(rank=19); GTEx--Coexpression(rank=528); Enrichr--Queries(rank=671); ARCHS4--Coexpression(rank=953)","81","0.02020000000000000","ReMap ChIP-seq,0.0202"
"ora","EGR1","HT55","1.1043594544193822","0.078639464155952562563","EGR1","72","trrust","72","1.1043594544193822","0.078639464155952562563",NA,"","6","GTEx--Coexpression(rank=29); Enrichr--Queries(rank=32); Literature--ChIP-seq(rank=75); ENCODE--ChIP-seq(rank=77); ARCHS4--Coexpression(rank=122); ReMap--ChIP-seq(rank=217)","72","0.01805000000000000","GTEx Coexpression,0.01805"
"ora","MITF","HT55","1.0873520125018905","0.081780165949920033408","MITF","73","trrust","73","1.0873520125018905","0.081780165949920033408",NA,"","5","Literature--ChIP-seq(rank=77); Enrichr--Queries(rank=90); ARCHS4--Coexpression(rank=113); ReMap--ChIP-seq(rank=190); GTEx--Coexpression(rank=448)","247","0.06410000000000000","Enrichr Queries,0.0641"
"ora","RARA","HT55","1.0873520125018905","0.081780165949920033408","RARA","74","trrust","74","1.0873520125018905","0.081780165949920033408",NA,"","5","Literature--ChIP-seq(rank=146); GTEx--Coexpression(rank=184); Enrichr--Queries(rank=220); ReMap--ChIP-seq(rank=245); ARCHS4--Coexpression(rank=608)","406","0.11450000000000000","GTEx Coexpression,0.1145"
"ora","EP300","HT55","1.0784591731889170","0.083472001428591208194","EP300","75","trrust","75","1.0784591731889170","0.083472001428591208194",NA,"","0","",NA,NA,NA
"ora","FOS","HT55","1.0606418965460902","0.086967723797765322802","FOS","76","trrust","76","1.0606418965460902","0.086967723797765322802",NA,"","5","GTEx--Coexpression(rank=1); ENCODE--ChIP-seq(rank=21); Enrichr--Queries(rank=21); ReMap--ChIP-seq(rank=40); ARCHS4--Coexpression(rank=73)","2","0.00062230000000000","GTEx Coexpression,6.223E-4"
"ora","ERG","HT55","1.0590465478302531","0.087287780803399731000","ERG","77","trrust","77","1.0590465478302531","0.087287780803399731000",NA,"","5","Literature--ChIP-seq(rank=34); GTEx--Coexpression(rank=109); ReMap--ChIP-seq(rank=271); ARCHS4--Coexpression(rank=531); Enrichr--Queries(rank=600)","260","0.06783000000000000","GTEx Coexpression,0.06783"
"ora","NFIC","HT55","1.0590465478302531","0.087287780803399731000","NFIC","78","trrust","78","1.0590465478302531","0.087287780803399731000",NA,"","5","ENCODE--ChIP-seq(rank=9); ReMap--ChIP-seq(rank=52); GTEx--Coexpression(rank=379); ARCHS4--Coexpression(rank=861); Enrichr--Queries(rank=960)","290","0.07627000000000000","ENCODE ChIP-seq,0.07627"
"ora","SREBF1","HT55","1.0590465478302531","0.087287780803399731000","SREBF1","79","trrust","79","1.0590465478302531","0.087287780803399731000",NA,"","6","ENCODE--ChIP-seq(rank=36); Literature--ChIP-seq(rank=121); GTEx--Coexpression(rank=209); ReMap--ChIP-seq(rank=225); Enrichr--Queries(rank=479); ARCHS4--Coexpression(rank=1494)","453","0.13009999999999999","GTEx Coexpression,0.1301"
"ora","AATF","HT55","1.0532897902501179","0.088452519865264839227","AATF","80","trrust","80","1.0532897902501179","0.088452519865264839227",NA,"","0","",NA,NA,NA
"ora","ETV6","HT55","1.0532897902501179","0.088452519865264839227","ETV6","81","trrust","81","1.0532897902501179","0.088452519865264839227",NA,"","4","ReMap--ChIP-seq(rank=252); ARCHS4--Coexpression(rank=368); Enrichr--Queries(rank=692); GTEx--Coexpression(rank=1221)","722","0.22600000000000001","ARCHS4 Coexpression,0.226"
"ora","FHL2","HT55","1.0532897902501179","0.088452519865264839227","FHL2","82","trrust","82","1.0532897902501179","0.088452519865264839227",NA,"","0","",NA,NA,NA
"ora","GTF3A","HT55","1.0532897902501179","0.088452519865264839227","GTF3A","83","trrust","83","1.0532897902501179","0.088452519865264839227",NA,"","3","ARCHS4--Coexpression(rank=1288); Enrichr--Queries(rank=1397); GTEx--Coexpression(rank=1447)","1575","0.79120000000000001","ARCHS4 Coexpression,0.7912"
"ora","NCOR2","HT55","1.0532897902501179","0.088452519865264839227","NCOR2","84","trrust","84","1.0532897902501179","0.088452519865264839227",NA,"","0","",NA,NA,NA
"ora","NUPR1","HT55","1.0532897902501179","0.088452519865264839227","NUPR1","85","trrust","85","1.0532897902501179","0.088452519865264839227",NA,"","0","",NA,NA,NA
"ora","RORA","HT55","1.0532897902501179","0.088452519865264839227","RORA","86","trrust","86","1.0532897902501179","0.088452519865264839227",NA,"","3","GTEx--Coexpression(rank=56); Enrichr--Queries(rank=126); ARCHS4--Coexpression(rank=185)","138","0.03485000000000000","GTEx Coexpression,0.03485"
"ora","SMAD2","HT55","1.0532897902501179","0.088452519865264839227","SMAD2","87","trrust","87","1.0532897902501179","0.088452519865264839227",NA,"","0","",NA,NA,NA
"ora","TAF1","HT55","1.0532897902501179","0.088452519865264839227","TAF1","88","trrust","88","1.0532897902501179","0.088452519865264839227",NA,"","0","",NA,NA,NA
"ora","TSC22D3","HT55","1.0532897902501179","0.088452519865264839227","TSC22D3","89","trrust","89","1.0532897902501179","0.088452519865264839227",NA,"","0","",NA,NA,NA
"ora","UHRF1","HT55","1.0532897902501179","0.088452519865264839227","UHRF1","90","trrust","90","1.0532897902501179","0.088452519865264839227",NA,"","0","",NA,NA,NA
"ora","ZNF24","HT55","1.0532897902501179","0.088452519865264839227","ZNF24","91","trrust","91","1.0532897902501179","0.088452519865264839227",NA,"","4","ReMap--ChIP-seq(rank=99); GTEx--Coexpression(rank=1071); Enrichr--Queries(rank=1367); ARCHS4--Coexpression(rank=1559)","967","0.33329999999999999","ReMap ChIP-seq,0.3333"
"ora","ZNF300","HT55","1.0532897902501179","0.088452519865264839227","ZNF300","92","trrust","92","1.0532897902501179","0.088452519865264839227",NA,"","3","Enrichr--Queries(rank=359); ARCHS4--Coexpression(rank=736); GTEx--Coexpression(rank=1589)","797","0.25569999999999998","Enrichr Queries,0.2557"
"ora","AR","HT55","1.0366639019137625","0.091904356404840709116","AR","93","trrust","93","1.0366639019137625","0.091904356404840709116",NA,"","5","ReMap--ChIP-seq(rank=8); Literature--ChIP-seq(rank=51); Enrichr--Queries(rank=273); ARCHS4--Coexpression(rank=315); GTEx--Coexpression(rank=607)","106","0.02694000000000000","ReMap ChIP-seq,0.02694"
"ora","CTCF","HT55","0.9811680900351424","0.104431594726606999379","CTCF","94","trrust","94","0.9811680900351424","0.104431594726606999379",NA,"","6","ENCODE--ChIP-seq(rank=18); Literature--ChIP-seq(rank=76); ReMap--ChIP-seq(rank=104); ARCHS4--Coexpression(rank=1360); Enrichr--Queries(rank=1394); GTEx--Coexpression(rank=1514)","524","0.15250000000000000","ENCODE ChIP-seq,0.1525"
"ora","CEBPZ","HT55","0.9780519737230288","0.105183598895494334613","CEBPZ","95","trrust","95","0.9780519737230288","0.105183598895494334613",NA,"","5","ENCODE--ChIP-seq(rank=97); ReMap--ChIP-seq(rank=294); ARCHS4--Coexpression(rank=606); Enrichr--Queries(rank=1384); GTEx--Coexpression(rank=1522)","1056","0.37219999999999998","ARCHS4 Coexpression,0.3722"
"ora","FOXO4","HT55","0.9780519737230288","0.105183598895494334613","FOXO4","96","trrust","96","0.9780519737230288","0.105183598895494334613",NA,"","3","Enrichr--Queries(rank=97); ARCHS4--Coexpression(rank=264); GTEx--Coexpression(rank=606)","265","0.06909000000000000","Enrichr Queries,0.06909"
"ora","FOXP2","HT55","0.9780519737230288","0.105183598895494334613","FOXP2","97","trrust","97","0.9780519737230288","0.105183598895494334613",NA,"","6","ENCODE--ChIP-seq(rank=75); ReMap--ChIP-seq(rank=75); Literature--ChIP-seq(rank=88); GTEx--Coexpression(rank=179); Enrichr--Queries(rank=824); ARCHS4--Coexpression(rank=1069)","397","0.11140000000000001","GTEx Coexpression,0.1114"
"ora","FOXQ1","HT55","0.9780519737230288","0.105183598895494334613","FOXQ1","98","trrust","98","0.9780519737230288","0.105183598895494334613",NA,"","3","Enrichr--Queries(rank=29); GTEx--Coexpression(rank=44); ARCHS4--Coexpression(rank=210)","83","0.02066000000000000","Enrichr Queries,0.02066"
"ora","GFI1","HT55","0.9780519737230288","0.105183598895494334613","GFI1","99","trrust","99","0.9780519737230288","0.105183598895494334613",NA,"","3","GTEx--Coexpression(rank=336); Enrichr--Queries(rank=447); ARCHS4--Coexpression(rank=1052)","683","0.20910000000000001","GTEx Coexpression,0.2091"
"ora","HDGF","HT55","0.9780519737230288","0.105183598895494334613","HDGF","100","trrust","100","0.9780519737230288","0.105183598895494334613",NA,"","0","",NA,NA,NA
"ora","IKBKB","HT55","0.9780519737230288","0.105183598895494334613","IKBKB","101","trrust","101","0.9780519737230288","0.105183598895494334613",NA,"","0","",NA,NA,NA
"ora","MBD1","HT55","0.9780519737230288","0.105183598895494334613","MBD1","102","trrust","102","0.9780519737230288","0.105183598895494334613",NA,"","3","GTEx--Coexpression(rank=788); Enrichr--Queries(rank=933); ARCHS4--Coexpression(rank=1526)","1255","0.49040000000000000","GTEx Coexpression,0.4904"
"ora","MSX1","HT55","0.9780519737230288","0.105183598895494334613","MSX1","103","trrust","103","0.9780519737230288","0.105183598895494334613",NA,"","3","Enrichr--Queries(rank=127); GTEx--Coexpression(rank=351); ARCHS4--Coexpression(rank=841)","334","0.09046000000000001","Enrichr Queries,0.09046"
"ora","SOX6","HT55","0.9780519737230288","0.105183598895494334613","SOX6","104","trrust","104","0.9780519737230288","0.105183598895494334613",NA,"","4","ReMap--ChIP-seq(rank=44); ARCHS4--Coexpression(rank=739); Enrichr--Queries(rank=793); GTEx--Coexpression(rank=1096)","507","0.14810000000000001","ReMap ChIP-seq,0.1481"
"ora","ZBTB7A","HT55","0.9780519737230288","0.105183598895494334613","ZBTB7A","105","trrust","105","0.9780519737230288","0.105183598895494334613",NA,"","5","ENCODE--ChIP-seq(rank=41); ReMap--ChIP-seq(rank=118); ARCHS4--Coexpression(rank=414); GTEx--Coexpression(rank=472); Enrichr--Queries(rank=1052)","792","0.25430000000000003","ARCHS4 Coexpression,0.2543"
"ora","CIITA","HT55","0.9572884969200866","0.110334543649229843698","CIITA","106","trrust","106","0.9572884969200866","0.110334543649229843698",NA,"","0","",NA,NA,NA
"ora","HSF1","HT55","0.9572884969200866","0.110334543649229843698","HSF1","107","trrust","107","0.9572884969200866","0.110334543649229843698",NA,"","5","ENCODE--ChIP-seq(rank=30); Literature--ChIP-seq(rank=65); ReMap--ChIP-seq(rank=244); GTEx--Coexpression(rank=1399); ARCHS4--Coexpression(rank=1572)","791","0.25419999999999998","ENCODE ChIP-seq,0.2542"
"ora","SMAD3","HT55","0.9572884969200866","0.110334543649229843698","SMAD3","108","trrust","108","0.9572884969200866","0.110334543649229843698",NA,"","5","Literature--ChIP-seq(rank=20); ReMap--ChIP-seq(rank=28); GTEx--Coexpression(rank=77); Enrichr--Queries(rank=412); ARCHS4--Coexpression(rank=426)","190","0.04792000000000000","GTEx Coexpression,0.04792"
"ora","ATF2","HT55","0.9343352833622184","0.116322764943990089592","ATF2","109","trrust","109","0.9343352833622184","0.116322764943990089592",NA,"","5","ENCODE--ChIP-seq(rank=99); ReMap--ChIP-seq(rank=246); Enrichr--Queries(rank=1351); GTEx--Coexpression(rank=1401); ARCHS4--Coexpression(rank=1535)","1598","0.82830000000000004","ReMap ChIP-seq,0.8283"
"ora","USF1","HT55","0.9317175111196272","0.117026034483388483021","USF1","110","trrust","110","0.9317175111196272","0.117026034483388483021",NA,"","5","ENCODE--ChIP-seq(rank=50); ReMap--ChIP-seq(rank=155); ARCHS4--Coexpression(rank=586); Enrichr--Queries(rank=590); GTEx--Coexpression(rank=675)","1031","0.35999999999999999","ARCHS4 Coexpression,0.36"
"ora","HEY1","HT55","0.9150363994297632","0.121608407298282705788","HEY1","111","trrust","111","0.9150363994297632","0.121608407298282705788",NA,"","3","Enrichr--Queries(rank=6); ARCHS4--Coexpression(rank=183); GTEx--Coexpression(rank=599)","16","0.00427400000000000","Enrichr Queries,0.004274"
"ora","ING1","HT55","0.9150363994297632","0.121608407298282705788","ING1","112","trrust","112","0.9150363994297632","0.121608407298282705788",NA,"","0","",NA,NA,NA
"ora","KLF10","HT55","0.9150363994297632","0.121608407298282705788","KLF10","113","trrust","113","0.9150363994297632","0.121608407298282705788",NA,"","3","ARCHS4--Coexpression(rank=8); Enrichr--Queries(rank=168); GTEx--Coexpression(rank=692)","18","0.00491400000000000","ARCHS4 Coexpression,0.004914"
"ora","NCOR1","HT55","0.9150363994297632","0.121608407298282705788","NCOR1","114","trrust","114","0.9150363994297632","0.121608407298282705788",NA,"","0","",NA,NA,NA
"ora","NR2F2","HT55","0.9150363994297632","0.121608407298282705788","NR2F2","115","trrust","115","0.9150363994297632","0.121608407298282705788",NA,"","5","ENCODE--ChIP-seq(rank=32); ARCHS4--Coexpression(rank=90); ReMap--ChIP-seq(rank=102); Enrichr--Queries(rank=120); GTEx--Coexpression(rank=535)","218","0.05528000000000000","ARCHS4 Coexpression,0.05528"
"ora","ERCC2","HT55","0.8609634545139240","0.137732536469569205595","ERCC2","116","trrust","116","0.8609634545139240","0.137732536469569205595",NA,"","0","",NA,NA,NA
"ora","FOXD3","HT55","0.8609634545139240","0.137732536469569205595","FOXD3","117","trrust","117","0.8609634545139240","0.137732536469569205595",NA,"","3","ARCHS4--Coexpression(rank=283); GTEx--Coexpression(rank=529); Enrichr--Queries(rank=813)","585","0.17380000000000001","ARCHS4 Coexpression,0.1738"
"ora","MEF2C","HT55","0.8609634545139240","0.137732536469569205595","MEF2C","118","trrust","118","0.8609634545139240","0.137732536469569205595",NA,"","5","ENCODE--ChIP-seq(rank=71); ReMap--ChIP-seq(rank=169); ARCHS4--Coexpression(rank=332); Enrichr--Queries(rank=389); GTEx--Coexpression(rank=629)","670","0.20390000000000000","ARCHS4 Coexpression,0.2039"
"ora","MYBL2","HT55","0.8609634545139240","0.137732536469569205595","MYBL2","119","trrust","119","0.8609634545139240","0.137732536469569205595",NA,"","6","ReMap--ChIP-seq(rank=76); ENCODE--ChIP-seq(rank=109); Literature--ChIP-seq(rank=135); GTEx--Coexpression(rank=981); Enrichr--Queries(rank=1299); ARCHS4--Coexpression(rank=1489)","798","0.25590000000000002","ReMap ChIP-seq,0.2559"
"ora","PAX8","HT55","0.8609634545139240","0.137732536469569205595","PAX8","120","trrust","120","0.8609634545139240","0.137732536469569205595",NA,"","4","ARCHS4--Coexpression(rank=150); ReMap--ChIP-seq(rank=275); Enrichr--Queries(rank=300); GTEx--Coexpression(rank=1430)","341","0.09214000000000000","ARCHS4 Coexpression,0.09214"
"ora","RBMX","HT55","0.8609634545139240","0.137732536469569205595","RBMX","121","trrust","121","0.8609634545139240","0.137732536469569205595",NA,"","0","",NA,NA,NA
"ora","STAT5B","HT55","0.8609634545139240","0.137732536469569205595","STAT5B","122","trrust","122","0.8609634545139240","0.137732536469569205595",NA,"","4","GTEx--Coexpression(rank=98); ReMap--ChIP-seq(rank=179); ARCHS4--Coexpression(rank=449); Enrichr--Queries(rank=801)","238","0.06098000000000000","GTEx Coexpression,0.06098"
"ora","ZFP36","HT55","0.8609634545139240","0.137732536469569205595","ZFP36","123","trrust","123","0.8609634545139240","0.137732536469569205595",NA,"","0","",NA,NA,NA
"ora","STAT6","HT55","0.8506921642074390","0.141028808195353821953","STAT6","124","trrust","124","0.8506921642074390","0.141028808195353821953",NA,"","4","Literature--ChIP-seq(rank=107); Enrichr--Queries(rank=334); ARCHS4--Coexpression(rank=459); GTEx--Coexpression(rank=1200)","753","0.23790000000000000","Enrichr Queries,0.2379"
"ora","HDAC1","HT55","0.8484908266480132","0.141745465120409502857","HDAC1","125","trrust","125","0.8484908266480132","0.141745465120409502857",NA,"","0","",NA,NA,NA
"ora","DNMT3A","HT55","0.8137177221857821","0.153561476001165320149","DNMT3A","126","trrust","126","0.8137177221857821","0.153561476001165320149",NA,"","0","",NA,NA,NA
"ora","ELF1","HT55","0.8137177221857821","0.153561476001165320149","ELF1","127","trrust","127","0.8137177221857821","0.153561476001165320149",NA,"","5","ENCODE--ChIP-seq(rank=72); Literature--ChIP-seq(rank=136); ReMap--ChIP-seq(rank=280); ARCHS4--Coexpression(rank=474); GTEx--Coexpression(rank=992)","883","0.29120000000000001","ARCHS4 Coexpression,0.2912"
"ora","FOSL1","HT55","0.8137177221857821","0.153561476001165320149","FOSL1","128","trrust","128","0.8137177221857821","0.153561476001165320149",NA,"","5","ENCODE--ChIP-seq(rank=16); ReMap--ChIP-seq(rank=22); Enrichr--Queries(rank=161); ARCHS4--Coexpression(rank=256); GTEx--Coexpression(rank=647)","282","0.07407000000000000","ReMap ChIP-seq,0.07407"
"ora","HOXA9","HT55","0.8137177221857821","0.153561476001165320149","HOXA9","129","trrust","129","0.8137177221857821","0.153561476001165320149",NA,"","4","GTEx--Coexpression(rank=28); ReMap--ChIP-seq(rank=236); Enrichr--Queries(rank=454); ARCHS4--Coexpression(rank=685)","69","0.01742000000000000","GTEx Coexpression,0.01742"
"ora","SMARCA4","HT55","0.8137177221857821","0.153561476001165320149","SMARCA4","130","trrust","130","0.8137177221857821","0.153561476001165320149",NA,"","0","",NA,NA,NA
"ora","SP2","HT55","0.8137177221857821","0.153561476001165320149","SP2","131","trrust","131","0.8137177221857821","0.153561476001165320149",NA,"","5","ENCODE--ChIP-seq(rank=112); ReMap--ChIP-seq(rank=283); Enrichr--Queries(rank=928); GTEx--Coexpression(rank=959); ARCHS4--Coexpression(rank=1092)","1403","0.59680000000000000","GTEx Coexpression,0.5968"
"ora","NR3C1","HT55","0.8131332467336425","0.153768278847845135671","NR3C1","132","trrust","132","0.8131332467336425","0.153768278847845135671",NA,"","6","ENCODE--ChIP-seq(rank=3); Literature--ChIP-seq(rank=57); ReMap--ChIP-seq(rank=60); ARCHS4--Coexpression(rank=471); Enrichr--Queries(rank=663); GTEx--Coexpression(rank=1533)","99","0.02542000000000000","ENCODE ChIP-seq,0.02542"
"ora","EPAS1","HT55","0.7718548115595282","0.169100615529331699260","EPAS1","133","trrust","133","0.7718548115595282","0.169100615529331699260",NA,"","4","ReMap--ChIP-seq(rank=32); ARCHS4--Coexpression(rank=59); Enrichr--Queries(rank=60); GTEx--Coexpression(rank=85)","144","0.03624000000000000","ARCHS4 Coexpression,0.03624"
"ora","HOXB7","HT55","0.7718548115595282","0.169100615529331699260","HOXB7","134","trrust","134","0.7718548115595282","0.169100615529331699260",NA,"","5","GTEx--Coexpression(rank=16); Literature--ChIP-seq(rank=46); ReMap--ChIP-seq(rank=83); Enrichr--Queries(rank=131); ARCHS4--Coexpression(rank=319)","40","0.00995600000000000","GTEx Coexpression,0.009956"
"ora","LMO2","HT55","0.7718548115595282","0.169100615529331699260","LMO2","135","trrust","135","0.7718548115595282","0.169100615529331699260",NA,"","0","",NA,NA,NA
"ora","NKX3-1","HT55","0.7718548115595282","0.169100615529331699260","NKX3-1","136","trrust","136","0.7718548115595282","0.169100615529331699260",NA,"","0","",NA,NA,NA
"ora","PPARD","HT55","0.7718548115595282","0.169100615529331699260","PPARD","137","trrust","137","0.7718548115595282","0.169100615529331699260",NA,"","4","Literature--ChIP-seq(rank=26); GTEx--Coexpression(rank=417); Enrichr--Queries(rank=523); ARCHS4--Coexpression(rank=756)","537","0.15850000000000000","Literature ChIP-seq,0.1585"
"ora","SPDEF","HT55","0.7718548115595282","0.169100615529331699260","SPDEF","138","trrust","138","0.7718548115595282","0.169100615529331699260",NA,"","3","GTEx--Coexpression(rank=371); Enrichr--Queries(rank=423); ARCHS4--Coexpression(rank=475)","734","0.23089999999999999","GTEx Coexpression,0.2309"
"ora","TAL1","HT55","0.7718548115595282","0.169100615529331699260","TAL1","139","trrust","139","0.7718548115595282","0.169100615529331699260",NA,"","6","ENCODE--ChIP-seq(rank=56); Literature--ChIP-seq(rank=116); ReMap--ChIP-seq(rank=183); GTEx--Coexpression(rank=341); ARCHS4--Coexpression(rank=453); Enrichr--Queries(rank=743)","690","0.21220000000000000","GTEx Coexpression,0.2122"
"ora","TFAP2C","HT55","0.7718548115595282","0.169100615529331699260","TFAP2C","140","trrust","140","0.7718548115595282","0.169100615529331699260",NA,"","6","ReMap--ChIP-seq(rank=56); ENCODE--ChIP-seq(rank=63); ARCHS4--Coexpression(rank=81); Literature--ChIP-seq(rank=115); GTEx--Coexpression(rank=123); Enrichr--Queries(rank=151)","196","0.04975000000000000","ARCHS4 Coexpression,0.04975"
"ora","ZBTB16","HT55","0.7718548115595282","0.169100615529331699260","ZBTB16","141","trrust","141","0.7718548115595282","0.169100615529331699260",NA,"","4","Enrichr--Queries(rank=72); ARCHS4--Coexpression(rank=128); ReMap--ChIP-seq(rank=293); GTEx--Coexpression(rank=517)","205","0.05128000000000000","Enrichr Queries,0.05128"
"ora","FOXP3","HT55","0.7343444983332179","0.184355246549878892814","FOXP3","142","trrust","142","0.7343444983332179","0.184355246549878892814",NA,"","4","Literature--ChIP-seq(rank=50); ARCHS4--Coexpression(rank=186); GTEx--Coexpression(rank=695); Enrichr--Queries(rank=911)","405","0.11430000000000001","ARCHS4 Coexpression,0.1143"
"ora","IRF8","HT55","0.7343444983332179","0.184355246549878892814","IRF8","143","trrust","143","0.7343444983332179","0.184355246549878892814",NA,"","4","Literature--ChIP-seq(rank=47); Enrichr--Queries(rank=391); ARCHS4--Coexpression(rank=618); GTEx--Coexpression(rank=995)","858","0.27850000000000003","Enrichr Queries,0.2785"
"ora","KLF2","HT55","0.7343444983332179","0.184355246549878892814","KLF2","144","trrust","144","0.7343444983332179","0.184355246549878892814",NA,"","4","Enrichr--Queries(rank=38); Literature--ChIP-seq(rank=40); GTEx--Coexpression(rank=73); ARCHS4--Coexpression(rank=448)","108","0.02707000000000000","Enrichr Queries,0.02707"
"ora","MECP2","HT55","0.7343444983332179","0.184355246549878892814","MECP2","145","trrust","145","0.7343444983332179","0.184355246549878892814",NA,"","3","ARCHS4--Coexpression(rank=534); GTEx--Coexpression(rank=686); Enrichr--Queries(rank=1266)","959","0.32800000000000001","ARCHS4 Coexpression,0.328"
"ora","NPM1","HT55","0.7343444983332179","0.184355246549878892814","NPM1","146","trrust","146","0.7343444983332179","0.184355246549878892814",NA,"","0","",NA,NA,NA
"ora","PITX2","HT55","0.7343444983332179","0.184355246549878892814","PITX2","147","trrust","147","0.7343444983332179","0.184355246549878892814",NA,"","3","Enrichr--Queries(rank=225); ARCHS4--Coexpression(rank=400); GTEx--Coexpression(rank=697)","544","0.16030000000000000","Enrichr Queries,0.1603"
"ora","POU1F1","HT55","0.7343444983332179","0.184355246549878892814","POU1F1","148","trrust","148","0.7343444983332179","0.184355246549878892814",NA,"","3","ARCHS4--Coexpression(rank=528); Enrichr--Queries(rank=782); GTEx--Coexpression(rank=1334)","947","0.32429999999999992","ARCHS4 Coexpression,0.3243"
"ora","PROX1","HT55","0.7343444983332179","0.184355246549878892814","PROX1","149","trrust","149","0.7343444983332179","0.184355246549878892814",NA,"","4","ReMap--ChIP-seq(rank=79); Enrichr--Queries(rank=280); ARCHS4--Coexpression(rank=356); GTEx--Coexpression(rank=824)","656","0.19939999999999999","Enrichr Queries,0.1994"
"ora","STAT4","HT55","0.7343444983332179","0.184355246549878892814","STAT4","150","trrust","150","0.7343444983332179","0.184355246549878892814",NA,"","4","Literature--ChIP-seq(rank=60); ARCHS4--Coexpression(rank=107); Enrichr--Queries(rank=227); GTEx--Coexpression(rank=840)","252","0.06572000000000000","ARCHS4 Coexpression,0.06572"
"ora","USF2","HT55","0.6710808647453900","0.213264778151465078659","USF2","151","trrust","151","0.6710808647453900","0.213264778151465078659",NA,"","5","ENCODE--ChIP-seq(rank=51); ReMap--ChIP-seq(rank=69); ARCHS4--Coexpression(rank=964); Enrichr--Queries(rank=1049); GTEx--Coexpression(rank=1056)","740","0.23230000000000001","ReMap ChIP-seq,0.2323"
"ora","KAT2B","HT55","0.6695219618900443","0.214031669010204789183","KAT2B","152","trrust","152","0.6695219618900443","0.214031669010204789183",NA,"","0","",NA,NA,NA
"ora","KLF5","HT55","0.6695219618900443","0.214031669010204789183","KLF5","153","trrust","153","0.6695219618900443","0.214031669010204789183",NA,"","5","ARCHS4--Coexpression(rank=33); Literature--ChIP-seq(rank=39); GTEx--Coexpression(rank=129); ReMap--ChIP-seq(rank=175); Enrichr--Queries(rank=192)","82","0.02027000000000000","ARCHS4 Coexpression,0.02027"
"ora","TP73","HT55","0.6695219618900443","0.214031669010204789183","TP73","154","trrust","154","0.6695219618900443","0.214031669010204789183",NA,"","3","GTEx--Coexpression(rank=158); ARCHS4--Coexpression(rank=282); Enrichr--Queries(rank=921)","361","0.09832000000000000","GTEx Coexpression,0.09832"
"ora","ZEB1","HT55","0.6695219618900443","0.214031669010204789183","ZEB1","155","trrust","155","0.6695219618900443","0.214031669010204789183",NA,"","5","ENCODE--ChIP-seq(rank=78); ReMap--ChIP-seq(rank=81); GTEx--Coexpression(rank=266); ARCHS4--Coexpression(rank=390); Enrichr--Queries(rank=469)","560","0.16550000000000001","GTEx Coexpression,0.1655"
"ora","ATF6","HT55","0.6411830437750569","0.228463568618612750116","ATF6","156","trrust","156","0.6411830437750569","0.228463568618612750116",NA,"","3","ARCHS4--Coexpression(rank=361); GTEx--Coexpression(rank=415); Enrichr--Queries(rank=805)","711","0.22170000000000001","ARCHS4 Coexpression,0.2217"
"ora","SNAI2","HT55","0.6411830437750569","0.228463568618612750116","SNAI2","157","trrust","157","0.6411830437750569","0.228463568618612750116",NA,"","4","ARCHS4--Coexpression(rank=42); Enrichr--Queries(rank=91); ReMap--ChIP-seq(rank=92); GTEx--Coexpression(rank=110)","102","0.02580000000000000","ARCHS4 Coexpression,0.0258"
"ora","TCF3","HT55","0.6411830437750569","0.228463568618612750116","TCF3","158","trrust","158","0.6411830437750569","0.228463568618612750116",NA,"","6","ENCODE--ChIP-seq(rank=29); Literature--ChIP-seq(rank=45); ReMap--ChIP-seq(rank=216); Enrichr--Queries(rank=1166); ARCHS4--Coexpression(rank=1460); GTEx--Coexpression(rank=1499)","768","0.24579999999999999","ENCODE ChIP-seq,0.2458"
"ora","CREB1","HT55","0.6402469042014824","0.228956562357191306667","CREB1","159","trrust","159","0.6402469042014824","0.228956562357191306667",NA,"","6","ENCODE--ChIP-seq(rank=102); ReMap--ChIP-seq(rank=132); Literature--ChIP-seq(rank=143); Enrichr--Queries(rank=1221); GTEx--Coexpression(rank=1274); ARCHS4--Coexpression(rank=1593)","1177","0.44440000000000002","ReMap ChIP-seq,0.4444"
"ora","YY1","HT55","0.6311298061816045","0.233813828857430211494","YY1","160","trrust","160","0.6311298061816045","0.233813828857430211494",NA,"","6","ENCODE--ChIP-seq(rank=95); Literature--ChIP-seq(rank=128); ReMap--ChIP-seq(rank=162); GTEx--Coexpression(rank=765); Enrichr--Queries(rank=1304); ARCHS4--Coexpression(rank=1500)","1230","0.47599999999999998","GTEx Coexpression,0.476"
"ora","CEBPA","HT55","0.6190857277455999","0.240388823662023826122","CEBPA","161","trrust","161","0.6190857277455999","0.240388823662023826122",NA,"","5","ReMap--ChIP-seq(rank=39); Literature--ChIP-seq(rank=80); Enrichr--Queries(rank=134); GTEx--Coexpression(rank=187); ARCHS4--Coexpression(rank=193)","352","0.09544000000000000","Enrichr Queries,0.09544"
"ora","IRF1","HT55","0.6190857277455999","0.240388823662023826122","IRF1","162","trrust","162","0.6190857277455999","0.240388823662023826122",NA,"","6","Literature--ChIP-seq(rank=15); Enrichr--Queries(rank=22); ReMap--ChIP-seq(rank=25); ENCODE--ChIP-seq(rank=93); ARCHS4--Coexpression(rank=215); GTEx--Coexpression(rank=454)","60","0.01567000000000000","Enrichr Queries,0.01567"
"ora","ING4","HT55","0.6150533906160693","0.242631179462051954632","ING4","163","trrust","163","0.6150533906160693","0.242631179462051954632",NA,"","0","",NA,NA,NA
"ora","JUNB","HT55","0.6150533906160693","0.242631179462051954632","JUNB","164","trrust","164","0.6150533906160693","0.242631179462051954632",NA,"","4","GTEx--Coexpression(rank=62); ReMap--ChIP-seq(rank=88); ARCHS4--Coexpression(rank=91); Enrichr--Queries(rank=163)","155","0.03858000000000000","GTEx Coexpression,0.03858"
"ora","PTTG1","HT55","0.6150533906160693","0.242631179462051954632","PTTG1","165","trrust","165","0.6150533906160693","0.242631179462051954632",NA,"","0","",NA,NA,NA
"ora","RFX1","HT55","0.6150533906160693","0.242631179462051954632","RFX1","166","trrust","166","0.6150533906160693","0.242631179462051954632",NA,"","4","ReMap--ChIP-seq(rank=198); ARCHS4--Coexpression(rank=1063); GTEx--Coexpression(rank=1130); Enrichr--Queries(rank=1182)","1468","0.65290000000000004","ARCHS4 Coexpression,0.6529"
"ora","NFE2L2","HT55","0.5908460464932052","0.256539328430649526958","NFE2L2","167","trrust","167","0.5908460464932052","0.256539328430649526958",NA,"","5","Literature--ChIP-seq(rank=22); ARCHS4--Coexpression(rank=34); ReMap--ChIP-seq(rank=144); GTEx--Coexpression(rank=405); Enrichr--Queries(rank=564)","84","0.02088000000000000","ARCHS4 Coexpression,0.02088"
"ora","CEBPD","HT55","0.5683263012248618","0.270192754494798570430","CEBPD","168","trrust","168","0.5683263012248618","0.270192754494798570430",NA,"","5","ARCHS4--Coexpression(rank=28); GTEx--Coexpression(rank=38); ENCODE--ChIP-seq(rank=40); Literature--ChIP-seq(rank=114); ReMap--ChIP-seq(rank=146)","68","0.01720000000000000","ARCHS4 Coexpression,0.0172"
"ora","FOXM1","HT55","0.5683263012248618","0.270192754494798570430","FOXM1","169","trrust","169","0.5683263012248618","0.270192754494798570430",NA,"","6","Literature--ChIP-seq(rank=14); ENCODE--ChIP-seq(rank=39); ReMap--ChIP-seq(rank=208); Enrichr--Queries(rank=1371); ARCHS4--Coexpression(rank=1425); GTEx--Coexpression(rank=1452)","317","0.08537000000000000","Literature ChIP-seq,0.08537"
"ora","MYC","HT55","0.5556081259388040","0.278222259995153486933","MYC","170","trrust","170","0.5556081259388040","0.278222259995153486933",NA,"","6","GTEx--Coexpression(rank=34); Literature--ChIP-seq(rank=69); ENCODE--ChIP-seq(rank=84); ReMap--ChIP-seq(rank=248); Enrichr--Queries(rank=510); ARCHS4--Coexpression(rank=1389)","85","0.02116000000000000","GTEx Coexpression,0.02116"
"ora","HDAC9","HT55","0.5472997300681370","0.283596110302255344227","HDAC9","171","trrust","171","0.5472997300681370","0.283596110302255344227",NA,"","0","",NA,NA,NA
"ora","NFKBIA","HT55","0.5276034714579445","0.296753963746308635496","NFKBIA","172","trrust","172","0.5276034714579445","0.296753963746308635496",NA,"","0","",NA,NA,NA
"ora","RUNX2","HT55","0.5276034714579445","0.296753963746308635496","RUNX2","173","trrust","173","0.5276034714579445","0.296753963746308635496",NA,"","5","Literature--ChIP-seq(rank=5); ReMap--ChIP-seq(rank=65); GTEx--Coexpression(rank=119); Enrichr--Queries(rank=186); ARCHS4--Coexpression(rank=229)","119","0.03049000000000000","Literature ChIP-seq,0.03049"
"ora","NFYA","HT55","0.5090997446319260","0.309670799505534999341","NFYA","174","trrust","174","0.5090997446319260","0.309670799505534999341",NA,"","5","ENCODE--ChIP-seq(rank=92); ReMap--ChIP-seq(rank=282); GTEx--Coexpression(rank=818); Enrichr--Queries(rank=894); ARCHS4--Coexpression(rank=1344)","1284","0.50900000000000001","GTEx Coexpression,0.509"
"ora","NR1H4","HT55","0.5090997446319260","0.309670799505534999341","NR1H4","175","trrust","175","0.5090997446319260","0.309670799505534999341",NA,"","3","Enrichr--Queries(rank=282); ARCHS4--Coexpression(rank=297); GTEx--Coexpression(rank=679)","607","0.18240000000000001","ARCHS4 Coexpression,0.1824"
"ora","SREBF2","HT55","0.5090997446319260","0.309670799505534999341","SREBF2","176","trrust","176","0.5090997446319260","0.309670799505534999341",NA,"","6","ENCODE--ChIP-seq(rank=80); Literature--ChIP-seq(rank=124); ReMap--ChIP-seq(rank=218); GTEx--Coexpression(rank=549); Enrichr--Queries(rank=1102); ARCHS4--Coexpression(rank=1154)","991","0.34160000000000001","GTEx Coexpression,0.3416"
"ora","AHR","HT55","0.4752159131643831","0.334798949654015465249","AHR","177","trrust","177","0.4752159131643831","0.334798949654015465249",NA,"","5","Literature--ChIP-seq(rank=4); Enrichr--Queries(rank=103); ARCHS4--Coexpression(rank=105); ReMap--ChIP-seq(rank=119); GTEx--Coexpression(rank=849)","96","0.02439000000000000","Literature ChIP-seq,0.02439"
"ora","NR5A1","HT55","0.4752159131643831","0.334798949654015465249","NR5A1","178","trrust","178","0.4752159131643831","0.334798949654015465249",NA,"","3","GTEx--Coexpression(rank=274); ARCHS4--Coexpression(rank=322); Enrichr--Queries(rank=876)","576","0.17050000000000001","GTEx Coexpression,0.1705"
"ora","SOX2","HT55","0.4752159131643831","0.334798949654015465249","SOX2","179","trrust","179","0.4752159131643831","0.334798949654015465249",NA,"","5","Literature--ChIP-seq(rank=1); ReMap--ChIP-seq(rank=121); Enrichr--Queries(rank=402); GTEx--Coexpression(rank=488); ARCHS4--Coexpression(rank=515)","24","0.00609800000000000","Literature ChIP-seq,0.006098"
"ora","NANOG","HT55","0.4596469578045574","0.347018830797121924370","NANOG","180","trrust","180","0.4596469578045574","0.347018830797121924370",NA,"","6","Literature--ChIP-seq(rank=41); ReMap--ChIP-seq(rank=64); ENCODE--ChIP-seq(rank=118); ARCHS4--Coexpression(rank=347); GTEx--Coexpression(rank=505); Enrichr--Queries(rank=744)","692","0.21310000000000001","ARCHS4 Coexpression,0.2131"
"ora","TP53","HT55","0.4499212576928011","0.354877726587644937162","TP53","181","trrust","181","0.4499212576928011","0.354877726587644937162",NA,"","5","Literature--ChIP-seq(rank=33); ReMap--ChIP-seq(rank=113); ARCHS4--Coexpression(rank=805); Enrichr--Queries(rank=873); GTEx--Coexpression(rank=1133)","661","0.20119999999999999","Literature ChIP-seq,0.2012"
"ora","ATF1","HT55","0.4448876106494914","0.359014830651827598906","ATF1","182","trrust","182","0.4448876106494914","0.359014830651827598906",NA,"","5","ENCODE--ChIP-seq(rank=108); ReMap--ChIP-seq(rank=188); ARCHS4--Coexpression(rank=760); Enrichr--Queries(rank=1111); GTEx--Coexpression(rank=1239)","1217","0.46679999999999999","ARCHS4 Coexpression,0.4668"
"ora","FLI1","HT55","0.4448876106494914","0.359014830651827598906","FLI1","183","trrust","183","0.4448876106494914","0.359014830651827598906",NA,"","6","ENCODE--ChIP-seq(rank=117); Literature--ChIP-seq(rank=138); ReMap--ChIP-seq(rank=264); GTEx--Coexpression(rank=384); ARCHS4--Coexpression(rank=582); Enrichr--Queries(rank=607)","754","0.23899999999999999","GTEx Coexpression,0.239"
"ora","HDAC3","HT55","0.4448876106494914","0.359014830651827598906","HDAC3","184","trrust","184","0.4448876106494914","0.359014830651827598906",NA,"","0","",NA,NA,NA
"ora","MTA1","HT55","0.4448876106494914","0.359014830651827598906","MTA1","185","trrust","185","0.4448876106494914","0.359014830651827598906",NA,"","0","",NA,NA,NA
"ora","CREBBP","HT55","0.4308707689792989","0.370791039960536861209","CREBBP","186","trrust","186","0.4308707689792989","0.370791039960536861209",NA,"","0","",NA,NA,NA
"ora","CREM","HT55","0.4308707689792989","0.370791039960536861209","CREM","187","trrust","187","0.4308707689792989","0.370791039960536861209",NA,"","5","Enrichr--Queries(rank=57); ARCHS4--Coexpression(rank=72); ReMap--ChIP-seq(rank=138); Literature--ChIP-seq(rank=156); GTEx--Coexpression(rank=877)","164","0.04060000000000000","Enrichr Queries,0.0406"
"ora","PARP1","HT55","0.4308707689792989","0.370791039960536861209","PARP1","188","trrust","188","0.4308707689792989","0.370791039960536861209",NA,"","0","",NA,NA,NA
"ora","HNF1A","HT55","0.4175372301806888","0.382351474920961775794","HNF1A","189","trrust","189","0.4175372301806888","0.382351474920961775794",NA,"","3","ARCHS4--Coexpression(rank=174); Enrichr--Queries(rank=624); GTEx--Coexpression(rank=667)","386","0.10690000000000000","ARCHS4 Coexpression,0.1069"
"ora","NR1I2","HT55","0.4175372301806888","0.382351474920961775794","NR1I2","190","trrust","190","0.4175372301806888","0.382351474920961775794",NA,"","4","ARCHS4--Coexpression(rank=108); Literature--ChIP-seq(rank=112); GTEx--Coexpression(rank=459); Enrichr--Queries(rank=475)","255","0.06634000000000000","ARCHS4 Coexpression,0.06634"
"ora","LEF1","HT55","0.3811393237292064","0.415777205797513316199","LEF1","191","trrust","191","0.3811393237292064","0.415777205797513316199",NA,"","4","Enrichr--Queries(rank=116); ReMap--ChIP-seq(rank=214); GTEx--Coexpression(rank=911); ARCHS4--Coexpression(rank=1010)","310","0.08262000000000000","Enrichr Queries,0.08262"
"ora","RUNX3","HT55","0.3700674609974632","0.426513261351682326783","RUNX3","192","trrust","192","0.3700674609974632","0.426513261351682326783",NA,"","5","ENCODE--ChIP-seq(rank=90); ReMap--ChIP-seq(rank=137); Enrichr--Queries(rank=304); GTEx--Coexpression(rank=466); ARCHS4--Coexpression(rank=639)","698","0.21650000000000000","Enrichr Queries,0.2165"
"ora","YBX1","HT55","0.3700674609974632","0.426513261351682326783","YBX1","193","trrust","193","0.3700674609974632","0.426513261351682326783",NA,"","3","GTEx--Coexpression(rank=1063); Enrichr--Queries(rank=1403); ARCHS4--Coexpression(rank=1492)","1476","0.66149999999999998","GTEx Coexpression,0.6615"
"ora","ETS2","HT55","0.3493053072993163","0.447398674102982729650","ETS2","194","trrust","194","0.3493053072993163","0.447398674102982729650",NA,"","4","GTEx--Coexpression(rank=22); ARCHS4--Coexpression(rank=39); Literature--ChIP-seq(rank=64); Enrichr--Queries(rank=78)","55","0.01369000000000000","GTEx Coexpression,0.01369"
"ora","HIF1A","HT55","0.3450352477734316","0.451819272783847702968","HIF1A","195","trrust","195","0.3450352477734316","0.451819272783847702968",NA,"","5","Literature--ChIP-seq(rank=2); ReMap--ChIP-seq(rank=47); ARCHS4--Coexpression(rank=117); GTEx--Coexpression(rank=624); Enrichr--Queries(rank=834)","47","0.01220000000000000","Literature ChIP-seq,0.0122"
"ora","MYB","HT55","0.3042092490946304","0.496353114025387232022","MYB","196","trrust","196","0.3042092490946304","0.496353114025387232022",NA,"","6","GTEx--Coexpression(rank=18); ENCODE--ChIP-seq(rank=64); Literature--ChIP-seq(rank=89); ReMap--ChIP-seq(rank=194); Enrichr--Queries(rank=731); ARCHS4--Coexpression(rank=1045)","44","0.01120000000000000","GTEx Coexpression,0.0112"
"ora","AIP","HT55","0.0000000000000000","1.000000000000000000000","AIP","197","trrust","197","0.0000000000000000","1.000000000000000000000",NA,"","0","",NA,NA,NA
"ora","APEX1","HT55","0.0000000000000000","1.000000000000000000000","APEX1","198","trrust","198","0.0000000000000000","1.000000000000000000000",NA,"","0","",NA,NA,NA
"ora","ARID3A","HT55","0.0000000000000000","1.000000000000000000000","ARID3A","199","trrust","199","0.0000000000000000","1.000000000000000000000",NA,"","5","ENCODE--ChIP-seq(rank=69); ReMap--ChIP-seq(rank=120); Enrichr--Queries(rank=259); GTEx--Coexpression(rank=580); ARCHS4--Coexpression(rank=803)","616","0.18450000000000000","Enrichr Queries,0.1845"
"ora","ASCL1","HT55","0.0000000000000000","1.000000000000000000000","ASCL1","200","trrust","200","0.0000000000000000","1.000000000000000000000",NA,"","4","ReMap--ChIP-seq(rank=199); ARCHS4--Coexpression(rank=612); Enrichr--Queries(rank=649); GTEx--Coexpression(rank=1323)","1063","0.37590000000000001","ARCHS4 Coexpression,0.3759"
"ora","ATF5","HT55","0.0000000000000000","1.000000000000000000000","ATF5","201","trrust","201","0.0000000000000000","1.000000000000000000000",NA,"","3","Enrichr--Queries(rank=80); ARCHS4--Coexpression(rank=651); GTEx--Coexpression(rank=808)","223","0.05698000000000000","Enrichr Queries,0.05698"
"ora","BCL3","HT55","0.0000000000000000","1.000000000000000000000","BCL3","202","trrust","202","0.0000000000000000","1.000000000000000000000",NA,"","0","",NA,NA,NA
"ora","BTF3","HT55","0.0000000000000000","1.000000000000000000000","BTF3","203","trrust","203","0.0000000000000000","1.000000000000000000000",NA,"","0","",NA,NA,NA
"ora","CDX1","HT55","0.0000000000000000","1.000000000000000000000","CDX1","204","trrust","204","0.0000000000000000","1.000000000000000000000",NA,"","3","ARCHS4--Coexpression(rank=6); GTEx--Coexpression(rank=11); Enrichr--Queries(rank=325)","15","0.00368600000000000","ARCHS4 Coexpression,0.003686"
"ora","CEBPE","HT55","0.0000000000000000","1.000000000000000000000","CEBPE","205","trrust","205","0.0000000000000000","1.000000000000000000000",NA,"","3","ARCHS4--Coexpression(rank=633); Enrichr--Queries(rank=646); GTEx--Coexpression(rank=955)","1085","0.38879999999999998","ARCHS4 Coexpression,0.3888"
"ora","CHD8","HT55","0.0000000000000000","1.000000000000000000000","CHD8","206","trrust","206","0.0000000000000000","1.000000000000000000000",NA,"","0","",NA,NA,NA
"ora","CREB5","HT55","0.0000000000000000","1.000000000000000000000","CREB5","207","trrust","207","0.0000000000000000","1.000000000000000000000",NA,"","3","Enrichr--Queries(rank=56); GTEx--Coexpression(rank=176); ARCHS4--Coexpression(rank=277)","160","0.03989000000000000","Enrichr Queries,0.03989"
"ora","CRX","HT55","0.0000000000000000","1.000000000000000000000","CRX","208","trrust","208","0.0000000000000000","1.000000000000000000000",NA,"","4","Literature--ChIP-seq(rank=97); GTEx--Coexpression(rank=830); ARCHS4--Coexpression(rank=880); Enrichr--Queries(rank=953)","1294","0.51649999999999996","GTEx Coexpression,0.5165"
"ora","CTNNB1","HT55","0.0000000000000000","1.000000000000000000000","CTNNB1","209","trrust","209","0.0000000000000000","1.000000000000000000000",NA,"","0","",NA,NA,NA
"ora","CUX1","HT55","0.0000000000000000","1.000000000000000000000","CUX1","210","trrust","210","0.0000000000000000","1.000000000000000000000",NA,"","6","ENCODE--ChIP-seq(rank=61); ReMap--ChIP-seq(rank=74); Literature--ChIP-seq(rank=126); GTEx--Coexpression(rank=253); ARCHS4--Coexpression(rank=485); Enrichr--Queries(rank=1099)","534","0.15740000000000001","GTEx Coexpression,0.1574"
"ora","DDIT3","HT55","0.0000000000000000","1.000000000000000000000","DDIT3","211","trrust","211","0.0000000000000000","1.000000000000000000000",NA,"","3","Enrichr--Queries(rank=27); GTEx--Coexpression(rank=33); ARCHS4--Coexpression(rank=199)","77","0.01923000000000000","Enrichr Queries,0.01923"
"ora","DEK","HT55","0.0000000000000000","1.000000000000000000000","DEK","212","trrust","212","0.0000000000000000","1.000000000000000000000",NA,"","0","",NA,NA,NA
"ora","E2F4","HT55","0.0000000000000000","1.000000000000000000000","E2F4","213","trrust","213","0.0000000000000000","1.000000000000000000000",NA,"","6","ENCODE--ChIP-seq(rank=49); Literature--ChIP-seq(rank=149); ReMap--ChIP-seq(rank=258); GTEx--Coexpression(rank=1084); Enrichr--Queries(rank=1322); ARCHS4--Coexpression(rank=1404)","1130","0.41530000000000000","ENCODE ChIP-seq,0.4153"
"ora","E2F6","HT55","0.0000000000000000","1.000000000000000000000","E2F6","214","trrust","214","0.0000000000000000","1.000000000000000000000",NA,"","5","ENCODE--ChIP-seq(rank=85); ReMap--ChIP-seq(rank=238); Enrichr--Queries(rank=670); GTEx--Coexpression(rank=727); ARCHS4--Coexpression(rank=742)","1193","0.45240000000000002","GTEx Coexpression,0.4524"
"ora","EGR2","HT55","0.0000000000000000","1.000000000000000000000","EGR2","215","trrust","215","0.0000000000000000","1.000000000000000000000",NA,"","3","ARCHS4--Coexpression(rank=11); Enrichr--Queries(rank=20); GTEx--Coexpression(rank=302)","27","0.00675700000000000","ARCHS4 Coexpression,0.006757"
"ora","ELF3","HT55","0.0000000000000000","1.000000000000000000000","ELF3","216","trrust","216","0.0000000000000000","1.000000000000000000000",NA,"","4","ReMap--ChIP-seq(rank=21); GTEx--Coexpression(rank=37); ARCHS4--Coexpression(rank=50); Enrichr--Queries(rank=65)","91","0.02302000000000000","GTEx Coexpression,0.02302"
"ora","ELF4","HT55","0.0000000000000000","1.000000000000000000000","ELF4","217","trrust","217","0.0000000000000000","1.000000000000000000000",NA,"","3","Enrichr--Queries(rank=164); ARCHS4--Coexpression(rank=392); GTEx--Coexpression(rank=584)","412","0.11680000000000000","Enrichr Queries,0.1168"
"ora","ESRRA","HT55","0.0000000000000000","1.000000000000000000000","ESRRA","218","trrust","218","0.0000000000000000","1.000000000000000000000",NA,"","5","ENCODE--ChIP-seq(rank=54); ReMap--ChIP-seq(rank=54); Enrichr--Queries(rank=808); ARCHS4--Coexpression(rank=967); GTEx--Coexpression(rank=1448)","605","0.18179999999999999","ReMap ChIP-seq,0.1818"
"ora","EWSR1","HT55","0.0000000000000000","1.000000000000000000000","EWSR1","219","trrust","219","0.0000000000000000","1.000000000000000000000",NA,"","0","",NA,NA,NA
"ora","FOXA1","HT55","0.0000000000000000","1.000000000000000000000","FOXA1","220","trrust","220","0.0000000000000000","1.000000000000000000000",NA,"","6","ReMap--ChIP-seq(rank=7); ENCODE--ChIP-seq(rank=34); Literature--ChIP-seq(rank=53); Enrichr--Queries(rank=150); ARCHS4--Coexpression(rank=221); GTEx--Coexpression(rank=389)","93","0.02357000000000000","ReMap ChIP-seq,0.02357"
"ora","FOXA2","HT55","0.0000000000000000","1.000000000000000000000","FOXA2","221","trrust","221","0.0000000000000000","1.000000000000000000000",NA,"","6","ReMap--ChIP-seq(rank=18); ENCODE--ChIP-seq(rank=33); Literature--ChIP-seq(rank=91); Enrichr--Queries(rank=203); ARCHS4--Coexpression(rank=211); GTEx--Coexpression(rank=776)","235","0.06061000000000000","ReMap ChIP-seq,0.06061"
"ora","FOXF2","HT55","0.0000000000000000","1.000000000000000000000","FOXF2","222","trrust","222","0.0000000000000000","1.000000000000000000000",NA,"","3","Enrichr--Queries(rank=279); GTEx--Coexpression(rank=458); ARCHS4--Coexpression(rank=484)","654","0.19869999999999999","Enrichr Queries,0.1987"
"ora","FOXL2","HT55","0.0000000000000000","1.000000000000000000000","FOXL2","223","trrust","223","0.0000000000000000","1.000000000000000000000",NA,"","3","Enrichr--Queries(rank=542); GTEx--Coexpression(rank=1095); ARCHS4--Coexpression(rank=1295)","1078","0.38600000000000001","Enrichr Queries,0.386"
"ora","FOXO1","HT55","0.0000000000000000","1.000000000000000000000","FOXO1","224","trrust","224","0.0000000000000000","1.000000000000000000000",NA,"","5","Literature--ChIP-seq(rank=86); ReMap--ChIP-seq(rank=89); Enrichr--Queries(rank=98); ARCHS4--Coexpression(rank=190); GTEx--Coexpression(rank=313)","267","0.06980000000000000","Enrichr Queries,0.0698"
"ora","GABPA","HT55","0.0000000000000000","1.000000000000000000000","GABPA","225","trrust","225","0.0000000000000000","1.000000000000000000000",NA,"","6","Literature--ChIP-seq(rank=23); ENCODE--ChIP-seq(rank=114); ReMap--ChIP-seq(rank=289); Enrichr--Queries(rank=1344); ARCHS4--Coexpression(rank=1513); GTEx--Coexpression(rank=1607)","478","0.14019999999999999","Literature ChIP-seq,0.1402"
"ora","GATA1","HT55","0.0000000000000000","1.000000000000000000000","GATA1","226","trrust","226","0.0000000000000000","1.000000000000000000000",NA,"","6","ENCODE--ChIP-seq(rank=22); Literature--ChIP-seq(rank=84); ReMap--ChIP-seq(rank=128); ARCHS4--Coexpression(rank=600); GTEx--Coexpression(rank=998); Enrichr--Queries(rank=1029)","623","0.18640000000000001","ENCODE ChIP-seq,0.1864"
"ora","GATA2","HT55","0.0000000000000000","1.000000000000000000000","GATA2","227","trrust","227","0.0000000000000000","1.000000000000000000000",NA,"","6","Literature--ChIP-seq(rank=32); ENCODE--ChIP-seq(rank=35); ReMap--ChIP-seq(rank=45); GTEx--Coexpression(rank=71); Enrichr--Queries(rank=84); ARCHS4--Coexpression(rank=575)","178","0.04418000000000000","GTEx Coexpression,0.04418"
"ora","GATA3","HT55","0.0000000000000000","1.000000000000000000000","GATA3","228","trrust","228","0.0000000000000000","1.000000000000000000000",NA,"","6","ReMap--ChIP-seq(rank=13); Literature--ChIP-seq(rank=25); ENCODE--ChIP-seq(rank=27); GTEx--Coexpression(rank=95); Enrichr--Queries(rank=123); ARCHS4--Coexpression(rank=288)","176","0.04377000000000000","ReMap ChIP-seq,0.04377"
"ora","GATA4","HT55","0.0000000000000000","1.000000000000000000000","GATA4","229","trrust","229","0.0000000000000000","1.000000000000000000000",NA,"","5","ReMap--ChIP-seq(rank=5); Literature--ChIP-seq(rank=27); ARCHS4--Coexpression(rank=41); Enrichr--Queries(rank=457); GTEx--Coexpression(rank=925)","66","0.01684000000000000","ReMap ChIP-seq,0.01684"
"ora","GATA6","HT55","0.0000000000000000","1.000000000000000000000","GATA6","230","trrust","230","0.0000000000000000","1.000000000000000000000",NA,"","5","ReMap--ChIP-seq(rank=20); Enrichr--Queries(rank=34); Literature--ChIP-seq(rank=37); ARCHS4--Coexpression(rank=83); GTEx--Coexpression(rank=859)","94","0.02422000000000000","Enrichr Queries,0.02422"
"ora","GLI1","HT55","0.0000000000000000","1.000000000000000000000","GLI1","231","trrust","231","0.0000000000000000","1.000000000000000000000",NA,"","4","Literature--ChIP-seq(rank=98); Enrichr--Queries(rank=213); ARCHS4--Coexpression(rank=284); GTEx--Coexpression(rank=513)","519","0.15170000000000000","Enrichr Queries,0.1517"
"ora","GLI2","HT55","0.0000000000000000","1.000000000000000000000","GLI2","232","trrust","232","0.0000000000000000","1.000000000000000000000",NA,"","3","ARCHS4--Coexpression(rank=100); GTEx--Coexpression(rank=498); Enrichr--Queries(rank=550)","240","0.06143000000000000","ARCHS4 Coexpression,0.06143"
"ora","HDAC11","HT55","0.0000000000000000","1.000000000000000000000","HDAC11","233","trrust","233","0.0000000000000000","1.000000000000000000000",NA,"","0","",NA,NA,NA
"ora","HDAC5","HT55","0.0000000000000000","1.000000000000000000000","HDAC5","234","trrust","234","0.0000000000000000","1.000000000000000000000",NA,"","0","",NA,NA,NA
"ora","HES1","HT55","0.0000000000000000","1.000000000000000000000","HES1","235","trrust","235","0.0000000000000000","1.000000000000000000000",NA,"","4","GTEx--Coexpression(rank=25); Enrichr--Queries(rank=94); ReMap--ChIP-seq(rank=239); ARCHS4--Coexpression(rank=767)","59","0.01556000000000000","GTEx Coexpression,0.01556"
"ora","HIVEP2","HT55","0.0000000000000000","1.000000000000000000000","HIVEP2","236","trrust","236","0.0000000000000000","1.000000000000000000000",NA,"","3","ARCHS4--Coexpression(rank=330); Enrichr--Queries(rank=465); GTEx--Coexpression(rank=1030)","666","0.20269999999999999","ARCHS4 Coexpression,0.2027"
"ora","HMGA2","HT55","0.0000000000000000","1.000000000000000000000","HMGA2","237","trrust","237","0.0000000000000000","1.000000000000000000000",NA,"","3","ARCHS4--Coexpression(rank=261); Enrichr--Queries(rank=290); GTEx--Coexpression(rank=503)","545","0.16030000000000000","ARCHS4 Coexpression,0.1603"
"ora","HOXA1","HT55","0.0000000000000000","1.000000000000000000000","HOXA1","238","trrust","238","0.0000000000000000","1.000000000000000000000",NA,"","3","Enrichr--Queries(rank=124); GTEx--Coexpression(rank=411); ARCHS4--Coexpression(rank=1048)","326","0.08832000000000000","Enrichr Queries,0.08832"
"ora","HOXA7","HT55","0.0000000000000000","1.000000000000000000000","HOXA7","239","trrust","239","0.0000000000000000","1.000000000000000000000",NA,"","3","Enrichr--Queries(rank=245); GTEx--Coexpression(rank=585); ARCHS4--Coexpression(rank=712)","586","0.17449999999999999","Enrichr Queries,0.1745"
"ora","HOXD3","HT55","0.0000000000000000","1.000000000000000000000","HOXD3","240","trrust","240","0.0000000000000000","1.000000000000000000000",NA,"","3","GTEx--Coexpression(rank=153); ARCHS4--Coexpression(rank=963); Enrichr--Queries(rank=999)","350","0.09521000000000000","GTEx Coexpression,0.09521"
"ora","HSF2","HT55","0.0000000000000000","1.000000000000000000000","HSF2","241","trrust","241","0.0000000000000000","1.000000000000000000000",NA,"","3","GTEx--Coexpression(rank=724); Enrichr--Queries(rank=794); ARCHS4--Coexpression(rank=1261)","1191","0.45050000000000001","GTEx Coexpression,0.4505"
"ora","IFI16","HT55","0.0000000000000000","1.000000000000000000000","IFI16","242","trrust","242","0.0000000000000000","1.000000000000000000000",NA,"","0","",NA,NA,NA
"ora","ILF3","HT55","0.0000000000000000","1.000000000000000000000","ILF3","243","trrust","243","0.0000000000000000","1.000000000000000000000",NA,"","0","",NA,NA,NA
"ora","IRF2","HT55","0.0000000000000000","1.000000000000000000000","IRF2","244","trrust","244","0.0000000000000000","1.000000000000000000000",NA,"","4","ReMap--ChIP-seq(rank=159); Enrichr--Queries(rank=232); GTEx--Coexpression(rank=261); ARCHS4--Coexpression(rank=306)","552","0.16239999999999999","GTEx Coexpression,0.1624"
"ora","IRF3","HT55","0.0000000000000000","1.000000000000000000000","IRF3","245","trrust","245","0.0000000000000000","1.000000000000000000000",NA,"","5","ENCODE--ChIP-seq(rank=91); ReMap--ChIP-seq(rank=267); ARCHS4--Coexpression(rank=999); Enrichr--Queries(rank=1096); GTEx--Coexpression(rank=1292)","1424","0.61360000000000003","ARCHS4 Coexpression,0.6136"
"ora","IRF7","HT55","0.0000000000000000","1.000000000000000000000","IRF7","246","trrust","246","0.0000000000000000","1.000000000000000000000",NA,"","3","Enrichr--Queries(rank=52); ARCHS4--Coexpression(rank=163); GTEx--Coexpression(rank=481)","148","0.03704000000000000","Enrichr Queries,0.03704"
"ora","KAT5","HT55","0.0000000000000000","1.000000000000000000000","KAT5","247","trrust","247","0.0000000000000000","1.000000000000000000000",NA,"","0","",NA,NA,NA
"ora","KDM4B","HT55","0.0000000000000000","1.000000000000000000000","KDM4B","248","trrust","248","0.0000000000000000","1.000000000000000000000",NA,"","0","",NA,NA,NA
"ora","KLF8","HT55","0.0000000000000000","1.000000000000000000000","KLF8","249","trrust","249","0.0000000000000000","1.000000000000000000000",NA,"","3","GTEx--Coexpression(rank=58); Enrichr--Queries(rank=217); ARCHS4--Coexpression(rank=729)","143","0.03609000000000000","GTEx Coexpression,0.03609"
"ora","LMO4","HT55","0.0000000000000000","1.000000000000000000000","LMO4","250","trrust","250","0.0000000000000000","1.000000000000000000000",NA,"","0","",NA,NA,NA
"ora","LMX1B","HT55","0.0000000000000000","1.000000000000000000000","LMX1B","251","trrust","251","0.0000000000000000","1.000000000000000000000",NA,"","3","GTEx--Coexpression(rank=26); ARCHS4--Coexpression(rank=465); Enrichr--Queries(rank=770)","62","0.01618000000000000","GTEx Coexpression,0.01618"
"ora","MAF","HT55","0.0000000000000000","1.000000000000000000000","MAF","252","trrust","252","0.0000000000000000","1.000000000000000000000",NA,"","4","Enrichr--Queries(rank=16); GTEx--Coexpression(rank=36); ARCHS4--Coexpression(rank=43); ReMap--ChIP-seq(rank=212)","45","0.01140000000000000","Enrichr Queries,0.0114"
"ora","MAX","HT55","0.0000000000000000","1.000000000000000000000","MAX","253","trrust","253","0.0000000000000000","1.000000000000000000000",NA,"","5","ENCODE--ChIP-seq(rank=68); ReMap--ChIP-seq(rank=129); ARCHS4--Coexpression(rank=240); GTEx--Coexpression(rank=837); Enrichr--Queries(rank=839)","502","0.14740000000000000","ARCHS4 Coexpression,0.1474"
"ora","MAZ","HT55","0.0000000000000000","1.000000000000000000000","MAZ","254","trrust","254","0.0000000000000000","1.000000000000000000000",NA,"","5","ENCODE--ChIP-seq(rank=82); ReMap--ChIP-seq(rank=106); Enrichr--Queries(rank=1284); GTEx--Coexpression(rank=1374); ARCHS4--Coexpression(rank=1462)","1024","0.35690000000000000","ReMap ChIP-seq,0.3569"
"ora","MBD2","HT55","0.0000000000000000","1.000000000000000000000","MBD2","255","trrust","255","0.0000000000000000","1.000000000000000000000",NA,"","4","ReMap--ChIP-seq(rank=215); GTEx--Coexpression(rank=949); ARCHS4--Coexpression(rank=1000); Enrichr--Queries(rank=1053)","1398","0.59050000000000002","GTEx Coexpression,0.5905"
"ora","MED1","HT55","0.0000000000000000","1.000000000000000000000","MED1","256","trrust","256","0.0000000000000000","1.000000000000000000000",NA,"","0","",NA,NA,NA
"ora","MEF2A","HT55","0.0000000000000000","1.000000000000000000000","MEF2A","257","trrust","257","0.0000000000000000","1.000000000000000000000",NA,"","6","ENCODE--ChIP-seq(rank=60); Literature--ChIP-seq(rank=72); ReMap--ChIP-seq(rank=152); ARCHS4--Coexpression(rank=335); Enrichr--Queries(rank=934); GTEx--Coexpression(rank=952)","674","0.20580000000000001","ARCHS4 Coexpression,0.2058"
"ora","MEF2D","HT55","0.0000000000000000","1.000000000000000000000","MEF2D","258","trrust","258","0.0000000000000000","1.000000000000000000000",NA,"","3","GTEx--Coexpression(rank=390); ARCHS4--Coexpression(rank=562); Enrichr--Queries(rank=980)","762","0.24270000000000000","GTEx Coexpression,0.2427"
"ora","MEN1","HT55","0.0000000000000000","1.000000000000000000000","MEN1","259","trrust","259","0.0000000000000000","1.000000000000000000000",NA,"","0","",NA,NA,NA
"ora","MSC","HT55","0.0000000000000000","1.000000000000000000000","MSC","260","trrust","260","0.0000000000000000","1.000000000000000000000",NA,"","3","Enrichr--Queries(rank=37); ARCHS4--Coexpression(rank=136); GTEx--Coexpression(rank=1588)","104","0.02635000000000000","Enrichr Queries,0.02635"
"ora","MSX2","HT55","0.0000000000000000","1.000000000000000000000","MSX2","261","trrust","261","0.0000000000000000","1.000000000000000000000",NA,"","3","ARCHS4--Coexpression(rank=68); GTEx--Coexpression(rank=155); Enrichr--Queries(rank=194)","166","0.04177000000000000","ARCHS4 Coexpression,0.04177"
"ora","MTF1","HT55","0.0000000000000000","1.000000000000000000000","MTF1","262","trrust","262","0.0000000000000000","1.000000000000000000000",NA,"","2","ARCHS4--Coexpression(rank=214); GTEx--Coexpression(rank=661)","458","0.13139999999999999","ARCHS4 Coexpression,0.1314"
"ora","MZF1","HT55","0.0000000000000000","1.000000000000000000000","MZF1","263","trrust","263","0.0000000000000000","1.000000000000000000000",NA,"","3","Enrichr--Queries(rank=413); ARCHS4--Coexpression(rank=1547); GTEx--Coexpression(rank=1606)","889","0.29420000000000002","Enrichr Queries,0.2942"
"ora","NCOA3","HT55","0.0000000000000000","1.000000000000000000000","NCOA3","264","trrust","264","0.0000000000000000","1.000000000000000000000",NA,"","4","ReMap--ChIP-seq(rank=189); ARCHS4--Coexpression(rank=340); Enrichr--Queries(rank=954); GTEx--Coexpression(rank=1176)","682","0.20880000000000001","ARCHS4 Coexpression,0.2088"
"ora","NF1","HT55","0.0000000000000000","1.000000000000000000000","NF1","265","trrust","265","0.0000000000000000","1.000000000000000000000",NA,"","0","",NA,NA,NA
"ora","NFATC1","HT55","0.0000000000000000","1.000000000000000000000","NFATC1","266","trrust","266","0.0000000000000000","1.000000000000000000000",NA,"","5","ENCODE--ChIP-seq(rank=104); ReMap--ChIP-seq(rank=263); Enrichr--Queries(rank=320); ARCHS4--Coexpression(rank=406); GTEx--Coexpression(rank=548)","727","0.22789999999999999","Enrichr Queries,0.2279"
"ora","NFATC2","HT55","0.0000000000000000","1.000000000000000000000","NFATC2","267","trrust","267","0.0000000000000000","1.000000000000000000000",NA,"","3","Enrichr--Queries(rank=189); GTEx--Coexpression(rank=230); ARCHS4--Coexpression(rank=266)","465","0.13460000000000000","Enrichr Queries,0.1346"
"ora","NFKB2","HT55","0.0000000000000000","1.000000000000000000000","NFKB2","268","trrust","268","0.0000000000000000","1.000000000000000000000",NA,"","4","ReMap--ChIP-seq(rank=26); Enrichr--Queries(rank=102); ARCHS4--Coexpression(rank=224); GTEx--Coexpression(rank=564)","278","0.07265000000000001","Enrichr Queries,0.07265"
"ora","NFYB","HT55","0.0000000000000000","1.000000000000000000000","NFYB","269","trrust","269","0.0000000000000000","1.000000000000000000000",NA,"","5","ENCODE--ChIP-seq(rank=70); ReMap--ChIP-seq(rank=281); GTEx--Coexpression(rank=598); Enrichr--Queries(rank=1021); ARCHS4--Coexpression(rank=1248)","1055","0.37209999999999999","GTEx Coexpression,0.3721"
"ora","NFYC","HT55","0.0000000000000000","1.000000000000000000000","NFYC","270","trrust","270","0.0000000000000000","1.000000000000000000000",NA,"","3","ARCHS4--Coexpression(rank=473); GTEx--Coexpression(rank=587); Enrichr--Queries(rank=1103)","881","0.29049999999999998","ARCHS4 Coexpression,0.2905"
"ora","NKX2-1","HT55","0.0000000000000000","1.000000000000000000000","NKX2-1","271","trrust","271","0.0000000000000000","1.000000000000000000000",NA,"","0","",NA,NA,NA
"ora","NKX2-5","HT55","0.0000000000000000","1.000000000000000000000","NKX2-5","272","trrust","272","0.0000000000000000","1.000000000000000000000",NA,"","0","",NA,NA,NA
"ora","NR0B1","HT55","0.0000000000000000","1.000000000000000000000","NR0B1","273","trrust","273","0.0000000000000000","1.000000000000000000000",NA,"","4","Literature--ChIP-seq(rank=10); ARCHS4--Coexpression(rank=364); Enrichr--Queries(rank=499); GTEx--Coexpression(rank=597)","237","0.06098000000000000","Literature ChIP-seq,0.06098"
"ora","NR0B2","HT55","0.0000000000000000","1.000000000000000000000","NR0B2","274","trrust","274","0.0000000000000000","1.000000000000000000000",NA,"","0","",NA,NA,NA
"ora","NR2F1","HT55","0.0000000000000000","1.000000000000000000000","NR2F1","275","trrust","275","0.0000000000000000","1.000000000000000000000",NA,"","4","ReMap--ChIP-seq(rank=171); Enrichr--Queries(rank=182); ARCHS4--Coexpression(rank=189); GTEx--Coexpression(rank=744)","411","0.11609999999999999","ARCHS4 Coexpression,0.1161"
"ora","NR2F6","HT55","0.0000000000000000","1.000000000000000000000","NR2F6","276","trrust","276","0.0000000000000000","1.000000000000000000000",NA,"","4","ReMap--ChIP-seq(rank=37); Enrichr--Queries(rank=728); GTEx--Coexpression(rank=835); ARCHS4--Coexpression(rank=1099)","437","0.12460000000000000","ReMap ChIP-seq,0.1246"
"ora","NR3C2","HT55","0.0000000000000000","1.000000000000000000000","NR3C2","277","trrust","277","0.0000000000000000","1.000000000000000000000",NA,"","3","ARCHS4--Coexpression(rank=27); Enrichr--Queries(rank=240); GTEx--Coexpression(rank=303)","64","0.01658000000000000","ARCHS4 Coexpression,0.01658"
"ora","NR4A1","HT55","0.0000000000000000","1.000000000000000000000","NR4A1","278","trrust","278","0.0000000000000000","1.000000000000000000000",NA,"","4","ARCHS4--Coexpression(rank=3); Enrichr--Queries(rank=82); GTEx--Coexpression(rank=108); ReMap--ChIP-seq(rank=178)","7","0.00184300000000000","ARCHS4 Coexpression,0.001843"
"ora","NR4A2","HT55","0.0000000000000000","1.000000000000000000000","NR4A2","279","trrust","279","0.0000000000000000","1.000000000000000000000",NA,"","4","Enrichr--Queries(rank=10); ARCHS4--Coexpression(rank=23); Literature--ChIP-seq(rank=85); GTEx--Coexpression(rank=652)","28","0.00712300000000000","Enrichr Queries,0.007123"
"ora","NR5A2","HT55","0.0000000000000000","1.000000000000000000000","NR5A2","280","trrust","280","0.0000000000000000","1.000000000000000000000",NA,"","4","ReMap--ChIP-seq(rank=98); Enrichr--Queries(rank=212); ARCHS4--Coexpression(rank=268); GTEx--Coexpression(rank=319)","516","0.15100000000000000","Enrichr Queries,0.151"
"ora","NRF1","HT55","0.0000000000000000","1.000000000000000000000","NRF1","281","trrust","281","0.0000000000000000","1.000000000000000000000",NA,"","5","ENCODE--ChIP-seq(rank=79); ARCHS4--Coexpression(rank=255); ReMap--ChIP-seq(rank=272); GTEx--Coexpression(rank=340); Enrichr--Queries(rank=1210)","533","0.15659999999999999","ARCHS4 Coexpression,0.1566"
"ora","OTX2","HT55","0.0000000000000000","1.000000000000000000000","OTX2","282","trrust","282","0.0000000000000000","1.000000000000000000000",NA,"","4","ReMap--ChIP-seq(rank=268); GTEx--Coexpression(rank=482); Enrichr--Queries(rank=757); ARCHS4--Coexpression(rank=1266)","899","0.29990000000000000","GTEx Coexpression,0.2999"
"ora","PAX2","HT55","0.0000000000000000","1.000000000000000000000","PAX2","283","trrust","283","0.0000000000000000","1.000000000000000000000",NA,"","3","GTEx--Coexpression(rank=182); ARCHS4--Coexpression(rank=513); Enrichr--Queries(rank=994)","403","0.11330000000000000","GTEx Coexpression,0.1133"
"ora","PAX3","HT55","0.0000000000000000","1.000000000000000000000","PAX3","284","trrust","284","0.0000000000000000","1.000000000000000000000",NA,"","3","ARCHS4--Coexpression(rank=208); GTEx--Coexpression(rank=847); Enrichr--Queries(rank=883)","448","0.12780000000000000","ARCHS4 Coexpression,0.1278"
"ora","PAX6","HT55","0.0000000000000000","1.000000000000000000000","PAX6","285","trrust","285","0.0000000000000000","1.000000000000000000000",NA,"","5","Literature--ChIP-seq(rank=118); ReMap--ChIP-seq(rank=203); ARCHS4--Coexpression(rank=363); GTEx--Coexpression(rank=484); Enrichr--Queries(rank=559)","713","0.22300000000000000","ARCHS4 Coexpression,0.223"
"ora","PBX1","HT55","0.0000000000000000","1.000000000000000000000","PBX1","286","trrust","286","0.0000000000000000","1.000000000000000000000",NA,"","4","Literature--ChIP-seq(rank=129); Enrichr--Queries(rank=179); GTEx--Coexpression(rank=220); ARCHS4--Coexpression(rank=798)","447","0.12750000000000000","Enrichr Queries,0.1275"
"ora","PBX2","HT55","0.0000000000000000","1.000000000000000000000","PBX2","287","trrust","287","0.0000000000000000","1.000000000000000000000",NA,"","4","ReMap--ChIP-seq(rank=42); GTEx--Coexpression(rank=739); Enrichr--Queries(rank=840); ARCHS4--Coexpression(rank=1084)","482","0.14140000000000000","ReMap ChIP-seq,0.1414"
"ora","PHOX2B","HT55","0.0000000000000000","1.000000000000000000000","PHOX2B","288","trrust","288","0.0000000000000000","1.000000000000000000000",NA,"","3","GTEx--Coexpression(rank=394); ARCHS4--Coexpression(rank=489); Enrichr--Queries(rank=1117)","767","0.24520000000000000","GTEx Coexpression,0.2452"
"ora","PIAS1","HT55","0.0000000000000000","1.000000000000000000000","PIAS1","289","trrust","289","0.0000000000000000","1.000000000000000000000",NA,"","0","",NA,NA,NA
"ora","PITX1","HT55","0.0000000000000000","1.000000000000000000000","PITX1","290","trrust","290","0.0000000000000000","1.000000000000000000000",NA,"","3","Enrichr--Queries(rank=425); GTEx--Coexpression(rank=431); ARCHS4--Coexpression(rank=605)","830","0.26819999999999999","GTEx Coexpression,0.2682"
"ora","POU2AF1","HT55","0.0000000000000000","1.000000000000000000000","POU2AF1","291","trrust","291","0.0000000000000000","1.000000000000000000000",NA,"","2","ARCHS4--Coexpression(rank=1011); GTEx--Coexpression(rank=1011)","1434","0.62100000000000000","ARCHS4 Coexpression,0.621"
"ora","POU2F1","HT55","0.0000000000000000","1.000000000000000000000","POU2F1","292","trrust","292","0.0000000000000000","1.000000000000000000000",NA,"","4","ReMap--ChIP-seq(rank=224); GTEx--Coexpression(rank=980); ARCHS4--Coexpression(rank=1124); Enrichr--Queries(rank=1303)","1418","0.60980000000000001","GTEx Coexpression,0.6098"
"ora","POU2F2","HT55","0.0000000000000000","1.000000000000000000000","POU2F2","293","trrust","293","0.0000000000000000","1.000000000000000000000",NA,"","5","ENCODE--ChIP-seq(rank=100); ReMap--ChIP-seq(rank=234); Enrichr--Queries(rank=266); GTEx--Coexpression(rank=540); ARCHS4--Coexpression(rank=799)","632","0.18950000000000000","Enrichr Queries,0.1895"
"ora","POU3F2","HT55","0.0000000000000000","1.000000000000000000000","POU3F2","294","trrust","294","0.0000000000000000","1.000000000000000000000",NA,"","4","Literature--ChIP-seq(rank=133); GTEx--Coexpression(rank=594); Enrichr--Queries(rank=997); ARCHS4--Coexpression(rank=1128)","1050","0.36959999999999998","GTEx Coexpression,0.3696"
"ora","PPARGC1A","HT55","0.0000000000000000","1.000000000000000000000","PPARGC1A","295","trrust","295","0.0000000000000000","1.000000000000000000000",NA,"","0","",NA,NA,NA
"ora","PRDM1","HT55","0.0000000000000000","1.000000000000000000000","PRDM1","296","trrust","296","0.0000000000000000","1.000000000000000000000",NA,"","5","ENCODE--ChIP-seq(rank=24); Enrichr--Queries(rank=42); ReMap--ChIP-seq(rank=134); ARCHS4--Coexpression(rank=178); GTEx--Coexpression(rank=440)","117","0.02991000000000000","Enrichr Queries,0.02991"
"ora","RARG","HT55","0.0000000000000000","1.000000000000000000000","RARG","297","trrust","297","0.0000000000000000","1.000000000000000000000",NA,"","4","Literature--ChIP-seq(rank=24); GTEx--Coexpression(rank=31); Enrichr--Queries(rank=222); ARCHS4--Coexpression(rank=626)","78","0.01929000000000000","GTEx Coexpression,0.01929"
"ora","RBL1","HT55","0.0000000000000000","1.000000000000000000000","RBL1","298","trrust","298","0.0000000000000000","1.000000000000000000000",NA,"","0","",NA,NA,NA
"ora","REST","HT55","0.0000000000000000","1.000000000000000000000","REST","299","trrust","299","0.0000000000000000","1.000000000000000000000",NA,"","6","ENCODE--ChIP-seq(rank=43); Literature--ChIP-seq(rank=73); ReMap--ChIP-seq(rank=209); ARCHS4--Coexpression(rank=1148); Enrichr--Queries(rank=1164); GTEx--Coexpression(rank=1437)","1039","0.36440000000000000","ENCODE ChIP-seq,0.3644"
"ora","RFX5","HT55","0.0000000000000000","1.000000000000000000000","RFX5","300","trrust","300","0.0000000000000000","1.000000000000000000000",NA,"","5","ENCODE--ChIP-seq(rank=55); ReMap--ChIP-seq(rank=181); Enrichr--Queries(rank=443); GTEx--Coexpression(rank=1023); ARCHS4--Coexpression(rank=1473)","934","0.31550000000000000","Enrichr Queries,0.3155"
"ora","RFXANK","HT55","0.0000000000000000","1.000000000000000000000","RFXANK","301","trrust","301","0.0000000000000000","1.000000000000000000000",NA,"","0","",NA,NA,NA
"ora","RFXAP","HT55","0.0000000000000000","1.000000000000000000000","RFXAP","302","trrust","302","0.0000000000000000","1.000000000000000000000",NA,"","0","",NA,NA,NA
"ora","RXRA","HT55","0.0000000000000000","1.000000000000000000000","RXRA","303","trrust","303","0.0000000000000000","1.000000000000000000000",NA,"","6","ReMap--ChIP-seq(rank=33); ENCODE--ChIP-seq(rank=38); Literature--ChIP-seq(rank=125); ARCHS4--Coexpression(rank=463); GTEx--Coexpression(rank=633); Enrichr--Queries(rank=689)","395","0.11110000000000000","ReMap ChIP-seq,0.1111"
"ora","SALL4","HT55","0.0000000000000000","1.000000000000000000000","SALL4","304","trrust","304","0.0000000000000000","1.000000000000000000000",NA,"","4","Literature--ChIP-seq(rank=28); ARCHS4--Coexpression(rank=205); Enrichr--Queries(rank=401); GTEx--Coexpression(rank=1129)","442","0.12590000000000001","ARCHS4 Coexpression,0.1259"
"ora","SATB1","HT55","0.0000000000000000","1.000000000000000000000","SATB1","305","trrust","305","0.0000000000000000","1.000000000000000000000",NA,"","4","ReMap--ChIP-seq(rank=163); Enrichr--Queries(rank=262); GTEx--Coexpression(rank=592); ARCHS4--Coexpression(rank=1067)","624","0.18659999999999999","Enrichr Queries,0.1866"
"ora","SF1","HT55","0.0000000000000000","1.000000000000000000000","SF1","306","trrust","306","0.0000000000000000","1.000000000000000000000",NA,"","0","",NA,NA,NA
"ora","SFPQ","HT55","0.0000000000000000","1.000000000000000000000","SFPQ","307","trrust","307","0.0000000000000000","1.000000000000000000000",NA,"","0","",NA,NA,NA
"ora","SNAI1","HT55","0.0000000000000000","1.000000000000000000000","SNAI1","308","trrust","308","0.0000000000000000","1.000000000000000000000",NA,"","3","GTEx--Coexpression(rank=23); ARCHS4--Coexpression(rank=35); Enrichr--Queries(rank=59)","56","0.01431000000000000","GTEx Coexpression,0.01431"
"ora","SOX10","HT55","0.0000000000000000","1.000000000000000000000","SOX10","309","trrust","309","0.0000000000000000","1.000000000000000000000",NA,"","4","ReMap--ChIP-seq(rank=114); GTEx--Coexpression(rank=273); Enrichr--Queries(rank=313); ARCHS4--Coexpression(rank=318)","574","0.16990000000000000","GTEx Coexpression,0.1699"
"ora","SOX17","HT55","0.0000000000000000","1.000000000000000000000","SOX17","310","trrust","310","0.0000000000000000","1.000000000000000000000",NA,"","4","Literature--ChIP-seq(rank=94); ARCHS4--Coexpression(rank=110); GTEx--Coexpression(rank=162); Enrichr--Queries(rank=292)","257","0.06757000000000001","ARCHS4 Coexpression,0.06757"
"ora","SOX4","HT55","0.0000000000000000","1.000000000000000000000","SOX4","311","trrust","311","0.0000000000000000","1.000000000000000000000",NA,"","3","Enrichr--Queries(rank=327); ARCHS4--Coexpression(rank=705); GTEx--Coexpression(rank=1282)","742","0.23290000000000000","Enrichr Queries,0.2329"
"ora","SP4","HT55","0.0000000000000000","1.000000000000000000000","SP4","312","trrust","312","0.0000000000000000","1.000000000000000000000",NA,"","5","ENCODE--ChIP-seq(rank=107); ReMap--ChIP-seq(rank=262); Enrichr--Queries(rank=1051); GTEx--Coexpression(rank=1442); ARCHS4--Coexpression(rank=1578)","1551","0.74860000000000004","Enrichr Queries,0.7486"
"ora","SRF","HT55","0.0000000000000000","1.000000000000000000000","SRF","313","trrust","313","0.0000000000000000","1.000000000000000000000",NA,"","6","ENCODE--ChIP-seq(rank=83); Literature--ChIP-seq(rank=148); GTEx--Coexpression(rank=211); ReMap--ChIP-seq(rank=256); Enrichr--Queries(rank=630); ARCHS4--Coexpression(rank=1467)","457","0.13130000000000000","GTEx Coexpression,0.1313"
"ora","SRY","HT55","0.0000000000000000","1.000000000000000000000","SRY","314","trrust","314","0.0000000000000000","1.000000000000000000000",NA,"","4","Literature--ChIP-seq(rank=79); GTEx--Coexpression(rank=81); Enrichr--Queries(rank=870); ARCHS4--Coexpression(rank=1330)","200","0.05040000000000000","GTEx Coexpression,0.0504"
"ora","TBX21","HT55","0.0000000000000000","1.000000000000000000000","TBX21","315","trrust","315","0.0000000000000000","1.000000000000000000000",NA,"","4","ReMap--ChIP-seq(rank=94); Enrichr--Queries(rank=342); ARCHS4--Coexpression(rank=343); GTEx--Coexpression(rank=461)","686","0.21070000000000000","ARCHS4 Coexpression,0.2107"
"ora","TBX5","HT55","0.0000000000000000","1.000000000000000000000","TBX5","316","trrust","316","0.0000000000000000","1.000000000000000000000",NA,"","4","Literature--ChIP-seq(rank=147); ARCHS4--Coexpression(rank=184); Enrichr--Queries(rank=790); GTEx--Coexpression(rank=1159)","402","0.11300000000000000","ARCHS4 Coexpression,0.113"
"ora","TCF7L2","HT55","0.0000000000000000","1.000000000000000000000","TCF7L2","317","trrust","317","0.0000000000000000","1.000000000000000000000",NA,"","6","ENCODE--ChIP-seq(rank=25); ReMap--ChIP-seq(rank=49); Literature--ChIP-seq(rank=101); GTEx--Coexpression(rank=357); ARCHS4--Coexpression(rank=418); Enrichr--Queries(rank=461)","558","0.16500000000000001","ReMap ChIP-seq,0.165"
"ora","TEAD1","HT55","0.0000000000000000","1.000000000000000000000","TEAD1","318","trrust","318","0.0000000000000000","1.000000000000000000000",NA,"","4","ReMap--ChIP-seq(rank=46); ARCHS4--Coexpression(rank=144); GTEx--Coexpression(rank=228); Enrichr--Queries(rank=721)","328","0.08845000000000000","ARCHS4 Coexpression,0.08845"
"ora","TFAP2B","HT55","0.0000000000000000","1.000000000000000000000","TFAP2B","319","trrust","319","0.0000000000000000","1.000000000000000000000",NA,"","3","GTEx--Coexpression(rank=254); Enrichr--Queries(rank=603); ARCHS4--Coexpression(rank=1343)","535","0.15809999999999999","GTEx Coexpression,0.1581"
"ora","TFCP2","HT55","0.0000000000000000","1.000000000000000000000","TFCP2","320","trrust","320","0.0000000000000000","1.000000000000000000000",NA,"","3","Enrichr--Queries(rank=1108); ARCHS4--Coexpression(rank=1119); GTEx--Coexpression(rank=1136)","1497","0.68730000000000002","ARCHS4 Coexpression,0.6873"
"ora","TFDP1","HT55","0.0000000000000000","1.000000000000000000000","TFDP1","321","trrust","321","0.0000000000000000","1.000000000000000000000",NA,"","4","ReMap--ChIP-seq(rank=241); GTEx--Coexpression(rank=1026); Enrichr--Queries(rank=1347); ARCHS4--Coexpression(rank=1427)","1452","0.63849999999999985","GTEx Coexpression,0.6385"
"ora","TNFAIP3","HT55","0.0000000000000000","1.000000000000000000000","TNFAIP3","322","trrust","322","0.0000000000000000","1.000000000000000000000",NA,"","0","",NA,NA,NA
"ora","TRERF1","HT55","0.0000000000000000","1.000000000000000000000","TRERF1","323","trrust","323","0.0000000000000000","1.000000000000000000000",NA,"","3","GTEx--Coexpression(rank=396); Enrichr--Queries(rank=690); ARCHS4--Coexpression(rank=1056)","770","0.24640000000000001","GTEx Coexpression,0.2464"
"ora","TWIST1","HT55","0.0000000000000000","1.000000000000000000000","TWIST1","324","trrust","324","0.0000000000000000","1.000000000000000000000",NA,"","4","ARCHS4--Coexpression(rank=26); GTEx--Coexpression(rank=67); ReMap--ChIP-seq(rank=148); Enrichr--Queries(rank=471)","61","0.01597000000000000","ARCHS4 Coexpression,0.01597"
"ora","TWIST2","HT55","0.0000000000000000","1.000000000000000000000","TWIST2","325","trrust","325","0.0000000000000000","1.000000000000000000000",NA,"","2","GTEx--Coexpression(rank=68); ARCHS4--Coexpression(rank=77)","167","0.04231000000000000","GTEx Coexpression,0.04231"
"ora","WWTR1","HT55","0.0000000000000000","1.000000000000000000000","WWTR1","326","trrust","326","0.0000000000000000","1.000000000000000000000",NA,"","0","",NA,NA,NA
"ora","ZEB2","HT55","0.0000000000000000","1.000000000000000000000","ZEB2","327","trrust","327","0.0000000000000000","1.000000000000000000000",NA,"","4","ReMap--ChIP-seq(rank=15); Enrichr--Queries(rank=314); ARCHS4--Coexpression(rank=604); GTEx--Coexpression(rank=893)","201","0.05051000000000000","ReMap ChIP-seq,0.05051"
"ora","ZNF148","HT55","0.0000000000000000","1.000000000000000000000","ZNF148","328","trrust","328","0.0000000000000000","1.000000000000000000000",NA,"","3","ARCHS4--Coexpression(rank=1190); Enrichr--Queries(rank=1396); GTEx--Coexpression(rank=1576)","1538","0.73099999999999998","ARCHS4 Coexpression,0.731"
"ora","ZNF382","HT55","0.0000000000000000","1.000000000000000000000","ZNF382","329","trrust","329","0.0000000000000000","1.000000000000000000000",NA,"","3","GTEx--Coexpression(rank=452); Enrichr--Queries(rank=504); ARCHS4--Coexpression(rank=1018)","863","0.28129999999999999","GTEx Coexpression,0.2813"
