"Signature_Group","Signature"
"tumor_signature","CellCycle_Reg"
"tumor_signature","Cell_cycle"
"tumor_signature","DDR"
"tumor_signature","Mismatch_Repair"
"tumor_signature","Histones"
"tumor_signature","Homologous_recombination"
"tumor_signature","Nature_metabolism_Hypoxia"
"tumor_signature","Molecular_Cancer_m6A"
"tumor_signature","MT_exosome"
"tumor_signature","Positive_regulation_of_exosomal_secretion"
"tumor_signature","Ferroptosis"
"tumor_signature","EV_Cell_2020"
"EMT","Pan_F_TBRs"
"EMT","EMT1"
"EMT","EMT2"
"EMT","EMT3"
"EMT","WNT_target"
"io_biomarkers","TMEscore_CIR"
"io_biomarkers","TMEscoreA_CIR"
"io_biomarkers","TMEscoreB_CIR"
"io_biomarkers","T_cell_inflamed_GEP_Ayers_et_al"
"io_biomarkers","CD_8_T_effector"
"io_biomarkers","IPS_IPS"
"io_biomarkers","Immune_Checkpoint"
"io_biomarkers","Exhausted_CD8_Danaher_et_al"
"io_biomarkers","Pan_F_TBRs"
"io_biomarkers","Mismatch_Repair"
"io_biomarkers","APM"
"immu_microenvironment","GPAGs"
"immu_microenvironment","PPAGs"
"immu_microenvironment","Pan_F_TBRs"
"immu_microenvironment","MDSC_Peng_et_al"
"immu_microenvironment","TAM_Peng_et_al"
"immu_microenvironment","MicroenvironmentScore_xCell"
"immu_microenvironment","TMEscore"
"immu_microenvironment","ImmuneScore_xCell"
"immu_microenvironment","ImmuneScore_estimate"
"immu_microenvironment","StromalScore_estimate"
"immu_suppression","Pan_F_TBRs"
"immu_suppression","Fibroblasts_MCPcounter"
"immu_suppression","Immune_Checkpoint"
"immu_suppression","Exhausted_CD8_Danaher_et_al"
"immu_suppression","MDSC_Wang_et_al"
"immu_suppression","Macrophages_M2_cibersort"
"immu_suppression","Tregs_quantiseq"
"immu_suppression","T_cells_regulatory_(Tregs)_CIBERSORT"
"immu_exclusion","Pan_F_TBRs"
"immu_exclusion","CAF_Peng_et_al"
"immu_exclusion","Fibroblasts_MCPcounter"
"immu_exclusion","CAFs_EPIC"
"immu_exclusion","EMT1"
"immu_exclusion","EMT2"
"immu_exclusion","WNT_target"
"immu_exclusion","TGFb_Family_Member_Receptor_Li_et_al"
"immu_exclusion","TGFb_Family_Member_Li_et_al"
"immu_exclusion","Macrophages_M2_CIBERSORT"
"immu_exclusion","Macrophages_M2_quantiseq"
"immu_exclusion","TAM_Peng_et_al"
"immu_exhaustion","Immune_Checkpoint"
"immu_exhaustion","Exhausted_CD8_Danaher_et_al"
"immu_exhaustion","T_cell_exhaustion_Peng_et_al"
"immu_exhaustion","T_cells_regulatory_(Tregs)_CIBERSORT"
"immu_exhaustion","T_cell_regulatory_Peng_et_al"
"immu_exhaustion","ICB_resistance_Peng_et_al"
"immu_exhaustion","StromalScore_estimate"
"TCR_BCR","TCR_signaling_Pathway_Li_et_al"
"TCR_BCR","REACTOME_DOWNSTREAM_TCR_SIGNALING"
"TCR_BCR","REACTOME_TCR_SIGNALING"
"TCR_BCR","BCR_Signaling_Pathway_Li_et_al"
"TCR_BCR","APM"
"tme_signatures1","GPAGs"
"tme_signatures1","PPAGs"
"tme_signatures1","Pan_F_TBRs"
"tme_signatures1","MDSC_Peng_et_al"
"tme_signatures1","TAM_Peng_et_al"
"tme_signatures1","MicroenvironmentScore_xCell"
"tme_signatures1","TMEscore"
"tme_signatures1","ImmuneScore_xCell"
"tme_signatures1","ImmuneScore_estimate"
"tme_signatures1","StromalScore_estimate"
"tme_signatures1","Fibroblasts_MCPcounter"
"tme_signatures1","Immune_Checkpoint"
"tme_signatures1","Exhausted_CD8_Danaher_et_al"
"tme_signatures1","MDSC_Wang_et_al"
"tme_signatures1","Macrophages_M2_cibersort"
"tme_signatures1","Tregs_quantiseq"
"tme_signatures1","T_cells_regulatory_(Tregs)_CIBERSORT"
"tme_signatures1","CAF_Peng_et_al"
"tme_signatures1","CAFs_EPIC"
"tme_signatures1","EMT1"
"tme_signatures1","EMT2"
"tme_signatures1","WNT_target"
"tme_signatures1","TGFb_Family_Member_Receptor_Li_et_al"
"tme_signatures1","TGFb_Family_Member_Li_et_al"
"tme_signatures1","Macrophages_M2_CIBERSORT"
"tme_signatures1","Macrophages_M2_quantiseq"
"tme_signatures1","T_cell_exhaustion_Peng_et_al"
"tme_signatures1","T_cell_regulatory_Peng_et_al"
"tme_signatures1","ICB_resistance_Peng_et_al"
"tme_signatures1","TMEscore_CIR"
"tme_signatures1","TMEscoreA_CIR"
"tme_signatures1","TMEscoreB_CIR"
"tme_signatures1","T_cell_inflamed_GEP_Ayers_et_al"
"tme_signatures1","CD_8_T_effector"
"tme_signatures1","IPS_IPS"
"tme_signatures1","Mismatch_Repair"
"tme_signatures1","APM"
"tme_signatures1","TCR_signaling_Pathway_Li_et_al"
"tme_signatures1","REACTOME_DOWNSTREAM_TCR_SIGNALING"
"tme_signatures1","REACTOME_TCR_SIGNALING"
"tme_signatures1","BCR_Signaling_Pathway_Li_et_al"
"tme_signatures2","DDR"
"tme_signatures2","CellCycle_Reg"
"tme_signatures2","Histones"
"tme_signatures2","EMT3"
"tme_signatures2","FGFR3_related"
"tme_signatures2","Cell_cycle"
"tme_signatures2","Homologous_recombination"
"tme_signatures2","Nucleotide_excision_repair"
"tme_signatures2","DNA_replication"
"tme_signatures2","Base_excision_repair"
"tme_signatures2","CD8_Rooney_et_al"
"tme_signatures2","B_cells_Rooney_et_al"
"tme_signatures2","Treg_Rooney_et_al"
"tme_signatures2","Macrophages_Rooney_et_al"
"tme_signatures2","Neutrophils_Rooney_et_al"
"tme_signatures2","NK_cells_Rooney_et_al"
"tme_signatures2","pDCs_Rooney_et_al"
"tme_signatures2","MHC_Class_I_Rooney_et_al"
"tme_signatures2","Co_stimulation_APC_Rooney_et_al"
"tme_signatures2","Co_stimulation_T_cell_Rooney_et_al"
"tme_signatures2","Co_inhibition_APC_Rooney_et_al"
"tme_signatures2","Co_inhibition_T_cell_Rooney_et_al"
"tme_signatures2","Type_I_IFN_Reponse_Rooney_et_al"
"tme_signatures2","Type_II_IFN_Reponse_Rooney_et_al"
"tme_signatures2","Cytolytic_Activity_Rooney_et_al"
"tme_signatures2","MHC_Class_I"
"tme_signatures2","MHC_Class_II"
"tme_signatures2","IFNG_signature_Ayers_et_al"
"tme_signatures2","HLA_signature_gene"
"tme_signatures2","B_cells_Danaher_et_al"
"tme_signatures2","CD8_T_cells_Danaher_et_al"
"tme_signatures2","Cytotoxic_cells_Danaher_et_al"
"tme_signatures2","DC_Danaher_et_al"
"tme_signatures2","Macrophages_Danaher_et_al"
"tme_signatures2","Mast_cells_Danaher_et_al"
"tme_signatures2","Neutrophils_Danaher_et_al"
"tme_signatures2","NK_CD56dim_cells_Danaher_et_al"
"tme_signatures2","NK_cells_Danaher_et_al"
"tme_signatures2","T_cells_Danaher_et_al"
"tme_signatures2","TIP_Release_of_cancer_cell_antigens"
"tme_signatures2","TIP_Cancer_antigen_presentation_1"
"tme_signatures2","TIP_Cancer_antigen_presentation_2"
"tme_signatures2","TIP_Priming_and_activation_1"
"tme_signatures2","TIP_Priming_and_activation_2"
"tme_signatures2","TIP_Trafficking_of_immune_cells_to_tumors"
"tme_signatures2","TIP_Infiltration_of_immune_cells_into_tumors_1"
"tme_signatures2","TIP_Infiltration_of_immune_cells_into_tumors_2"
"tme_signatures2","TIP_Recognition_of_cancer_cells_by_T_cells_1"
"tme_signatures2","TIP_Recognition_of_cancer_cells_by_T_cells_2"
"tme_signatures2","TIP_Killing_of_cancer_cells_1"
"tme_signatures2","TIP_Killing_of_cancer_cells_2"
"tme_signatures2","TLS_Nature"
"tme_signatures2","TMEscoreA_plus"
"tme_signatures2","TMEscoreB_plus"
"tme_signatures2","B_cells_Bindea_et_al"
"tme_signatures2","T_cells_Bindea_et_al"
"tme_signatures2","T_helper_cells_Bindea_et_al"
"tme_signatures2","Tcm_Bindea_et_al"
"tme_signatures2","Tem_Bindea_et_al"
"tme_signatures2","Th1_cells_Bindea_et_al"
"tme_signatures2","Th2_cells_Bindea_et_al"
"tme_signatures2","TFH_Bindea_et_al"
"tme_signatures2","Th17_cells_Bindea_et_al"
"tme_signatures2","CD8_T_cells_Bindea_et_al"
"tme_signatures2","Tgd_Bindea_et_al"
"tme_signatures2","Cytotoxic_cells_Bindea_et_al"
"tme_signatures2","NK_cells_Bindea_et_al"
"tme_signatures2","NK_CD56dim_cells_Bindea_et_al"
"tme_signatures2","DC_Bindea_et_al"
"tme_signatures2","iDC_Bindea_et_al"
"tme_signatures2","aDC_Bindea_et_al"
"tme_signatures2","Eosinophils_Bindea_et_al"
"tme_signatures2","Macrophages_Bindea_et_al"
"tme_signatures2","Mast_cells_Bindea_et_al"
"tme_signatures2","Neutrophils_Bindea_et_al"
"tme_signatures2","SW480_cancer_cells_Bindea_et_al"
"tme_signatures2","Normal_mucosa_Bindea_et_al"
"tme_signatures2","Lymph_vessels_Bindea_et_al"
"tme_signatures2","Antigen_Processing_and_Presentation_Li_et_al"
"tme_signatures2","Antimicrobials_Li_et_al"
"tme_signatures2","Chemokines_Li_et_al"
"tme_signatures2","Chemokine_Receptors_Li_et_al"
"tme_signatures2","Cytokines_Li_et_al"
"tme_signatures2","Cytokine_Receptors_Li_et_al"
"tme_signatures2","Interferons_Li_et_al"
"tme_signatures2","Interferon_Receptor_Li_et_al"
"tme_signatures2","Interleukins_Li_et_al"
"tme_signatures2","Interleukins_Receptor_Li_et_al"
"tme_signatures2","Natural_Killer_Cell_Cytotoxicity_Li_et_al"
"tme_signatures2","TNF_Family_Members_Li_et_al"
"tme_signatures2","TNF_Family_Members_Receptors_Li_et_al"
"tme_signatures2","T_cell_accumulation_Peng_et_al"
"tme_signatures2","T_cell_probe_Jeschke_et_al"
"tme_signatures2","MeTIL_Jeschke_et_al"
"Bcells","B_cells_naive_CIBERSORT"
"Bcells","B_cells_memory_CIBERSORT"
"Bcells","B_cells_quantiseq"
"Bcells","B_cells_Rooney_et_al"
"Bcells","B_cells_Danaher_et_al"
"Bcells","B_cells_Bindea_et_al"
"Bcells","B-cells_xCell"
"Bcells","Class-switched_memory_B-cells_xCell"
"Bcells","Memory_B-cells_xCell"
"Bcells","naive_B-cells_xCell"
"Bcells","pro_B-cells_xCell"
"Bcells","Plasma_cells_CIBERSORT"
"Bcells","Plasma_cells_xCell"
"Tcells","T_cells_CD8_CIBERSORT"
"Tcells","T_cells_CD4_naive_CIBERSORT"
"Tcells","T_cells_CD4_memory_resting_CIBERSORT"
"Tcells","T_cells_CD4_memory_activated_CIBERSORT"
"Tcells","T_cells_follicular_helper_CIBERSORT"
"Tcells","T_cells_regulatory_(Tregs)_CIBERSORT"
"Tcells","T_cells_gamma_delta_CIBERSORT"
"Tcells","T_cells_MCPcounter"
"Tcells","CD8_T_cells_MCPcounter"
"Tcells","T_cells_CD4_quantiseq"
"Tcells","T_cells_CD8_quantiseq"
"Tcells","CD8_T_cells_Danaher_et_al"
"Tcells","T_cells_Danaher_et_al"
"Tcells","T_cells_Bindea_et_al"
"Tcells","CD8_T_cells_Bindea_et_al"
"Tcells","CD4+_memory_T-cells_xCell"
"Tcells","CD4+_naive_T-cells_xCell"
"Tcells","CD4+_T-cells_xCell"
"Tcells","CD8+_naive_T-cells_xCell"
"Tcells","CD8+_T-cells_xCell"
"Tcells","T_cell_CD4_TIMER"
"Tcells","T_cell_CD8_TIMER"
"Tcells","Co_stimulation_T_cell_Rooney_et_al"
"Tcells","Co_inhibition_T_cell_Rooney_et_al"
"Tcells","T_cell_inflamed_GEP_Ayers_et_al"
"Tcells","T_cell_accumulation_Peng_et_al"
"Tcells","T_cell_exhaustion_Peng_et_al"
"Tcells","T_cell_regulatory_Peng_et_al"
"Tcells","T_cell_probe_Jeschke_et_al"
"Tcells","CD4+_Tcm_xCell"
"Tcells","CD4+_Tem_xCell"
"Tcells","CD4_Tcells_EPIC"
"Tcells","GO_CD40_RECEPTOR_COMPLEX"
"Tcells","CD8+_Tcm_xCell"
"Tcells","CD8+_Tem_xCell"
"Tcells","CD8_Tcells_EPIC"
"Tcells","CD8_Rooney_et_al"
"Tcells","Exhausted_CD8_Danaher_et_al"
"Tcells","CD4_c0_Tcm"
"Tcells","CD4_c1_Treg"
"Tcells","CD4_c10_Tn_LEF1_ANKRD55"
"Tcells","CD4_c11_Tisg"
"Tcells","CD4_c2_Tn"
"Tcells","CD4_c3_Tfh"
"Tcells","CD4_c4_Tstr"
"Tcells","CD4_c5_CTL"
"Tcells","CD4_c6_Tn_FHIT"
"Tcells","CD4_c7_Tn_TCEA3"
"Tcells","CD4_c8_Tf17"
"Tcells","CD4_c9_Tn_TCF7_SLC40A1"
"Tcells","CD8_c0_t_Teff"
"Tcells","CD8_c1_Tex"
"Tcells","CD8_c10_Teff_CD244"
"Tcells","CD8_c11_Teff_SEMA4A"
"Tcells","CD8_c12_Trm"
"Tcells","CD8_c13_Tn_TCF7"
"Tcells","CD8_c2_Teff"
"Tcells","CD8_c3_Tn"
"Tcells","CD8_c4_Tstr"
"Tcells","CD8_c5_Tisg"
"Tcells","CD8_c6_Tcm"
"Tcells","CD8_c7_p_Tex"
"Tcells","CD8_c8_Teff_KLRG1"
"Tcells","CD8_c9_Tsen"
"DCs","iDC_xCell"
"DCs","iDC_Bindea_et_al"
"DCs","Dendritic_cells_resting_CIBERSORT"
"DCs","Dendritic_cells_activated_CIBERSORT"
"DCs","Dendritic_cells_quantiseq"
"DCs","aDC_xCell"
"DCs","aDC_Bindea_et_al"
"DCs","DC_Bindea_et_al"
"DCs","DC_01_CLEC9A"
"DCs","DC_02_CD1C"
"DCs","DC_03_LAMP3"
"DCs","DC_04_CD207"
"DCs","DC_05_LILRA4"
"DCs","DC_06_STMN1"
"Macrophages","Macrophages_M0_CIBERSORT"
"Macrophages","Macrophages_M1_CIBERSORT"
"Macrophages","Macrophages_M2_CIBERSORT"
"Macrophages","Macrophages_xCell"
"Macrophages","Macrophages_M1_xCell"
"Macrophages","Macrophages_M2_xCell"
"Macrophages","Macrophages_EPIC"
"Macrophages","Macrophages_M1_quantiseq"
"Macrophages","Macrophages_M2_quantiseq"
"Macrophages","Macrophages_Rooney_et_al"
"Macrophages","Macrophages_Danaher_et_al"
"Macrophages","Macrophages_Bindea_et_al"
"Macrophages","TAM_Peng_et_al"
"Macrophages","Mph_01_MARCO"
"Macrophages","Mph_02_CCL20"
"Macrophages","Mph_03_SPP1"
"Macrophages","Mph_04_TREM2"
"Macrophages","Mph_05_IL1B"
"Macrophages","Mph_06_CXCL9"
"Macrophages","Mph_07_SLC40A1"
"Macrophages","Mph_08_APOE"
"Macrophages","Mph_09_STMN1"
"Neutrophils","Neutrophils_CIBERSORT"
"Neutrophils","Neutrophils_MCPcounter"
"Neutrophils","Neutrophils_xCell"
"Neutrophils","Neutrophils_quantiseq"
"Neutrophils","Neutrophils_Rooney_et_al"
"Neutrophils","Neutrophils_Danaher_et_al"
"Neutrophils","Neutrophils_Bindea_et_al"
"Neutrophils","Neu_01_MMP8"
"Neutrophils","Neu_02_S100A12"
"Neutrophils","Neu_03_ISG15"
"Neutrophils","Neu_04_TXNIP"
"Neutrophils","Neu_05_ELL2"
"Neutrophils","Neu_06_PTGS2"
"Neutrophils","Neu_07_APOA2"
"Neutrophils","Neu_08_CD74"
"Neutrophils","Neu_09_IFIT1"
"Neutrophils","Neu_10_SPP1"
"Neutrophils","Neu_11_CCL4"
"Monocytes","Monocytes_CIBERSORT"
"Monocytes","Monocytes_xCell"
"Monocytes","Monocytes_quantiseq"
"Monocytes","MDSC_Wang_et_al"
"Monocytes","MDSC_Peng_et_al"
"Monocytes","Mo_01_CD14"
"Monocytes","Mo_02_CD16"
"Monocytes","Mono_like_01_CD14"
"Monocytes","Mono_like_02_CD16"
"Monocytes","Mono_like_03_CD14CD16"
"Monocytes","MonoDC"
"CAFs","CAFs_EPIC"
"CAFs","Pan_F_TBRs"
"CAFs","Fibroblasts_MCPcounter"
"CAFs","Fibroblasts_xCell"
"CAFs","ecm_myCAF"
"CAFs","detox_iCAF"
"CAFs","IL_iCAF"
"CAFs","TGFβ_myCAF"
"CAFs","wound_myCAF"
"CAFs","IFNγ_iCAF"
"CAFs","CAF_S1"
"CAFs","Normal_Fibroblast"
"NK","NK_cells_resting_CIBERSORT"
"NK","NK_cells_activated_CIBERSORT"
"NK","NK_cells_MCPcounter"
"NK","NK_cells_xCell"
"NK","NK_cells_quantiseq"
"NK","NK_cells_Rooney_et_al"
"NK","NK_cells_Danaher_et_al"
"NK","NK_cells_Bindea_et_al"
"NK","NK_CD56dim_cells_Danaher_et_al"
"NK","NK_CD56dim_cells_Bindea_et_al"
"tme_cell_types","T_cells_CD8_CIBERSORT"
"tme_cell_types","T_cells_CD4_naive_CIBERSORT"
"tme_cell_types","T_cells_CD4_memory_resting_CIBERSORT"
"tme_cell_types","T_cells_CD4_memory_activated_CIBERSORT"
"tme_cell_types","T_cells_follicular_helper_CIBERSORT"
"tme_cell_types","T_cells_regulatory_(Tregs)_CIBERSORT"
"tme_cell_types","T_cells_gamma_delta_CIBERSORT"
"tme_cell_types","T_cells_MCPcounter"
"tme_cell_types","CD8_T_cells_MCPcounter"
"tme_cell_types","T_cells_CD4_quantiseq"
"tme_cell_types","T_cells_CD8_quantiseq"
"tme_cell_types","CD8_T_cells_Danaher_et_al"
"tme_cell_types","T_cells_Danaher_et_al"
"tme_cell_types","T_cells_Bindea_et_al"
"tme_cell_types","CD8_T_cells_Bindea_et_al"
"tme_cell_types","CD4+_memory_T-cells_xCell"
"tme_cell_types","CD4+_naive_T-cells_xCell"
"tme_cell_types","CD4+_T-cells_xCell"
"tme_cell_types","CD8+_naive_T-cells_xCell"
"tme_cell_types","CD8+_T-cells_xCell"
"tme_cell_types","T_cell_CD4_TIMER"
"tme_cell_types","T_cell_CD8_TIMER"
"tme_cell_types","Co_stimulation_T_cell_Rooney_et_al"
"tme_cell_types","Co_inhibition_T_cell_Rooney_et_al"
"tme_cell_types","T_cell_inflamed_GEP_Ayers_et_al"
"tme_cell_types","T_cell_accumulation_Peng_et_al"
"tme_cell_types","T_cell_exhaustion_Peng_et_al"
"tme_cell_types","T_cell_regulatory_Peng_et_al"
"tme_cell_types","T_cell_probe_Jeschke_et_al"
"tme_cell_types","CD4+_Tcm_xCell"
"tme_cell_types","CD4+_Tem_xCell"
"tme_cell_types","CD4_Tcells_EPIC"
"tme_cell_types","GO_CD40_RECEPTOR_COMPLEX"
"tme_cell_types","CD8+_Tcm_xCell"
"tme_cell_types","CD8+_Tem_xCell"
"tme_cell_types","CD8_Tcells_EPIC"
"tme_cell_types","CD8_Rooney_et_al"
"tme_cell_types","Exhausted_CD8_Danaher_et_al"
"tme_cell_types","CD4_c0_Tcm"
"tme_cell_types","CD4_c1_Treg"
"tme_cell_types","CD4_c10_Tn_LEF1_ANKRD55"
"tme_cell_types","CD4_c11_Tisg"
"tme_cell_types","CD4_c2_Tn"
"tme_cell_types","CD4_c3_Tfh"
"tme_cell_types","CD4_c4_Tstr"
"tme_cell_types","CD4_c5_CTL"
"tme_cell_types","CD4_c6_Tn_FHIT"
"tme_cell_types","CD4_c7_Tn_TCEA3"
"tme_cell_types","CD4_c8_Tf17"
"tme_cell_types","CD4_c9_Tn_TCF7_SLC40A1"
"tme_cell_types","CD8_c0_t_Teff"
"tme_cell_types","CD8_c1_Tex"
"tme_cell_types","CD8_c10_Teff_CD244"
"tme_cell_types","CD8_c11_Teff_SEMA4A"
"tme_cell_types","CD8_c12_Trm"
"tme_cell_types","CD8_c13_Tn_TCF7"
"tme_cell_types","CD8_c2_Teff"
"tme_cell_types","CD8_c3_Tn"
"tme_cell_types","CD8_c4_Tstr"
"tme_cell_types","CD8_c5_Tisg"
"tme_cell_types","CD8_c6_Tcm"
"tme_cell_types","CD8_c7_p_Tex"
"tme_cell_types","CD8_c8_Teff_KLRG1"
"tme_cell_types","CD8_c9_Tsen"
"tme_cell_types","B_cells_naive_CIBERSORT"
"tme_cell_types","B_cells_memory_CIBERSORT"
"tme_cell_types","B_cells_quantiseq"
"tme_cell_types","B_cells_Rooney_et_al"
"tme_cell_types","B_cells_Danaher_et_al"
"tme_cell_types","B_cells_Bindea_et_al"
"tme_cell_types","B-cells_xCell"
"tme_cell_types","Class-switched_memory_B-cells_xCell"
"tme_cell_types","Memory_B-cells_xCell"
"tme_cell_types","naive_B-cells_xCell"
"tme_cell_types","pro_B-cells_xCell"
"tme_cell_types","Plasma_cells_CIBERSORT"
"tme_cell_types","Plasma_cells_xCell"
"tme_cell_types","Macrophages_M0_CIBERSORT"
"tme_cell_types","Macrophages_M1_CIBERSORT"
"tme_cell_types","Macrophages_M2_CIBERSORT"
"tme_cell_types","Macrophages_xCell"
"tme_cell_types","Macrophages_M1_xCell"
"tme_cell_types","Macrophages_M2_xCell"
"tme_cell_types","Macrophages_EPIC"
"tme_cell_types","Macrophages_M1_quantiseq"
"tme_cell_types","Macrophages_M2_quantiseq"
"tme_cell_types","Macrophages_Rooney_et_al"
"tme_cell_types","Macrophages_Danaher_et_al"
"tme_cell_types","Macrophages_Bindea_et_al"
"tme_cell_types","TAM_Peng_et_al"
"tme_cell_types","Mph_01_MARCO"
"tme_cell_types","Mph_02_CCL20"
"tme_cell_types","Mph_03_SPP1"
"tme_cell_types","Mph_04_TREM2"
"tme_cell_types","Mph_05_IL1B"
"tme_cell_types","Mph_06_CXCL9"
"tme_cell_types","Mph_07_SLC40A1"
"tme_cell_types","Mph_08_APOE"
"tme_cell_types","Mph_09_STMN1"
"tme_cell_types","CAFs_EPIC"
"tme_cell_types","Pan_F_TBRs"
"tme_cell_types","Fibroblasts_MCPcounter"
"tme_cell_types","Fibroblasts_xCell"
"tme_cell_types","ecm_myCAF"
"tme_cell_types","detox_iCAF"
"tme_cell_types","IL_iCAF"
"tme_cell_types","TGFβ_myCAF"
"tme_cell_types","wound_myCAF"
"tme_cell_types","IFNγ_iCAF"
"tme_cell_types","CAF_S1"
"tme_cell_types","Normal_Fibroblast"
"tme_cell_types","Monocytes_CIBERSORT"
"tme_cell_types","Monocytes_xCell"
"tme_cell_types","Monocytes_quantiseq"
"tme_cell_types","MDSC_Wang_et_al"
"tme_cell_types","MDSC_Peng_et_al"
"tme_cell_types","Mo_01_CD14"
"tme_cell_types","Mo_02_CD16"
"tme_cell_types","Mono_like_01_CD14"
"tme_cell_types","Mono_like_02_CD16"
"tme_cell_types","Mono_like_03_CD14CD16"
"tme_cell_types","MonoDC"
"tme_cell_types","Neutrophils_CIBERSORT"
"tme_cell_types","Neutrophils_MCPcounter"
"tme_cell_types","Neutrophils_xCell"
"tme_cell_types","Neutrophils_quantiseq"
"tme_cell_types","Neutrophils_Rooney_et_al"
"tme_cell_types","Neutrophils_Danaher_et_al"
"tme_cell_types","Neutrophils_Bindea_et_al"
"tme_cell_types","Neu_01_MMP8"
"tme_cell_types","Neu_02_S100A12"
"tme_cell_types","Neu_03_ISG15"
"tme_cell_types","Neu_04_TXNIP"
"tme_cell_types","Neu_05_ELL2"
"tme_cell_types","Neu_06_PTGS2"
"tme_cell_types","Neu_07_APOA2"
"tme_cell_types","Neu_08_CD74"
"tme_cell_types","Neu_09_IFIT1"
"tme_cell_types","Neu_10_SPP1"
"tme_cell_types","Neu_11_CCL4"
"tme_cell_types","iDC_xCell"
"tme_cell_types","iDC_Bindea_et_al"
"tme_cell_types","Dendritic_cells_resting_CIBERSORT"
"tme_cell_types","Dendritic_cells_activated_CIBERSORT"
"tme_cell_types","Dendritic_cells_quantiseq"
"tme_cell_types","aDC_xCell"
"tme_cell_types","aDC_Bindea_et_al"
"tme_cell_types","DC_Bindea_et_al"
"tme_cell_types","DC_01_CLEC9A"
"tme_cell_types","DC_02_CD1C"
"tme_cell_types","DC_03_LAMP3"
"tme_cell_types","DC_04_CD207"
"tme_cell_types","DC_05_LILRA4"
"tme_cell_types","DC_06_STMN1"
"tme_cell_types","NK_cells_resting_CIBERSORT"
"tme_cell_types","NK_cells_activated_CIBERSORT"
"tme_cell_types","NK_cells_MCPcounter"
"tme_cell_types","NK_cells_xCell"
"tme_cell_types","NK_cells_quantiseq"
"tme_cell_types","NK_cells_Rooney_et_al"
"tme_cell_types","NK_cells_Danaher_et_al"
"tme_cell_types","NK_cells_Bindea_et_al"
"tme_cell_types","NK_CD56dim_cells_Danaher_et_al"
"tme_cell_types","NK_CD56dim_cells_Bindea_et_al"
"CIBERSORT","B_cells_naive_CIBERSORT"
"CIBERSORT","B_cells_memory_CIBERSORT"
"CIBERSORT","Plasma_cells_CIBERSORT"
"CIBERSORT","T_cells_CD8_CIBERSORT"
"CIBERSORT","T_cells_CD4_naive_CIBERSORT"
"CIBERSORT","T_cells_CD4_memory_resting_CIBERSORT"
"CIBERSORT","T_cells_CD4_memory_activated_CIBERSORT"
"CIBERSORT","T_cells_follicular_helper_CIBERSORT"
"CIBERSORT","T_cells_regulatory_(Tregs)_CIBERSORT"
"CIBERSORT","T_cells_gamma_delta_CIBERSORT"
"CIBERSORT","NK_cells_resting_CIBERSORT"
"CIBERSORT","NK_cells_activated_CIBERSORT"
"CIBERSORT","Monocytes_CIBERSORT"
"CIBERSORT","Macrophages_M0_CIBERSORT"
"CIBERSORT","Macrophages_M1_CIBERSORT"
"CIBERSORT","Macrophages_M2_CIBERSORT"
"CIBERSORT","Dendritic_cells_resting_CIBERSORT"
"CIBERSORT","Dendritic_cells_activated_CIBERSORT"
"CIBERSORT","Mast_cells_resting_CIBERSORT"
"CIBERSORT","Mast_cells_activated_CIBERSORT"
"CIBERSORT","Eosinophils_CIBERSORT"
"CIBERSORT","Neutrophils_CIBERSORT"
"MCPcounter","T_cells_MCPcounter"
"MCPcounter","CD8_T_cells_MCPcounter"
"MCPcounter","Cytotoxic_lymphocytes_MCPcounter"
"MCPcounter","NK_cells_MCPcounter"
"MCPcounter","B_lineage_MCPcounter"
"MCPcounter","Monocytic_lineage_MCPcounter"
"MCPcounter","Myeloid_dendritic_cells_MCPcounter"
"MCPcounter","Neutrophils_MCPcounter"
"MCPcounter","Endothelial_cells_MCPcounter"
"MCPcounter","Fibroblasts_MCPcounter"
"EPIC","Bcells_EPIC"
"EPIC","CAFs_EPIC"
"EPIC","CD4_Tcells_EPIC"
"EPIC","CD8_Tcells_EPIC"
"EPIC","Endothelial_EPIC"
"EPIC","Macrophages_EPIC"
"EPIC","NKcells_EPIC"
"EPIC","otherCells_EPIC"
"xCell","aDC_xCell"
"xCell","Adipocytes_xCell"
"xCell","Astrocytes_xCell"
"xCell","B-cells_xCell"
"xCell","Basophils_xCell"
"xCell","CD4+_memory_T-cells_xCell"
"xCell","CD4+_naive_T-cells_xCell"
"xCell","CD4+_T-cells_xCell"
"xCell","CD4+_Tcm_xCell"
"xCell","CD4+_Tem_xCell"
"xCell","CD8+_naive_T-cells_xCell"
"xCell","CD8+_T-cells_xCell"
"xCell","CD8+_Tcm_xCell"
"xCell","CD8+_Tem_xCell"
"xCell","cDC_xCell"
"xCell","Chondrocytes_xCell"
"xCell","Class-switched_memory_B-cells_xCell"
"xCell","CLP_xCell"
"xCell","CMP_xCell"
"xCell","DC_xCell"
"xCell","Endothelial_cells_xCell"
"xCell","Eosinophils_xCell"
"xCell","Epithelial_cells_xCell"
"xCell","Erythrocytes_xCell"
"xCell","Fibroblasts_xCell"
"xCell","GMP_xCell"
"xCell","Hepatocytes_xCell"
"xCell","HSC_xCell"
"xCell","iDC_xCell"
"xCell","Keratinocytes_xCell"
"xCell","ly_Endothelial_cells_xCell"
"xCell","Macrophages_xCell"
"xCell","Macrophages_M1_xCell"
"xCell","Macrophages_M2_xCell"
"xCell","Mast_cells_xCell"
"xCell","Megakaryocytes_xCell"
"xCell","Melanocytes_xCell"
"xCell","Memory_B-cells_xCell"
"xCell","MEP_xCell"
"xCell","Mesangial_cells_xCell"
"xCell","Monocytes_xCell"
"xCell","MPP_xCell"
"xCell","MSC_xCell"
"xCell","mv_Endothelial_cells_xCell"
"xCell","Myocytes_xCell"
"xCell","naive_B-cells_xCell"
"xCell","Neurons_xCell"
"xCell","Neutrophils_xCell"
"xCell","NK_cells_xCell"
"xCell","NKT_xCell"
"xCell","Osteoblast_xCell"
"xCell","pDC_xCell"
"xCell","Pericytes_xCell"
"xCell","Plasma_cells_xCell"
"xCell","Platelets_xCell"
"xCell","Preadipocytes_xCell"
"xCell","pro_B-cells_xCell"
"xCell","Sebocytes_xCell"
"xCell","Skeletal_muscle_xCell"
"xCell","Smooth_muscle_xCell"
"xCell","Tgd_cells_xCell"
"xCell","Th1_cells_xCell"
"xCell","Th2_cells_xCell"
"xCell","Tregs_xCell"
"xCell","ImmuneScore_xCell"
"xCell","StromaScore_xCell"
"xCell","MicroenvironmentScore_xCell"
"quanTIseq","B_cells_quantiseq"
"quanTIseq","Macrophages_M1_quantiseq"
"quanTIseq","Macrophages_M2_quantiseq"
"quanTIseq","Monocytes_quantiseq"
"quanTIseq","Neutrophils_quantiseq"
"quanTIseq","NK_cells_quantiseq"
"quanTIseq","T_cells_CD4_quantiseq"
"quanTIseq","T_cells_CD8_quantiseq"
"quanTIseq","Tregs_quantiseq"
"quanTIseq","Dendritic_cells_quantiseq"
"quanTIseq","Other_quantiseq"
"ESTIMATE","StromalScore_estimate"
"ESTIMATE","ImmuneScore_estimate"
"ESTIMATE","ESTIMATEScore_estimate"
"ESTIMATE","TumorPurity_estimate"
"IPS","MHC_IPS"
"IPS","EC_IPS"
"IPS","SC_IPS"
"IPS","CP_IPS"
"IPS","AZ_IPS"
"IPS","IPS_IPS"
"TIMER","B_cell_TIMER"
"TIMER","T_cell_CD4_TIMER"
"TIMER","T_cell_CD8_TIMER"
"TIMER","Neutrophil_TIMER"
"TIMER","Macrophage_TIMER"
"TIMER","DC_TIMER"
"fatty_acid_metabolism","HALLMARK_FATTY_ACID_METABOLISM"
"fatty_acid_metabolism","GO_CELLULAR_RESPONSE_TO_FATTY_ACID"
"fatty_acid_metabolism","GO_FATTY_ACID_BETA_OXIDATION"
"fatty_acid_metabolism","GO_FATTY_ACID_BIOSYNTHETIC_PROCESS"
"fatty_acid_metabolism","GO_FATTY_ACID_CATABOLIC_PROCESS"
"fatty_acid_metabolism","GO_FATTY_ACID_DERIVATIVE_TRANSPORT"
"fatty_acid_metabolism","GO_FATTY_ACID_ELONGATION"
"fatty_acid_metabolism","GO_FATTY_ACID_HOMEOSTASIS"
"fatty_acid_metabolism","GO_FATTY_ACID_METABOLIC_PROCESS"
"fatty_acid_metabolism","GO_FATTY_ACID_TRANSPORT"
"fatty_acid_metabolism","GO_LONG_CHAIN_FATTY_ACID_TRANSPORT"
"fatty_acid_metabolism","GO_RESPONSE_TO_FATTY_ACID"
"fatty_acid_metabolism","GO_FATTY_ACID_BINDING"
"fatty_acid_metabolism","GO_FATTY_ACID_LIGASE_ACTIVITY"
"fatty_acid_metabolism","GO_FATTY_ACID_TRANSPORTER_ACTIVITY"
"fatty_acid_metabolism","GO_LONG_CHAIN_FATTY_ACID_BINDING"
"fatty_acid_metabolism","KEGG_FATTY_ACID_METABOLISM"
"fatty_acid_metabolism","Fatty_Acid_Degradation"
"fatty_acid_metabolism","Fatty_Acid_Elongation"
"fatty_acid_metabolism","Fatty_Acid_Biosynthesis"
"hypoxia_signature","Glycolysis"
"hypoxia_signature","Winter_hypoxia_signature"
"hypoxia_signature","Hu_hypoxia_signature"
"hypoxia_signature","HALLMARK_GLYCOLYSIS"
"hypoxia_signature","KEGG_GLYCOLYSIS_GLUCONEOGENESIS"
"hypoxia_signature","REACTOME_GLYCOLYSIS"
"hypoxia_signature","HALLMARK_HYPOXIA"
"hypoxia_signature","Oxidative_Phosphorylation"
"hypoxia_signature","HALLMARK_OXIDATIVE_PHOSPHORYLATION"
"hypoxia_signature","GO_OXIDATIVE_DEMETHYLATION"
"hypoxia_signature","GO_OXIDATIVE_PHOSPHORYLATION"
"hypoxia_signature","GO_RESPONSE_TO_OXIDATIVE_STRESS"
"hypoxia_signature","KEGG_OXIDATIVE_PHOSPHORYLATION"
"cholesterol_metabolism","Cholesterol_Biosynthesis"
"cholesterol_metabolism","HALLMARK_CHOLESTEROL_HOMEOSTASIS"
"cholesterol_metabolism","GO_CHOLESTEROL_EFFLUX"
"cholesterol_metabolism","GO_REVERSE_CHOLESTEROL_TRANSPORT"
"cholesterol_metabolism","REACTOME_CHOLESTEROL_BIOSYNTHESIS"
"cholesterol_metabolism","Steroid_Hormone_Metabolism"
"cholesterol_metabolism","Steroid_Biosynthesis"
"cholesterol_metabolism","Steroid_Hormone_Biosynthesis"
"cholesterol_metabolism","GO_RESPONSE_TO_CORTICOSTEROID"
"cholesterol_metabolism","GO_RESPONSE_TO_STEROID_HORMONE"
"cholesterol_metabolism","GO_STEROID_BIOSYNTHETIC_PROCESS"
"cholesterol_metabolism","GO_STEROID_CATABOLIC_PROCESS"
"cholesterol_metabolism","GO_STEROID_METABOLIC_PROCESS"
"cholesterol_metabolism","GO_STEROID_BINDING"
"cholesterol_metabolism","GO_STEROID_DEHYDROGENASE_ACTIVITY"
"cholesterol_metabolism","GO_STEROID_HYDROXYLASE_ACTIVITY"
"cholesterol_metabolism","KEGG_STEROID_BIOSYNTHESIS"
"cholesterol_metabolism","KEGG_STEROID_HORMONE_BIOSYNTHESIS"
"cholesterol_metabolism","REACTOME_STEROID_HORMONES"
"Metabolism","Cardiolipin_Metabolism"
"Metabolism","Cardiolipin_Biosynthesis"
"Metabolism","Cholesterol_Biosynthesis"
"Metabolism","Citric_Acid_Cycle"
"Metabolism","Cyclooxygenase_Arachidonic_Acid_Metabolism"
"Metabolism","Prostaglandin_Biosynthesis"
"Metabolism","Purine_Biosynthesis"
"Metabolism","Pyrimidine_Biosynthesis"
"Metabolism","Dopamine_Biosynthesis"
"Metabolism","Epinephrine_Biosynthesis"
"Metabolism","Norepinephrine_Biosynthesis"
"Metabolism","Fatty_Acid_Degradation"
"Metabolism","Fatty_Acid_Elongation"
"Metabolism","Fatty_Acid_Biosynthesis"
"Metabolism","Folate_One_Carbon_Metabolism"
"Metabolism","Folate_biosynthesis"
"Metabolism","Gluconeogenesis"
"Metabolism","Glycolysis"
"Metabolism","Glycogen_Biosynthesis"
"Metabolism","Glycogen_Degradation"
"Metabolism","Heme_Biosynthesis"
"Metabolism","Hexosamine_Biosynthesis"
"Metabolism","Homocysteine_Biosynthesis"
"Metabolism","Remethylation"
"Metabolism","Transsulfuration"
"Metabolism","Ketone_Biosynthesis_and_Metabolism"
"Metabolism","Kynurenine_Metabolism"
"Metabolism","Methionine_Cycle"
"Metabolism","Pentose_Phosphate"
"Metabolism","Nicotinamide_Adenine_Metabolism"
"Metabolism","ADP_Ribosylation"
"Metabolism","Nicotinamide_Adenine_Dinucleotide_Biosynthesis"
"Metabolism","Nicotinate_and_Nicotinamide_Metabolism"
"Metabolism","Sirtuin_Nicotinamide_Metabolism"
"Metabolism","Polyamine_Biosynthesis"
"Metabolism","Prostanoid_Biosynthesis"
"Metabolism","Pyruvate_Metabolism"
"Metabolism","Retinoic_Acid_Metabolism"
"Metabolism","Retinoid_Metabolism"
"Metabolism","Retinol_Metabolism"
"Metabolism","Steroid_Hormone_Metabolism"
"Metabolism","Aldosterone_Biosynthesis"
"Metabolism","Cortisol_Biosynthesis"
"Metabolism","Estradiol_Biosynthesis"
"Metabolism","Testosterone_Biosynthesis"
"Metabolism","Urea_Cycle"
"Metabolism","Vitamin_K"
"Metabolism","Pentose_and_Glucuronate_Interconversions"
"Metabolism","Fructose_and_Mannose_Metabolism"
"Metabolism","Galactose_Metabolism"
"Metabolism","Ascorbate_and_Aldrate_Metabolism"
"Metabolism","Starch_and_Suctose_Metabolism"
"Metabolism","Amino_Sugar_and_Nucleotide_Sugar_Metabolism"
"Metabolism","Glyoxylate_and_Dicarboxylate_Metabolism"
"Metabolism","Propanoate_Metabolism"
"Metabolism","Butanoate_Metabolism"
"Metabolism","Inositol_Phosphate_Metabolism"
"Metabolism","Oxidative_Phosphorylation"
"Metabolism","Nitrogen_Metabolism"
"Metabolism","Sulfur_Metabolism"
"Metabolism","Steroid_Biosynthesis"
"Metabolism","Primary_Bile_Acid_Biosynthesis"
"Metabolism","Steroid_Hormone_Biosynthesis"
"Metabolism","Glycerolipid_Metabolism"
"Metabolism","Glycerophospholipid_Metabolism"
"Metabolism","Ether_Lipid_Metabolism"
"Metabolism","Shingolipid_Metabolism"
"Metabolism","Arachidonic_Acid_Metabolism"
"Metabolism","Linoleic_Acid_Metabolism"
"Metabolism","alpha_Linoleic_Acid_Metabolism"
"Metabolism","Biosynthesis_of_Unsaturated_Fatty_Acids"
"Metabolism","Purine_Metabolism"
"Metabolism","Pyrimidine_Metabolism"
"Metabolism","Alanine_Aspartate_and_Glutamate_Metabolism"
"Metabolism","Glycine_Serine_and_Threonine_Metabolism"
"Metabolism","Cysteine_and_Methionine_Metabolism"
"Metabolism","Valine_Leucine_and_Isoleucine_Degradation"
"Metabolism","Valine_Leucine_and_Isoleucine_Biosynthesis"
"Metabolism","Lysine_Degradation"
"Metabolism","Arginine_Biosynthesis"
"Metabolism","Arginine_and_Proline_Metabolism"
"Metabolism","Histidine_Metabolism"
"Metabolism","Tyrosine_Metabolism"
"Metabolism","Phenylalanine_Metabolism"
"Metabolism","Tryptophan_Metabolism"
"Metabolism","Phenylalanine_Tyrosine_and_Tryptophan_Biosynthesis"
"Metabolism","Beta_Alanine_Metabolism"
"Metabolism","Taurine_and_Hypotaurine_Metabolism"
"Metabolism","Selenocompound_Metabolism"
"Metabolism","D_Glutamine_and_D_Glutamate_Metabolism"
"Metabolism","Glutathione_Metabolism"
"Metabolism","N_Glycan_Biosynthesis"
"Metabolism","Mucin_Type_O_Glycan_Biosynthesis"
"Metabolism","Other_Types_of_O_Glycan_Biosynthesis"
"Metabolism","Glycosaminoglycan_Biosynthesis"
"Metabolism","Glycosaminoglycan_Degradation"
"Metabolism","Glycosphosphatidylinositol"
"Metabolism","Glycosphingolipid_Biosynthesis"
"Metabolism","Other_Glycan_Degradation"
"Metabolism","Thiamine_Metabolism"
"Metabolism","Riboflavin_Metabolism"
"Metabolism","Vitamin_B6_Metabolism"
"Metabolism","Pantothenate_and_CoA_Biosynthesis"
"Metabolism","Biotin_Metabolism"
"Metabolism","Lipoic_Acid_Metabolism"
"Metabolism","Porphyrin_and_Chlorophyll_Metabolism"
"Metabolism","Ubiquinone_and_other_Terpenoid_Quinone_Biosynthesis"
"Metabolism","Terpenoid_Backbone_Biosynthesis"
"Metabolism","Caffiene_Metabolism"
"Metabolism","Neomycin_Kanamysin_and_Gentamicin_Biosynthesis"
"Metabolism","Metabolism_of_Xenobiotics_by_Cytochrome_P450"
"Metabolism","Drug_Metabolism_by_Cytochrome_P450"
"Metabolism","Drug_Metabolism_by_other_enzymes"
"hallmark","HALLMARK_ADIPOGENESIS"
"hallmark","HALLMARK_ALLOGRAFT_REJECTION"
"hallmark","HALLMARK_ANDROGEN_RESPONSE"
"hallmark","HALLMARK_ANGIOGENESIS"
"hallmark","HALLMARK_APICAL_JUNCTION"
"hallmark","HALLMARK_APICAL_SURFACE"
"hallmark","HALLMARK_APOPTOSIS"
"hallmark","HALLMARK_BILE_ACID_METABOLISM"
"hallmark","HALLMARK_CHOLESTEROL_HOMEOSTASIS"
"hallmark","HALLMARK_COAGULATION"
"hallmark","HALLMARK_COMPLEMENT"
"hallmark","HALLMARK_DNA_REPAIR"
"hallmark","HALLMARK_E2F_TARGETS"
"hallmark","HALLMARK_EPITHELIAL_MESENCHYMAL_TRANSITION"
"hallmark","HALLMARK_ESTROGEN_RESPONSE_EARLY"
"hallmark","HALLMARK_ESTROGEN_RESPONSE_LATE"
"hallmark","HALLMARK_FATTY_ACID_METABOLISM"
"hallmark","HALLMARK_G2M_CHECKPOINT"
"hallmark","HALLMARK_GLYCOLYSIS"
"hallmark","HALLMARK_HEDGEHOG_SIGNALING"
"hallmark","HALLMARK_HEME_METABOLISM"
"hallmark","HALLMARK_HYPOXIA"
"hallmark","HALLMARK_IL2_STAT5_SIGNALING"
"hallmark","HALLMARK_IL6_JAK_STAT3_SIGNALING"
"hallmark","HALLMARK_INFLAMMATORY_RESPONSE"
"hallmark","HALLMARK_INTERFERON_ALPHA_RESPONSE"
"hallmark","HALLMARK_INTERFERON_GAMMA_RESPONSE"
"hallmark","HALLMARK_KRAS_SIGNALING_DN"
"hallmark","HALLMARK_KRAS_SIGNALING_UP"
"hallmark","HALLMARK_MITOTIC_SPINDLE"
"hallmark","HALLMARK_MTORC1_SIGNALING"
"hallmark","HALLMARK_MYC_TARGETS_V1"
"hallmark","HALLMARK_MYC_TARGETS_V2"
"hallmark","HALLMARK_MYOGENESIS"
"hallmark","HALLMARK_NOTCH_SIGNALING"
"hallmark","HALLMARK_OXIDATIVE_PHOSPHORYLATION"
"hallmark","HALLMARK_P53_PATHWAY"
"hallmark","HALLMARK_PANCREAS_BETA_CELLS"
"hallmark","HALLMARK_PEROXISOME"
"hallmark","HALLMARK_PI3K_AKT_MTOR_SIGNALING"
"hallmark","HALLMARK_PROTEIN_SECRETION"
"hallmark","HALLMARK_REACTIVE_OXIGEN_SPECIES_PATHWAY"
"hallmark","HALLMARK_SPERMATOGENESIS"
"hallmark","HALLMARK_TGF_BETA_SIGNALING"
"hallmark","HALLMARK_TNFA_SIGNALING_VIA_NFKB"
"hallmark","HALLMARK_UNFOLDED_PROTEIN_RESPONSE"
"hallmark","HALLMARK_UV_RESPONSE_DN"
"hallmark","HALLMARK_UV_RESPONSE_UP"
"hallmark","HALLMARK_WNT_BETA_CATENIN_SIGNALING"
"hallmark","HALLMARK_XENOBIOTIC_METABOLISM"
"hallmark1","HALLMARK_ADIPOGENESIS"
"hallmark1","HALLMARK_ALLOGRAFT_REJECTION"
"hallmark1","HALLMARK_ANDROGEN_RESPONSE"
"hallmark1","HALLMARK_ANGIOGENESIS"
"hallmark1","HALLMARK_APICAL_JUNCTION"
"hallmark1","HALLMARK_APICAL_SURFACE"
"hallmark1","HALLMARK_APOPTOSIS"
"hallmark1","HALLMARK_BILE_ACID_METABOLISM"
"hallmark1","HALLMARK_CHOLESTEROL_HOMEOSTASIS"
"hallmark1","HALLMARK_COAGULATION"
"hallmark1","HALLMARK_COMPLEMENT"
"hallmark1","HALLMARK_DNA_REPAIR"
"hallmark1","HALLMARK_E2F_TARGETS"
"hallmark1","HALLMARK_EPITHELIAL_MESENCHYMAL_TRANSITION"
"hallmark1","HALLMARK_ESTROGEN_RESPONSE_EARLY"
"hallmark1","HALLMARK_ESTROGEN_RESPONSE_LATE"
"hallmark2","HALLMARK_FATTY_ACID_METABOLISM"
"hallmark2","HALLMARK_G2M_CHECKPOINT"
"hallmark2","HALLMARK_GLYCOLYSIS"
"hallmark2","HALLMARK_HEDGEHOG_SIGNALING"
"hallmark2","HALLMARK_HEME_METABOLISM"
"hallmark2","HALLMARK_HYPOXIA"
"hallmark2","HALLMARK_IL2_STAT5_SIGNALING"
"hallmark2","HALLMARK_IL6_JAK_STAT3_SIGNALING"
"hallmark2","HALLMARK_INFLAMMATORY_RESPONSE"
"hallmark2","HALLMARK_INTERFERON_ALPHA_RESPONSE"
"hallmark2","HALLMARK_INTERFERON_GAMMA_RESPONSE"
"hallmark2","HALLMARK_KRAS_SIGNALING_DN"
"hallmark2","HALLMARK_KRAS_SIGNALING_UP"
"hallmark2","HALLMARK_MITOTIC_SPINDLE"
"hallmark2","HALLMARK_MTORC1_SIGNALING"
"hallmark2","HALLMARK_MYC_TARGETS_V1"
"hallmark3","HALLMARK_MYC_TARGETS_V2"
"hallmark3","HALLMARK_MYOGENESIS"
"hallmark3","HALLMARK_NOTCH_SIGNALING"
"hallmark3","HALLMARK_OXIDATIVE_PHOSPHORYLATION"
"hallmark3","HALLMARK_P53_PATHWAY"
"hallmark3","HALLMARK_PANCREAS_BETA_CELLS"
"hallmark3","HALLMARK_PEROXISOME"
"hallmark3","HALLMARK_PI3K_AKT_MTOR_SIGNALING"
"hallmark3","HALLMARK_PROTEIN_SECRETION"
"hallmark3","HALLMARK_REACTIVE_OXIGEN_SPECIES_PATHWAY"
"hallmark3","HALLMARK_SPERMATOGENESIS"
"hallmark3","HALLMARK_TGF_BETA_SIGNALING"
"hallmark3","HALLMARK_TNFA_SIGNALING_VIA_NFKB"
"hallmark3","HALLMARK_UNFOLDED_PROTEIN_RESPONSE"
"hallmark3","HALLMARK_UV_RESPONSE_DN"
"hallmark3","HALLMARK_UV_RESPONSE_UP"
"hallmark3","HALLMARK_WNT_BETA_CATENIN_SIGNALING"
"hallmark3","HALLMARK_XENOBIOTIC_METABOLISM"
"Rooney_et_al","CD8_Rooney_et_al"
"Rooney_et_al","B_cells_Rooney_et_al"
"Rooney_et_al","Treg_Rooney_et_al"
"Rooney_et_al","Macrophages_Rooney_et_al"
"Rooney_et_al","Neutrophils_Rooney_et_al"
"Rooney_et_al","NK_cells_Rooney_et_al"
"Rooney_et_al","pDCs_Rooney_et_al"
"Rooney_et_al","MHC_Class_I_Rooney_et_al"
"Rooney_et_al","Co_stimulation_APC_Rooney_et_al"
"Rooney_et_al","Co_stimulation_T_cell_Rooney_et_al"
"Rooney_et_al","Co_inhibition_APC_Rooney_et_al"
"Rooney_et_al","Co_inhibition_T_cell_Rooney_et_al"
"Rooney_et_al","Type_I_IFN_Reponse_Rooney_et_al"
"Rooney_et_al","Type_II_IFN_Reponse_Rooney_et_al"
"Rooney_et_al","Cytolytic_Activity_Rooney_et_al"
"Bindea_et_al","B_cells_Bindea_et_al"
"Bindea_et_al","T_cells_Bindea_et_al"
"Bindea_et_al","T_helper_cells_Bindea_et_al"
"Bindea_et_al","Tcm_Bindea_et_al"
"Bindea_et_al","Tem_Bindea_et_al"
"Bindea_et_al","Th1_cells_Bindea_et_al"
"Bindea_et_al","Th2_cells_Bindea_et_al"
"Bindea_et_al","TFH_Bindea_et_al"
"Bindea_et_al","Th17_cells_Bindea_et_al"
"Bindea_et_al","CD8_T_cells_Bindea_et_al"
"Bindea_et_al","Tgd_Bindea_et_al"
"Bindea_et_al","Cytotoxic_cells_Bindea_et_al"
"Bindea_et_al","NK_cells_Bindea_et_al"
"Bindea_et_al","NK_CD56dim_cells_Bindea_et_al"
"Bindea_et_al","DC_Bindea_et_al"
"Bindea_et_al","iDC_Bindea_et_al"
"Bindea_et_al","aDC_Bindea_et_al"
"Bindea_et_al","Eosinophils_Bindea_et_al"
"Bindea_et_al","Macrophages_Bindea_et_al"
"Bindea_et_al","Mast_cells_Bindea_et_al"
"Bindea_et_al","Neutrophils_Bindea_et_al"
"Bindea_et_al","SW480_cancer_cells_Bindea_et_al"
"Bindea_et_al","Normal_mucosa_Bindea_et_al"
"Bindea_et_al","Lymph_vessels_Bindea_et_al"
"Li_et_al","Antigen_Processing_and_Presentation_Li_et_al"
"Li_et_al","Antimicrobials_Li_et_al"
"Li_et_al","BCR_Signaling_Pathway_Li_et_al"
"Li_et_al","Chemokines_Li_et_al"
"Li_et_al","Chemokine_Receptors_Li_et_al"
"Li_et_al","Cytokines_Li_et_al"
"Li_et_al","Cytokine_Receptors_Li_et_al"
"Li_et_al","Interferons_Li_et_al"
"Li_et_al","Interferon_Receptor_Li_et_al"
"Li_et_al","Interleukins_Li_et_al"
"Li_et_al","Interleukins_Receptor_Li_et_al"
"Li_et_al","Natural_Killer_Cell_Cytotoxicity_Li_et_al"
"Li_et_al","TCR_signaling_Pathway_Li_et_al"
"Li_et_al","TGFb_Family_Member_Li_et_al"
"Li_et_al","TGFb_Family_Member_Receptor_Li_et_al"
"Li_et_al","TNF_Family_Members_Li_et_al"
"Li_et_al","TNF_Family_Members_Receptors_Li_et_al"
"Peng_et_al","T_cell_accumulation_Peng_et_al"
"Peng_et_al","T_cell_exhaustion_Peng_et_al"
"Peng_et_al","T_cell_regulatory_Peng_et_al"
"Peng_et_al","ICB_resistance_Peng_et_al"
"Peng_et_al","MDSC_Peng_et_al"
"Peng_et_al","TAM_Peng_et_al"
"Peng_et_al","CAF_Peng_et_al"
"CAF_singleCell","ecm.myCAF"
"CAF_singleCell","detox.iCAF"
"CAF_singleCell","IL.iCAF"
"CAF_singleCell","TGFb.myCAF"
"CAF_singleCell","wound.myCAF"
"CAF_singleCell","IFNG.iCAF"
"CAF_singleCell","CAF.S1"
"CAF_singleCell","Normal.Fibroblast"
"CAF_singleCell","CAF_Peng_et_al"
"Chu_et_al","CD4_c0_Tcm"
"Chu_et_al","CD4_c1_Treg"
"Chu_et_al","CD4_c10_Tn_LEF1_ANKRD55"
"Chu_et_al","CD4_c11_Tisg"
"Chu_et_al","CD4_c2_Tn"
"Chu_et_al","CD4_c3_Tfh"
"Chu_et_al","CD4_c4_Tstr"
"Chu_et_al","CD4_c5_CTL"
"Chu_et_al","CD4_c6_Tn_FHIT"
"Chu_et_al","CD4_c7_Tn_TCEA3"
"Chu_et_al","CD4_c8_Tf17"
"Chu_et_al","CD4_c9_Tn_TCF7_SLC40A1"
"Chu_et_al","CD8_c0_t_Teff"
"Chu_et_al","CD8_c1_Tex"
"Chu_et_al","CD8_c10_Teff_CD244"
"Chu_et_al","CD8_c11_Teff_SEMA4A"
"Chu_et_al","CD8_c12_Trm"
"Chu_et_al","CD8_c13_Tn_TCF7"
"Chu_et_al","CD8_c2_Teff"
"Chu_et_al","CD8_c3_Tn"
"Chu_et_al","CD8_c4_Tstr"
"Chu_et_al","CD8_c5_Tisg"
"Chu_et_al","CD8_c6_Tcm"
"Chu_et_al","CD8_c7_p_Tex"
"Chu_et_al","CD8_c8_Teff_KLRG1"
"Chu_et_al","CD8_c9_Tsen"
"Xue_et_al","Mast"
"Xue_et_al","Mo_01_CD14"
"Xue_et_al","Mo_02_CD16"
"Xue_et_al","Mono_like_01_CD14"
"Xue_et_al","Mono_like_02_CD16"
"Xue_et_al","Mono_like_03_CD14CD16"
"Xue_et_al","MonoDC"
"Xue_et_al","Mph_01_MARCO"
"Xue_et_al","Mph_02_CCL20"
"Xue_et_al","Mph_03_SPP1"
"Xue_et_al","Mph_04_TREM2"
"Xue_et_al","Mph_05_IL1B"
"Xue_et_al","Mph_06_CXCL9"
"Xue_et_al","Mph_07_SLC40A1"
"Xue_et_al","Mph_08_APOE"
"Xue_et_al","Mph_09_STMN1"
"Xue_et_al","Neu_01_MMP8"
"Xue_et_al","Neu_02_S100A12"
"Xue_et_al","Neu_03_ISG15"
"Xue_et_al","Neu_04_TXNIP"
"Xue_et_al","Neu_05_ELL2"
"Xue_et_al","Neu_06_PTGS2"
"Xue_et_al","Neu_07_APOA2"
"Xue_et_al","Neu_08_CD74"
"Xue_et_al","Neu_09_IFIT1"
"Xue_et_al","Neu_10_SPP1"
"Xue_et_al","Neu_11_CCL4"
"Xue_et_al","DC_01_CLEC9A"
"Xue_et_al","DC_02_CD1C"
"Xue_et_al","DC_03_LAMP3"
"Xue_et_al","DC_04_CD207"
"Xue_et_al","DC_05_LILRA4"
"Xue_et_al","DC_06_STMN1"
"Kieffer_et_al","ecm_myCAF"
"Kieffer_et_al","detox_iCAF"
"Kieffer_et_al","IL_iCAF"
"Kieffer_et_al","TGFβ_myCAF"
"Kieffer_et_al","wound_myCAF"
"Kieffer_et_al","IFNγ_iCAF"
"Kieffer_et_al","CAF_S1"
"Kieffer_et_al","Normal_Fibroblast"
