"statistic","source","condition","score","p_value"
"viper","ABL1","MVL_HUB098","1.0628197650674833241","0.28786369441409093151"
"viper","AHR","MVL_HUB098","1.0714069395035521470","0.28398649394067759788"
"viper","AIRE","MVL_HUB098","2.0719704415724886637","0.03826819784533881663"
"viper","APEX1","MVL_HUB098","-0.5001243889060409398","0.61698749413412390386"
"viper","AR","MVL_HUB098","-2.0864269034375180212","0.03693997010661963926"
"viper","ARID3A","MVL_HUB098","0.5549076923935885031","0.57895780005496622067"
"viper","ARID3B","MVL_HUB098","0.1003767654988998032","0.92004521503859870712"
"viper","ARID4A","MVL_HUB098","-0.1277684552482774849","0.89833221448075484261"
"viper","ARID4B","MVL_HUB098","2.1602632089556008665","0.03075229937681853154"
"viper","ARID5B","MVL_HUB098","-1.0999633489640994188","0.27134809123059344671"
"viper","ARNT","MVL_HUB098","0.9937515595737458352","0.32034383438034863545"
"viper","ARX","MVL_HUB098","1.2646981461775166355","0.20597955476706891753"
"viper","ASCL1","MVL_HUB098","-1.8155116852027983754","0.06944531186916602650"
"viper","ASCL2","MVL_HUB098","-0.6691055051784458030","0.50342817845723497605"
"viper","ATF1","MVL_HUB098","-1.0589515377559817200","0.28962185103547694043"
"viper","ATF2","MVL_HUB098","-1.9802884263028506240","0.04767112854414491674"
"viper","ATF3","MVL_HUB098","-1.3794311097545488565","0.16776187295190794768"
"viper","ATF4","MVL_HUB098","0.3528350232515825580","0.72421212550999225499"
"viper","ATF5","MVL_HUB098","-0.1677876393910377462","0.86675034697496822211"
"viper","ATF6","MVL_HUB098","0.5429844501447262939","0.58714050881192525466"
"viper","BACH1","MVL_HUB098","2.6006848105188069553","0.00930378908050118886"
"viper","BARX2","MVL_HUB098","-0.4171336638574196787","0.67658064293398578748"
"viper","BATF","MVL_HUB098","-0.6896233904026836115","0.49043105407732801027"
"viper","BCL11B","MVL_HUB098","-2.3619046282162123873","0.01818131885319025642"
"viper","BCL3","MVL_HUB098","0.2950501385233673113","0.76795557861560204138"
"viper","BCL6","MVL_HUB098","-0.8840589130200207091","0.37666441123213273423"
"viper","BCLAF1","MVL_HUB098","-0.0612516135623128247","0.95115882518447991689"
"viper","BCOR","MVL_HUB098","0.1224977040292283131","0.90250486421897224698"
"viper","BHLHA15","MVL_HUB098","0.8823283236236478810","0.37759928401338360704"
"viper","BHLHE40","MVL_HUB098","-0.2112928467918624986","0.83265876436171115671"
"viper","BHLHE41","MVL_HUB098","-1.8102252675736518750","0.07026086074361827249"
"viper","BMAL1","MVL_HUB098","0.3704601265205520466","0.71103968086910818158"
"viper","BMAL2","MVL_HUB098","-1.0763028372330671889","0.28179184017554986807"
"viper","BRCA1","MVL_HUB098","0.9543341171705426174","0.33991454360739292717"
"viper","BRD4","MVL_HUB098","0.7341083674108181967","0.46288269427540890133"
"viper","BTG2","MVL_HUB098","-2.1213572697899918396","0.03389174828275717810"
"viper","CDX1","MVL_HUB098","-0.1376627099659235853","0.89050699187223836262"
"viper","CDX2","MVL_HUB098","-1.3223959666798270618","0.18603633123189056153"
"viper","CEBPA","MVL_HUB098","-1.8869746037829315810","0.05916374157544364298"
"viper","CEBPB","MVL_HUB098","-1.6000061289028411071","0.10959722375974489950"
"viper","CEBPD","MVL_HUB098","1.1419770913856963634","0.25346354213739419325"
"viper","CEBPE","MVL_HUB098","0.0896591483684329310","0.92855808002173534366"
"viper","CEBPG","MVL_HUB098","-0.7576538724068984099","0.44865822019310147573"
"viper","CEBPZ","MVL_HUB098","-0.4909626706258152229","0.62345285002864891943"
"viper","CIITA","MVL_HUB098","-0.9218480006734679488","0.35660786572621483437"
"viper","CLOCK","MVL_HUB098","-2.1497505724958951845","0.03157494980946820573"
"viper","CREB1","MVL_HUB098","-0.1572978166145275747","0.87501014092893092400"
"viper","CREB3","MVL_HUB098","-3.0596578568172674295","0.00221589976849321819"
"viper","CREB3L1","MVL_HUB098","0.8707099274138330181","0.38391255660248563286"
"viper","CREB5","MVL_HUB098","0.5439451718481312925","0.58647920299141409473"
"viper","CREBBP","MVL_HUB098","-1.9665671252384555601","0.04923313659791916236"
"viper","CREBZF","MVL_HUB098","-1.6122217171930082191","0.10691370107399561507"
"viper","CREM","MVL_HUB098","-2.4414106237353752071","0.01463000919370206591"
"viper","CRX","MVL_HUB098","1.5697567430192262972","0.11647171461851119068"
"viper","CTBP1","MVL_HUB098","-0.7909637733284748951","0.42896513172291489413"
"viper","CTBP2","MVL_HUB098","-0.7167830958828875776","0.47350794365184356582"
"viper","CTCF","MVL_HUB098","-0.9102434207390996956","0.36269414972588343016"
"viper","CTCFL","MVL_HUB098","-0.5175885005774178982","0.60474540672193555224"
"viper","CTNNB1","MVL_HUB098","-1.3061992649918980902","0.19148480271929402274"
"viper","CUX1","MVL_HUB098","-0.5572302798096967491","0.57737010396843391202"
"viper","CXXC1","MVL_HUB098","-1.6786697655046691757","0.09321642152816518589"
"viper","DBP","MVL_HUB098","-1.9343887975435656301","0.05306534276958120577"
"viper","DDIT3","MVL_HUB098","1.9165048401751285656","0.05530086771255687816"
"viper","DEAF1","MVL_HUB098","1.6172928409413831474","0.10581508390017983767"
"viper","DLX2","MVL_HUB098","-2.6217629628162142374","0.00874762486170629558"
"viper","DLX3","MVL_HUB098","0.0496003671115486516","0.96044085408105350776"
"viper","DLX4","MVL_HUB098","-0.1035959222731901858","0.91749002380718303051"
"viper","DLX5","MVL_HUB098","-1.5208813109492747007","0.12828962471899035824"
"viper","DMTF1","MVL_HUB098","-2.2432252918959458832","0.02488229012797496878"
"viper","DNMT1","MVL_HUB098","-1.7154226239012853039","0.08626777043572034231"
"viper","DNMT3A","MVL_HUB098","-2.0374730279387476273","0.04160266216589877247"
"viper","DNMT3B","MVL_HUB098","-0.8400948928751462708","0.40085518338093889534"
"viper","DOT1L","MVL_HUB098","-0.6514201158581286455","0.51477532882623444621"
"viper","E2F1","MVL_HUB098","1.8273981776832568524","0.06763992314605564438"
"viper","E2F2","MVL_HUB098","0.2568450734423650128","0.79729837335842212998"
"viper","E2F3","MVL_HUB098","1.2846266280476441590","0.19892278897788717718"
"viper","E2F4","MVL_HUB098","2.5606224425815211632","0.01044848376408770256"
"viper","E2F5","MVL_HUB098","0.3835970629176919111","0.70127711723755048467"
"viper","E2F6","MVL_HUB098","3.5482677294514917143","0.00038777384180372916"
"viper","E2F7","MVL_HUB098","0.9732350133333523834","0.33043651272870644409"
"viper","E4F1","MVL_HUB098","-3.0158060353826305899","0.00256297153812639310"
"viper","EBF1","MVL_HUB098","-0.2475241754509413528","0.80450258417190401161"
"viper","EGR1","MVL_HUB098","-1.4258128167009636034","0.15392238032403959824"
"viper","EGR2","MVL_HUB098","-1.2804481612395210988","0.20038756510878297235"
"viper","EGR3","MVL_HUB098","-1.5991540727717421522","0.10978637234115531940"
"viper","EGR4","MVL_HUB098","-0.5358533077004904444","0.59205993666511447238"
"viper","EHF","MVL_HUB098","0.3900510949887819323","0.69649876484075157190"
"viper","ELF1","MVL_HUB098","-0.8422723531898003158","0.39963552250428319157"
"viper","ELF3","MVL_HUB098","-2.1257269922947705787","0.03352599806534375948"
"viper","ELF4","MVL_HUB098","-1.0875244164763573362","0.27680511390311179909"
"viper","ELK1","MVL_HUB098","-1.6433833930063479478","0.10030363392350377660"
"viper","ELK3","MVL_HUB098","-1.3038805428871331760","0.19227431526591487465"
"viper","ELK4","MVL_HUB098","0.2093138251304554609","0.83420325991918353736"
"viper","EMX2","MVL_HUB098","-0.6001991884612456474","0.54837349444153071776"
"viper","EN1","MVL_HUB098","-1.0688919261524301163","0.28511837046171106813"
"viper","ENO1","MVL_HUB098","0.2336182646850485656","0.81528134691113296473"
"viper","EOMES","MVL_HUB098","-3.0183730265957171568","0.00254135873209353821"
"viper","EP300","MVL_HUB098","1.1338687151361102057","0.25684962183382348266"
"viper","EPAS1","MVL_HUB098","1.2039594875717152256","0.22860523735743373819"
"viper","ERF","MVL_HUB098","-0.1044990332924499998","0.91677333540136041190"
"viper","ERG","MVL_HUB098","-2.3311493865505252820","0.01974548390947402504"
"viper","ESR1","MVL_HUB098","-2.1332929477600899304","0.03290070237576928763"
"viper","ESR2","MVL_HUB098","-1.0244895307249941574","0.30560411326824621359"
"viper","ESRRA","MVL_HUB098","0.4468133543194481860","0.65500982831706200393"
"viper","ESRRB","MVL_HUB098","1.0194841467351969388","0.30797317569312099295"
"viper","ESRRG","MVL_HUB098","2.4599648021611204562","0.01389506423446090939"
"viper","ETS1","MVL_HUB098","-2.5275065218259915589","0.01148756903916068987"
"viper","ETS2","MVL_HUB098","-2.4078022077165375237","0.01604887327547991488"
"viper","ETV1","MVL_HUB098","-3.2246731545889311121","0.00126116563345304031"
"viper","ETV3","MVL_HUB098","-0.4327588641835753425","0.66518996080186276743"
"viper","ETV4","MVL_HUB098","-1.8321875420672097956","0.06692348427921503140"
"viper","ETV5","MVL_HUB098","-0.1195607372865208906","0.90483112365590212534"
"viper","ETV6","MVL_HUB098","-0.0817458426157082890","0.93484882318468198736"
"viper","ETV7","MVL_HUB098","-1.1625252271054280495","0.24502218357737354237"
"viper","EWSR1","MVL_HUB098","-0.9770421039347845227","0.32854830839551674160"
"viper","EZH2","MVL_HUB098","-1.6430446699412739608","0.10037369135357029903"
"viper","FEV","MVL_HUB098","-0.8332501731159532854","0.40470365125761503799"
"viper","FHL2","MVL_HUB098","-1.4921332099022943662","0.13566422730598234891"
"viper","FLI1","MVL_HUB098","0.3311436433593853423","0.74053598688065380706"
"viper","FOS","MVL_HUB098","-2.7601062203790838190","0.00577825708043195208"
"viper","FOS_JUN","MVL_HUB098","-1.6051133485750701535","0.10846886217645089479"
"viper","FOS_JUNB","MVL_HUB098","-1.6051133485750701535","0.10846886217645089479"
"viper","FOS_JUND","MVL_HUB098","-1.6051133485750701535","0.10846886217645089479"
"viper","FOSB","MVL_HUB098","1.0044311638264209474","0.31517083515097643609"
"viper","FOSB_JUN","MVL_HUB098","-1.6051133485750701535","0.10846886217645089479"
"viper","FOSB_JUNB","MVL_HUB098","-1.6051133485750701535","0.10846886217645089479"
"viper","FOSB_JUND","MVL_HUB098","-1.6051133485750701535","0.10846886217645089479"
"viper","FOSL1","MVL_HUB098","0.8100728555338412296","0.41789830414993633934"
"viper","FOSL1_JUN","MVL_HUB098","-1.6051133485750701535","0.10846886217645089479"
"viper","FOSL1_JUNB","MVL_HUB098","-1.6051133485750701535","0.10846886217645089479"
"viper","FOSL1_JUND","MVL_HUB098","-1.6051133485750701535","0.10846886217645089479"
"viper","FOSL2","MVL_HUB098","-1.8398404967901424989","0.06579165799934462433"
"viper","FOSL2_JUN","MVL_HUB098","-1.6051133485750701535","0.10846886217645089479"
"viper","FOSL2_JUNB","MVL_HUB098","-1.6051133485750701535","0.10846886217645089479"
"viper","FOSL2_JUND","MVL_HUB098","-1.6051133485750701535","0.10846886217645089479"
"viper","FOXA1","MVL_HUB098","1.0540132291647423823","0.29187686041918248225"
"viper","FOXA2","MVL_HUB098","0.3404090066324353403","0.73354853695889066234"
"viper","FOXC1","MVL_HUB098","0.3572400938758177324","0.72091207293964976177"
"viper","FOXC2","MVL_HUB098","-1.7509214091602127716","0.07995944844321051237"
"viper","FOXD3","MVL_HUB098","1.2821970110445191082","0.19977354447026246520"
"viper","FOXF2","MVL_HUB098","-3.2560689916606029293","0.00112966298270086949"
"viper","FOXG1","MVL_HUB098","-2.0132269850339179484","0.04409075559839411435"
"viper","FOXH1","MVL_HUB098","0.1343421113591502514","0.89313205498441550212"
"viper","FOXI1","MVL_HUB098","1.0155634604458989578","0.30983731236768990991"
"viper","FOXJ1","MVL_HUB098","2.6193892501996476341","0.00880873702835513819"
"viper","FOXL2","MVL_HUB098","-0.3609326847399444982","0.71814976931599283638"
"viper","FOXM1","MVL_HUB098","1.5327968178170352509","0.12532592495442604341"
"viper","FOXN1","MVL_HUB098","-2.7762142778296330370","0.00549959496736799822"
"viper","FOXO1","MVL_HUB098","-1.2423456629038418519","0.21410905444335781578"
"viper","FOXO3","MVL_HUB098","1.9305132347764435430","0.05354327696434123263"
"viper","FOXO4","MVL_HUB098","-0.1904678223021225858","0.84894255569290355545"
"viper","FOXP1","MVL_HUB098","-0.4659639910866159584","0.64124127556717236409"
"viper","FOXP3","MVL_HUB098","-0.1987395104754136888","0.84246651557035634461"
"viper","FOXQ1","MVL_HUB098","0.0873785579391489209","0.93037061246680319293"
"viper","GABPA","MVL_HUB098","0.5439112483897933226","0.58650254807619062181"
"viper","GATA1","MVL_HUB098","-0.7398931771370913513","0.45936481471514817310"
"viper","GATA2","MVL_HUB098","-1.2643619144397497678","0.20610015620041746698"
"viper","GATA3","MVL_HUB098","-1.0293227504880335665","0.30332803602735924908"
"viper","GATA4","MVL_HUB098","-1.4252992605074124022","0.15407071382223191947"
"viper","GATA5","MVL_HUB098","0.1223574001570151282","0.90261597469435150831"
"viper","GATA6","MVL_HUB098","-1.1484955817023003721","0.25076403593498519662"
"viper","GCM1","MVL_HUB098","-0.9191942769762638799","0.35799396405353417494"
"viper","GFI1","MVL_HUB098","-2.4910227655348764486","0.01273759579449888941"
"viper","GFI1B","MVL_HUB098","-2.6049412487659004967","0.00918900151423738404"
"viper","GLI1","MVL_HUB098","-0.8163005326674319662","0.41432826982075554589"
"viper","GLI2","MVL_HUB098","0.8949276665504196648","0.37082575608518514310"
"viper","GLI3","MVL_HUB098","-0.9814967672425588541","0.32634782781653737249"
"viper","GRHL2","MVL_HUB098","-1.2205326814134487279","0.22226300827126357906"
"viper","GRHL3","MVL_HUB098","0.1231867238391772534","0.90195923833568270034"
"viper","GSC","MVL_HUB098","-1.8881199471156449032","0.05900984956064529025"
"viper","GTF2I","MVL_HUB098","-0.3773049669639417236","0.70594698140162459588"
"viper","GTF3A","MVL_HUB098","0.3626645330747291229","0.71685549694465722226"
"viper","HAND2","MVL_HUB098","1.3751979184886380381","0.16907009346485007972"
"viper","HBP1","MVL_HUB098","-0.5931762743385466941","0.55306318897399864287"
"viper","HCFC1","MVL_HUB098","-0.3331009781124132929","0.73905806108011673494"
"viper","HDAC1","MVL_HUB098","-1.6834039529030555560","0.09229691856521618498"
"viper","HDAC3","MVL_HUB098","-2.7589637445198658128","0.00579849676662885349"
"viper","HDAC4","MVL_HUB098","-1.0877661834933469720","0.27669834176416330251"
"viper","HDAC5","MVL_HUB098","-0.0462963105955578810","0.96307407987642945635"
"viper","HDAC7","MVL_HUB098","-0.4367509252798079111","0.66229199262550964011"
"viper","HDAC9","MVL_HUB098","-2.6262714270144833506","0.00863259493183321340"
"viper","HDGF","MVL_HUB098","-0.1028862246851745821","0.91805327078511944627"
"viper","HES1","MVL_HUB098","-0.6243211803596108167","0.53241667680742343904"
"viper","HESX1","MVL_HUB098","0.2441210304166259448","0.80713708528205763137"
"viper","HEY1","MVL_HUB098","-0.7986822694736431805","0.42447467031123098380"
"viper","HEY2","MVL_HUB098","-0.8940735662347563117","0.37128253139997502430"
"viper","HHEX","MVL_HUB098","-0.1916250777947737793","0.84803589729851103218"
"viper","HIC1","MVL_HUB098","-0.2314351607089187302","0.81697675221540444479"
"viper","HIF1A","MVL_HUB098","-1.7366326581888138492","0.08245203118497101968"
"viper","HINFP","MVL_HUB098","-0.4565710649497135565","0.64797938074517413831"
"viper","HIPK2","MVL_HUB098","-2.6603980461705742933","0.00780483525840875835"
"viper","HIVEP1","MVL_HUB098","-2.2954197666692692792","0.02170907962350141288"
"viper","HIVEP2","MVL_HUB098","-1.0321724037528212659","0.30199136032831974674"
"viper","HLF","MVL_HUB098","0.0314740093640995811","0.97489151939590523721"
"viper","HLX","MVL_HUB098","-2.4437525976430518604","0.01453539034307095579"
"viper","HMGA1","MVL_HUB098","0.3753775450659030399","0.70737970242506431617"
"viper","HMGA2","MVL_HUB098","-2.6925087888422227778","0.00709166664173416488"
"viper","HMGB2","MVL_HUB098","0.0351131414673568759","0.97198952249910652856"
"viper","HNF1A","MVL_HUB098","-1.4502863289749650111","0.14697868977087213960"
"viper","HNF1B","MVL_HUB098","-0.0371078826315348054","0.97039898692766812793"
"viper","HNF4A","MVL_HUB098","-2.1748268027881083597","0.02964309775711395506"
"viper","HOXA1","MVL_HUB098","-1.0740472818819590817","0.28280149063797410669"
"viper","HOXA10","MVL_HUB098","-0.5695020753082585818","0.56901546274634151601"
"viper","HOXA13","MVL_HUB098","-1.1799918505299835658","0.23800345618404361581"
"viper","HOXA5","MVL_HUB098","-2.0466380822773473369","0.04069363281205135019"
"viper","HOXA7","MVL_HUB098","-1.9391342940853018018","0.05248498779766962857"
"viper","HOXA9","MVL_HUB098","0.3094771416085183025","0.75695859764352513288"
"viper","HOXB13","MVL_HUB098","-1.4998924500031802776","0.13364226401898260388"
"viper","HOXB2","MVL_HUB098","0.0788120401173378476","0.93718212720939919613"
"viper","HOXB4","MVL_HUB098","0.7260355293303207835","0.46781699002597371129"
"viper","HOXB7","MVL_HUB098","-0.1979395164130113571","0.84309238617387194381"
"viper","HOXC8","MVL_HUB098","0.1160681013825553831","0.90759856932022198173"
"viper","HOXD13","MVL_HUB098","2.1968839636783528135","0.02802873442503234572"
"viper","HOXD3","MVL_HUB098","-1.6446513809141305451","0.10004172448862129474"
"viper","HR","MVL_HUB098","0.2626179651923117864","0.79284505175184216696"
"viper","HSF1","MVL_HUB098","-0.8774679604968597113","0.38023251395534524155"
"viper","HSF2","MVL_HUB098","1.1905534155920933781","0.23382894864896197618"
"viper","HSF4","MVL_HUB098","0.4063019779415527610","0.68452073225938292467"
"viper","HTATIP2","MVL_HUB098","-1.2849143967870140237","0.19882219944714502047"
"viper","ID1","MVL_HUB098","-1.4563462375659574910","0.14529692961734053114"
"viper","ID2","MVL_HUB098","-2.8247345805300598798","0.00473197960820345449"
"viper","ID3","MVL_HUB098","-2.3716124009977739284","0.01771065886298975670"
"viper","ID4","MVL_HUB098","1.1412089250062626977","0.25378299115960839538"
"viper","IKZF1","MVL_HUB098","-2.0267350638876528990","0.04268951450852711410"
"viper","IKZF4","MVL_HUB098","1.1771124177752252393","0.23915063936507879871"
"viper","ING4","MVL_HUB098","1.0831123038231342814","0.27875857838713802295"
"viper","IRF1","MVL_HUB098","1.4584330941017682459","0.14472120428398094205"
"viper","IRF2","MVL_HUB098","1.4880385367409147968","0.13674073097382039021"
"viper","IRF3","MVL_HUB098","1.4040184829111428400","0.16031334579143666219"
"viper","IRF4","MVL_HUB098","0.8547534639073552931","0.39268764574553749469"
"viper","IRF5","MVL_HUB098","2.6676509166675597129","0.00763835755411841014"
"viper","IRF6","MVL_HUB098","-1.4067923868527909548","0.15948896074182911109"
"viper","IRF7","MVL_HUB098","0.8649404954497690312","0.38707144955706529466"
"viper","IRF8","MVL_HUB098","0.2658076719849635783","0.79038733432406982349"
"viper","IRF9","MVL_HUB098","3.4188697433717063490","0.00062881820505179180"
"viper","IRX1","MVL_HUB098","-0.5100781097015172350","0.60999674049687802047"
"viper","ISL1","MVL_HUB098","-1.3940292347148433016","0.16330877665688015021"
"viper","JARID2","MVL_HUB098","0.0255364866062428239","0.97962704586560545028"
"viper","JDP2","MVL_HUB098","-2.7288755339183512483","0.00635506852743677846"
"viper","JUN","MVL_HUB098","-1.5448516926547641859","0.12238214040542431948"
"viper","JUN_JUNB","MVL_HUB098","-1.6051133485750703755","0.10846886217645083927"
"viper","JUN_JUND","MVL_HUB098","-1.6051133485750703755","0.10846886217645083927"
"viper","JUNB","MVL_HUB098","-1.3328099739588961103","0.18259417177557746292"
"viper","JUNB_JUND","MVL_HUB098","-1.6051133485750703755","0.10846886217645083927"
"viper","JUND","MVL_HUB098","-1.3846093015527223269","0.16617196573367437606"
"viper","KAT2B","MVL_HUB098","2.1226112865694619636","0.03378643839239339058"
"viper","KAT5","MVL_HUB098","-0.4087597578973301560","0.68271597478633971878"
"viper","KAT6A","MVL_HUB098","0.3366647029857975926","0.73636967449902801519"
"viper","KAT7","MVL_HUB098","-0.1984150945201437199","0.84272030849458723356"
"viper","KCNIP3","MVL_HUB098","2.9580265974630095549","0.00309615407685470082"
"viper","KDM2A","MVL_HUB098","0.3055838882622263775","0.75992148932424119501"
"viper","KDM5A","MVL_HUB098","0.2442273240103778609","0.80705476618273463973"
"viper","KDM5B","MVL_HUB098","0.2762658587814804667","0.78234387658322757098"
"viper","KDM5C","MVL_HUB098","0.3787660716190404675","0.70486158430586876023"
"viper","KDM5D","MVL_HUB098","-0.9828412218905752118","0.32568559020496612444"
"viper","KLF1","MVL_HUB098","0.5984346309418835386","0.54954996410894674241"
"viper","KLF10","MVL_HUB098","-1.3693745554592076097","0.17088222368801303519"
"viper","KLF11","MVL_HUB098","-2.1954295401963186407","0.02813280004002475035"
"viper","KLF12","MVL_HUB098","0.6844565223175977930","0.49368693484416509287"
"viper","KLF13","MVL_HUB098","0.0347218805023298896","0.97230151332768244288"
"viper","KLF15","MVL_HUB098","-2.1914023064200396362","0.02842269235543618683"
"viper","KLF2","MVL_HUB098","-0.4110458959899341846","0.68103888122209021994"
"viper","KLF3","MVL_HUB098","0.5615773962512289330","0.57440398451353413822"
"viper","KLF4","MVL_HUB098","-1.6132578719717407534","0.10668849503581347149"
"viper","KLF5","MVL_HUB098","-2.6301010161986302371","0.00853595000992264479"
"viper","KLF6","MVL_HUB098","1.9871268423689656402","0.04690834233705306472"
"viper","KLF7","MVL_HUB098","0.0016549005558951951","0.99867958099949150075"
"viper","KLF8","MVL_HUB098","-0.6001141340693849635","0.54843017354482570536"
"viper","KLF9","MVL_HUB098","-1.6785119285033172076","0.09324720376806165667"
"viper","KMT2A","MVL_HUB098","-0.0053986449714893778","0.99569252545182418412"
"viper","KMT2B","MVL_HUB098","-1.5464764782927571396","0.12198953649639401875"
"viper","LEF1","MVL_HUB098","-0.8656772725788558498","0.38666716687034152766"
"viper","LHX2","MVL_HUB098","-0.1422615614219731872","0.88687340720541618655"
"viper","LHX3","MVL_HUB098","-1.4141049698867240725","0.15733108414289065369"
"viper","LHX8","MVL_HUB098","-0.0534123549363455172","0.95740336144976045940"
"viper","LITAF","MVL_HUB098","-1.3907282010508084102","0.16430786255243859384"
"viper","LMO2","MVL_HUB098","-1.1930892804612753810","0.23283440923811252188"
"viper","LMX1B","MVL_HUB098","3.2712300836251193559","0.00107080752232616041"
"viper","LRRFIP1","MVL_HUB098","-0.8978661049882001866","0.36925693696297468005"
"viper","LYL1","MVL_HUB098","0.6345615775331766573","0.52571439397468466836"
"viper","MAF","MVL_HUB098","0.2654372205475157287","0.79067266630941079875"
"viper","MAFA","MVL_HUB098","0.8007836418215702468","0.42325691066969856058"
"viper","MAFB","MVL_HUB098","0.2763683295637081594","0.78226517913072357580"
"viper","MAFG","MVL_HUB098","-1.6120146128546390951","0.10695875989986336485"
"viper","MAFK","MVL_HUB098","-0.0836698805733265549","0.93331890496999958540"
"viper","MAX","MVL_HUB098","-0.9350788371551796985","0.34974767198693307302"
"viper","MAZ","MVL_HUB098","-1.2945064697238368723","0.19549053600581534074"
"viper","MBD1","MVL_HUB098","-0.9425691978029799856","0.34590130120714002171"
"viper","MBD2","MVL_HUB098","-1.1012014388120936470","0.27080899565052074518"
"viper","MECOM","MVL_HUB098","0.0933213702775874399","0.92564825513891124675"
"viper","MECP2","MVL_HUB098","-0.5731221644452892949","0.56656198094423715350"
"viper","MED1","MVL_HUB098","0.3245650471595869502","0.74551028451274858888"
"viper","MEF2A","MVL_HUB098","-0.2590865295635575993","0.79556847789078666278"
"viper","MEF2C","MVL_HUB098","1.3005714213099477394","0.19340519457553020932"
"viper","MEF2D","MVL_HUB098","-1.0740626724870054876","0.28279459307013976588"
"viper","MEIS1","MVL_HUB098","0.7146809006123572283","0.47480624217196309989"
"viper","MEIS2","MVL_HUB098","-1.8944748879067008218","0.05816200451521402748"
"viper","MEOX1","MVL_HUB098","-3.3514460476389911214","0.00080390701869391379"
"viper","MEOX2","MVL_HUB098","-2.4865500372276856389","0.01289884289304302212"
"viper","MITF","MVL_HUB098","0.0868129478458781467","0.93082019558919437685"
"viper","MLXIPL","MVL_HUB098","-0.3577191535632958663","0.72055349788467693006"
"viper","MNT","MVL_HUB098","1.9533387672153339487","0.05077946670244232880"
"viper","MSC","MVL_HUB098","-2.4043015650840109387","0.01620340046929085245"
"viper","MSX1","MVL_HUB098","-1.4028104096552838076","0.16067338202357711596"
"viper","MSX2","MVL_HUB098","-1.5061356615235736989","0.13203235159424955847"
"viper","MTA1","MVL_HUB098","0.4884062003304068256","0.62526215093918025012"
"viper","MTA3","MVL_HUB098","0.1973260376594550281","0.84357240479973383263"
"viper","MTF1","MVL_HUB098","-2.9356862265821246361","0.00332810776867060055"
"viper","MTF2","MVL_HUB098","-1.8683999691198194260","0.06170634138483162973"
"viper","MXD1","MVL_HUB098","-0.5439818212139302389","0.58645398250471569845"
"viper","MXI1","MVL_HUB098","-0.0988742674450242831","0.92123810037475473145"
"viper","MYB","MVL_HUB098","-1.9388108552198077827","0.05252437383828640477"
"viper","MYBL1","MVL_HUB098","-0.4712418836433379665","0.63746801210758941014"
"viper","MYBL2","MVL_HUB098","-0.5187607569337140401","0.60392758709052773991"
"viper","MYC","MVL_HUB098","-2.7597056141259388440","0.00578534681135436067"
"viper","MYCN","MVL_HUB098","-0.1452437913118092838","0.88451839202300208687"
"viper","MYF5","MVL_HUB098","-0.9288159796128213630","0.35298446168237113119"
"viper","MYF6","MVL_HUB098","-1.1724684512246865697","0.24100903130903433835"
"viper","MYOD1","MVL_HUB098","-0.4941722894444808833","0.62118450808551295417"
"viper","MYOG","MVL_HUB098","-1.2915684798351223517","0.19650662564176579750"
"viper","MYRF","MVL_HUB098","0.5236393073468356141","0.60052943657512181108"
"viper","MYT1","MVL_HUB098","0.8235794049575058118","0.41017858206139135024"
"viper","MZF1","MVL_HUB098","-1.2744138226175698581","0.20251679613621464959"
"viper","NAB2","MVL_HUB098","1.5609474367690046037","0.11853615346700488442"
"viper","NANOG","MVL_HUB098","1.8074138451806187611","0.07069777681736774677"
"viper","NCOA1","MVL_HUB098","-1.1355370154204988964","0.25615038187098726485"
"viper","NCOA2","MVL_HUB098","-2.2574493829449666649","0.02398000894891409024"
"viper","NCOA3","MVL_HUB098","1.1431769480151026119","0.25296513120817160081"
"viper","NCOR1","MVL_HUB098","-2.7628276774955686790","0.00573030109800377191"
"viper","NCOR2","MVL_HUB098","-2.0908107407451170801","0.03654503290651326536"
"viper","NEUROD1","MVL_HUB098","-2.0180499225390975404","0.04358606231258242009"
"viper","NEUROD2","MVL_HUB098","-2.0342366118994559265","0.04192774480746221805"
"viper","NEUROD6","MVL_HUB098","0.2438580265096902955","0.80734077790086677950"
"viper","NEUROG1","MVL_HUB098","-1.0438159896416352446","0.29657053233836555561"
"viper","NEUROG2","MVL_HUB098","-0.5241137877174433246","0.60019939931068078121"
"viper","NEUROG3","MVL_HUB098","1.1222166767853209990","0.26177032360747615192"
"viper","NFAT5","MVL_HUB098","0.6278536622951170765","0.53009980869201345222"
"viper","NFATC1","MVL_HUB098","0.4892938121446785416","0.62463370126030037799"
"viper","NFATC2","MVL_HUB098","0.1922080080773894972","0.84757927331941984583"
"viper","NFATC3","MVL_HUB098","1.1998458012229438197","0.23019923248857590559"
"viper","NFATC4","MVL_HUB098","0.5644742195074655688","0.57243144050198235817"
"viper","NFE2","MVL_HUB098","0.6036596377829798188","0.54606995399859536988"
"viper","NFE2L1","MVL_HUB098","-0.6669620522259265272","0.50479637302162427837"
"viper","NFE2L2","MVL_HUB098","-1.5563530168569104095","0.11962417087067084287"
"viper","NFE2L3","MVL_HUB098","0.2527330344354704050","0.80047451859510321270"
"viper","NFIA","MVL_HUB098","-1.1979106279457547579","0.23095181179320298237"
"viper","NFIB","MVL_HUB098","0.4881837908299703765","0.62541966471558629870"
"viper","NFIC","MVL_HUB098","-2.4236982157311905972","0.01536336655283260071"
"viper","NFIL3","MVL_HUB098","-1.5683019667276196785","0.11681067717022204644"
"viper","NFIX","MVL_HUB098","1.3130478258355953169","0.18916683304084069839"
"viper","NFKB1","MVL_HUB098","-0.4202610617868870468","0.67429475190170029553"
"viper","NFKB1_NFKB2","MVL_HUB098","-2.0175905282287756037","0.04363392414403105546"
"viper","NFKB1_REL","MVL_HUB098","-2.0175905282287756037","0.04363392414403105546"
"viper","NFKB1_RELA","MVL_HUB098","-2.0175905282287756037","0.04363392414403105546"
"viper","NFKB1_RELB","MVL_HUB098","-2.0175905282287756037","0.04363392414403105546"
"viper","NFKB2","MVL_HUB098","-2.0387904148342652633","0.04147094935893348711"
"viper","NFKB2_REL","MVL_HUB098","-2.0175905282287751596","0.04363392414403109015"
"viper","NFKB2_RELA","MVL_HUB098","-2.0175905282287751596","0.04363392414403109015"
"viper","NFKB2_RELB","MVL_HUB098","-2.0175905282287751596","0.04363392414403109015"
"viper","NFKBIB","MVL_HUB098","-1.1778962608960950043","0.23883796592543754533"
"viper","NFYA","MVL_HUB098","-2.2374382598409332523","0.02525771030219767233"
"viper","NFYB","MVL_HUB098","0.9152756886628270472","0.36004691861244003670"
"viper","NFYC","MVL_HUB098","1.3753656465411743248","0.16901811379952427772"
"viper","NKRF","MVL_HUB098","1.3554407957876206670","0.17527715931737797295"
"viper","NKX2-1","MVL_HUB098","-3.4466875758469472935","0.00056750445020158525"
"viper","NKX2-2","MVL_HUB098","1.3163252971490124743","0.18806488365542947672"
"viper","NKX2-5","MVL_HUB098","0.1149028198485623764","0.90852214998497748955"
"viper","NKX3-1","MVL_HUB098","-1.3415190993570003108","0.17975197288175692734"
"viper","NKX6-1","MVL_HUB098","0.7848906990548443208","0.43251765575880007919"
"viper","NONO","MVL_HUB098","0.8258774082376736381","0.40887363729994463668"
"viper","NOTCH1","MVL_HUB098","-3.1939898727642992426","0.00140321039772828022"
"viper","NOTO","MVL_HUB098","2.1267784562427740624","0.03343849514272870943"
"viper","NPAS2","MVL_HUB098","0.5957694790411887098","0.55132923573062631029"
"viper","NPM1","MVL_HUB098","-2.2693241057944280037","0.02324862366644992601"
"viper","NR0B1","MVL_HUB098","0.8637489522614699711","0.38772581584923809794"
"viper","NR0B2","MVL_HUB098","-1.6500147580382245049","0.09893991764471540828"
"viper","NR1D1","MVL_HUB098","1.3729207889178753899","0.16977697299395477781"
"viper","NR1H2","MVL_HUB098","-0.8907998833782435621","0.37303653774173173296"
"viper","NR1H3","MVL_HUB098","-1.3298542790829475102","0.18356628799806939956"
"viper","NR1H4","MVL_HUB098","-2.6409721474609568759","0.00826685152264254423"
"viper","NR1I2","MVL_HUB098","-3.3144424033693047349","0.00091826095407207152"
"viper","NR1I3","MVL_HUB098","1.7087429626816734718","0.08749857215671558164"
"viper","NR2C1","MVL_HUB098","-1.6188244767000610214","0.10548503413045806631"
"viper","NR2C2","MVL_HUB098","-0.5618985913367691154","0.57418511350826939577"
"viper","NR2E1","MVL_HUB098","1.3414203958728148081","0.17978399921096918646"
"viper","NR2E3","MVL_HUB098","-0.5725948370318378888","0.56691905630074557187"
"viper","NR2F1","MVL_HUB098","1.0986294525677104961","0.27192972555054517603"
"viper","NR2F2","MVL_HUB098","-1.0314648280400777747","0.30232289369523951406"
"viper","NR2F6","MVL_HUB098","0.8577811343277920164","0.39101332896917967430"
"viper","NR3C1","MVL_HUB098","-1.2728273650745351997","0.20307930835342236087"
"viper","NR3C2","MVL_HUB098","-1.1752187116405645728","0.23990722603421524295"
"viper","NR4A1","MVL_HUB098","-0.6098837666078474884","0.54193880670713534542"
"viper","NR4A2","MVL_HUB098","-0.1605260003568688976","0.87246674187411321633"
"viper","NR4A3","MVL_HUB098","-0.2322884128066444454","0.81631401157621896747"
"viper","NR5A1","MVL_HUB098","0.8506954769347624401","0.39493853639029080638"
"viper","NR5A2","MVL_HUB098","-2.4583741030250636506","0.01395677021700419788"
"viper","NR6A1","MVL_HUB098","-0.2395483129787477350","0.81068043836141234770"
"viper","NRF1","MVL_HUB098","-2.2466320064008580282","0.02466355492082750178"
"viper","NRG1","MVL_HUB098","-2.7904448134690342798","0.00526356725400469686"
"viper","NRL","MVL_HUB098","1.2669053943845698385","0.20518911965210745452"
"viper","NUPR1","MVL_HUB098","-2.0986082270609958123","0.03585145053276733024"
"viper","OLIG1","MVL_HUB098","-0.2812824600908864214","0.77849376227355193691"
"viper","OLIG2","MVL_HUB098","-1.1321393111426432121","0.25757586997704795539"
"viper","ONECUT1","MVL_HUB098","-0.1709906204891536163","0.86423114074753326630"
"viper","OTX2","MVL_HUB098","1.5450802143212465367","0.12232686214127054536"
"viper","OVOL1","MVL_HUB098","-1.9843092722363604441","0.04722137315847965006"
"viper","PARK7","MVL_HUB098","-0.5740503437307022949","0.56593373423561754709"
"viper","PATZ1","MVL_HUB098","-2.0340247222516021353","0.04194910289505722478"
"viper","PAX2","MVL_HUB098","1.2549890412767616965","0.20948273820304144643"
"viper","PAX3","MVL_HUB098","-0.4280904747836072333","0.66858525135301083431"
"viper","PAX5","MVL_HUB098","-3.3506487256436807698","0.00080622502677451418"
"viper","PAX6","MVL_HUB098","-0.9663133603980613717","0.33388740265121774620"
"viper","PAX7","MVL_HUB098","-2.2462334107326551447","0.02468906124064080068"
"viper","PAX8","MVL_HUB098","0.4738521595932202457","0.63560533636230887033"
"viper","PAX9","MVL_HUB098","-0.2997579253297720792","0.76436181098458111371"
"viper","PBRM1","MVL_HUB098","-1.5484099934986275127","0.12152361667796064693"
"viper","PBX1","MVL_HUB098","-2.4791077920859065920","0.01317114951137740055"
"viper","PDX1","MVL_HUB098","-0.8410238559917450063","0.40033457002788119805"
"viper","PEG3","MVL_HUB098","0.6363823965322968901","0.52452721172580107911"
"viper","PGR","MVL_HUB098","-0.6295079812803334729","0.52901654521222418737"
"viper","PHF20","MVL_HUB098","0.4374603280746489076","0.66177754104141717217"
"viper","PHOX2B","MVL_HUB098","-0.9613628127345847929","0.33636977539876700138"
"viper","PIN1","MVL_HUB098","-1.6439750403716930638","0.10018135816872000832"
"viper","PITX1","MVL_HUB098","0.7743068794329966975","0.43874933641534424877"
"viper","PITX2","MVL_HUB098","0.1970366308743645434","0.84379887234893036219"
"viper","PITX3","MVL_HUB098","-0.2017178227128847423","0.84013732849984978923"
"viper","PKNOX1","MVL_HUB098","-1.2199976173064359664","0.22246577814350776414"
"viper","PLAG1","MVL_HUB098","-1.0951539311610865024","0.27344920463815880485"
"viper","PLAGL1","MVL_HUB098","-1.6328715825237596349","0.10249600797381420991"
"viper","PML","MVL_HUB098","-0.1408704641297053861","0.88797227564051162130"
"viper","POU1F1","MVL_HUB098","-0.7570933342507834007","0.44899394727363922675"
"viper","POU2F1","MVL_HUB098","-1.4606886469649678073","0.14410090609424791586"
"viper","POU2F2","MVL_HUB098","-2.3239992609808290958","0.02012553364951409282"
"viper","POU3F1","MVL_HUB098","1.0272348737753076442","0.30430988048430890336"
"viper","POU3F2","MVL_HUB098","0.2258698866116332082","0.82130261960732642290"
"viper","POU4F1","MVL_HUB098","-2.0210215023221795860","0.04327753926872418555"
"viper","POU4F2","MVL_HUB098","-1.2098144206346828078","0.22635011145483066586"
"viper","POU5F1","MVL_HUB098","0.9055160076059823870","0.36519208335707087354"
"viper","PPARA","MVL_HUB098","-1.5274302512901050122","0.12665405884356703559"
"viper","PPARD","MVL_HUB098","-0.5855797475302256805","0.55815796141340134895"
"viper","PPARG","MVL_HUB098","-1.5897718641083811164","0.11188623811555753473"
"viper","PPARGC1A","MVL_HUB098","-2.0104326308604583140","0.04438541978125027515"
"viper","PRDM1","MVL_HUB098","1.3990726711804721827","0.16179119195268160114"
"viper","PRDM2","MVL_HUB098","-3.5459554621877891201","0.00039119231737573323"
"viper","PRDM4","MVL_HUB098","1.1028106514746405242","0.27010940154499635257"
"viper","PREB","MVL_HUB098","-0.0145803769019181573","0.98836695455386247566"
"viper","PROP1","MVL_HUB098","-1.6127989676837368727","0.10678819048045568030"
"viper","PROX1","MVL_HUB098","-1.9404941415022878282","0.05231966547493115821"
"viper","PTF1A","MVL_HUB098","0.7255349349944649751","0.46812392091498716828"
"viper","PURA","MVL_HUB098","-0.5386379426105654122","0.59013670148073982258"
"viper","RARA","MVL_HUB098","-1.6374779813198498957","0.10153063599052142285"
"viper","RARB","MVL_HUB098","-0.9114343879063440124","0.36206654165288487679"
"viper","RARG","MVL_HUB098","-0.6330444245750843635","0.52670463291860025734"
"viper","RB1","MVL_HUB098","1.2847322308857960227","0.19888587119792619506"
"viper","RBPJ","MVL_HUB098","-3.4803233963646520444","0.00050080887239688503"
"viper","RCOR2","MVL_HUB098","-0.9197691474047972049","0.35769340928078086073"
"viper","REL","MVL_HUB098","-1.8319441617782250553","0.06695974014581944356"
"viper","REL_RELA","MVL_HUB098","-2.0175905282287756037","0.04363392414403105546"
"viper","REL_RELB","MVL_HUB098","-2.0175905282287756037","0.04363392414403105546"
"viper","RELA","MVL_HUB098","-0.7006926513753265473","0.48349484309713891550"
"viper","RELA_RELB","MVL_HUB098","-2.0175905282287756037","0.04363392414403105546"
"viper","RELB","MVL_HUB098","-2.0973804219790599390","0.03595991277734736369"
"viper","REST","MVL_HUB098","1.3601507348924015695","0.17378222878974938781"
"viper","RFX1","MVL_HUB098","-1.6133687694585141514","0.10666441399254078526"
"viper","RFX5","MVL_HUB098","0.3031025760981373440","0.76181169100309875652"
"viper","RFXANK","MVL_HUB098","1.3856060279064881247","0.16586723659059487979"
"viper","RFXAP","MVL_HUB098","0.4385509466495733921","0.66098694712787009475"
"viper","RORA","MVL_HUB098","-2.0316477514023087991","0.04218932886109208469"
"viper","RORC","MVL_HUB098","0.2232181740897958844","0.82336570788541196819"
"viper","RREB1","MVL_HUB098","-2.1230765525867454357","0.03374743748752052214"
"viper","RUNX1","MVL_HUB098","-1.1799705609714268295","0.23801192378787791593"
"viper","RUNX2","MVL_HUB098","-1.7801148145393037581","0.07505717258019725668"
"viper","RUNX3","MVL_HUB098","-0.3288258411679153559","0.74228732982120160244"
"viper","RXRA","MVL_HUB098","-1.0523002210429577286","0.29266183030612197280"
"viper","RXRB","MVL_HUB098","-1.8206295108528895987","0.06866319376013177433"
"viper","SALL2","MVL_HUB098","-1.7998365066181558625","0.07188645768148484161"
"viper","SALL4","MVL_HUB098","0.8690745213283936899","0.38480637158763775219"
"viper","SATB1","MVL_HUB098","-2.7938181727561079981","0.00520897581475359122"
"viper","SATB2","MVL_HUB098","-0.7954051934500618870","0.42637783989415811714"
"viper","SF1","MVL_HUB098","0.6403921798074414529","0.52191766567488018236"
"viper","SFPQ","MVL_HUB098","-0.0376740318246940320","0.96994758089538135604"
"viper","SIM2","MVL_HUB098","2.0611796462449083478","0.03928590457933050367"
"viper","SIN3A","MVL_HUB098","-3.1007625296207281806","0.00193023021812922368"
"viper","SIRT1","MVL_HUB098","-2.2688764571011450499","0.02327583978513168492"
"viper","SIX1","MVL_HUB098","-0.3283133719829923192","0.74267473465430389190"
"viper","SIX3","MVL_HUB098","0.7319076599269804806","0.46422493053331215229"
"viper","SKIL","MVL_HUB098","-3.2139664654261572707","0.00130914961962370034"
"viper","SMAD1","MVL_HUB098","-1.0455017060563736031","0.29579115249693860301"
"viper","SMAD2","MVL_HUB098","1.5714900865661842744","0.11606885531273980483"
"viper","SMAD3","MVL_HUB098","-1.3076605164953274407","0.19098848098100246196"
"viper","SMAD4","MVL_HUB098","-1.9401366827592883002","0.05236308098117749971"
"viper","SMAD5","MVL_HUB098","-1.5001528415080036538","0.13357481574665311386"
"viper","SMAD6","MVL_HUB098","-2.0717335013782869346","0.03829030123827700111"
"viper","SMAD7","MVL_HUB098","0.8562633271204078689","0.39185214131338264032"
"viper","SMARCA1","MVL_HUB098","-3.1847386884975423804","0.00144884772437672772"
"viper","SMARCA4","MVL_HUB098","-1.5793093454793218910","0.11426511930855094701"
"viper","SMARCA5","MVL_HUB098","-0.8468644390074261397","0.39707068569380660206"
"viper","SMARCB1","MVL_HUB098","-0.7809002970702726421","0.43486113735198861363"
"viper","SNAI1","MVL_HUB098","-2.4924677827599444058","0.01268588387191388160"
"viper","SNAI2","MVL_HUB098","-2.3005927124363712011","0.02141466334829498705"
"viper","SOX10","MVL_HUB098","-0.7628225459268764830","0.44556923323063785114"
"viper","SOX11","MVL_HUB098","-0.3482988252633756332","0.72761577598516846699"
"viper","SOX17","MVL_HUB098","-1.5545167332606630861","0.12006120838866270184"
"viper","SOX2","MVL_HUB098","0.2216925468018059453","0.82455323254579426795"
"viper","SOX4","MVL_HUB098","-0.7652627650018319905","0.44411509161086121233"
"viper","SOX6","MVL_HUB098","-3.2931295615297124790","0.00099078806653811013"
"viper","SOX9","MVL_HUB098","-1.1548365004174370174","0.24815738684029844952"
"viper","SP1","MVL_HUB098","-1.5409233907066723912","0.12333543224480185418"
"viper","SP2","MVL_HUB098","-0.3287121061700065683","0.74237330299288950552"
"viper","SP3","MVL_HUB098","-1.8173172456172077549","0.06916855081707214137"
"viper","SP4","MVL_HUB098","-1.4435879514665050927","0.14885491608938655750"
"viper","SP7","MVL_HUB098","1.5770125129586789470","0.11479264591537850781"
"viper","SPDEF","MVL_HUB098","-3.1295475947900528446","0.00175075707946827780"
"viper","SPI1","MVL_HUB098","-2.6265389587350096434","0.00862581176086477455"
"viper","SPIB","MVL_HUB098","-0.6288180776129125293","0.52946816360161430559"
"viper","SREBF1","MVL_HUB098","-4.3848137006429990237","0.00001160850838410046"
"viper","SREBF2","MVL_HUB098","-3.9121698220365117571","0.00009147055068657451"
"viper","SRF","MVL_HUB098","-2.6916311939422712385","0.00711035262203482937"
"viper","SRSF2","MVL_HUB098","1.8210459645960981323","0.06859987010074869440"
"viper","SRY","MVL_HUB098","-1.2688539171450006204","0.20449317082147613900"
"viper","SSRP1","MVL_HUB098","-1.2243277699567678418","0.22082860509475690791"
"viper","STAT1","MVL_HUB098","-1.5094657481932536314","0.13117980201703768883"
"viper","STAT2","MVL_HUB098","1.2216497965086432487","0.22184008887882247785"
"viper","STAT3","MVL_HUB098","-1.2118513339788461458","0.22556929393436955800"
"viper","STAT4","MVL_HUB098","-3.3030714657489452790","0.00095632012436301270"
"viper","STAT5A","MVL_HUB098","-1.5437539181481201300","0.12264795880655866844"
"viper","STAT5B","MVL_HUB098","-1.8917859539047874318","0.05851950550929151812"
"viper","STAT6","MVL_HUB098","-0.6473944756369092168","0.51737667039097989807"
"viper","TADA2A","MVL_HUB098","-0.1247935753231367711","0.90068697378025464051"
"viper","TAF1","MVL_HUB098","0.4734907752773818146","0.63586308073557906706"
"viper","TAL1","MVL_HUB098","1.0189062084793696350","0.30824749596026734810"
"viper","TBP","MVL_HUB098","-0.4324224505263758456","0.66543440396749131693"
"viper","TBPL1","MVL_HUB098","1.7655661937234394809","0.07746865584243460556"
"viper","TBPL2","MVL_HUB098","1.3934117188062498105","0.16349532400976682367"
"viper","TBX1","MVL_HUB098","-0.1909795109778528177","0.84854164557262834467"
"viper","TBX15","MVL_HUB098","-0.3566239194798724310","0.72137336825658260331"
"viper","TBX18","MVL_HUB098","-1.7600006315883864882","0.07840769948749433393"
"viper","TBX2","MVL_HUB098","-2.8428554016017777428","0.00447113504192509469"
"viper","TBX21","MVL_HUB098","-1.4214449204772257040","0.15518745526925073475"
"viper","TBX3","MVL_HUB098","-0.9258419449845445293","0.35452812533331662381"
"viper","TBX5","MVL_HUB098","-0.9124728678709534968","0.36151984598563696727"
"viper","TBX6","MVL_HUB098","0.4386168873956869940","0.66093915852039775150"
"viper","TCF12","MVL_HUB098","-1.6735096943165546080","0.09422699972463571827"
"viper","TCF21","MVL_HUB098","0.9653121606309121860","0.33438848268046672541"
"viper","TCF3","MVL_HUB098","-2.7228984691899791315","0.00647119421582703289"
"viper","TCF4","MVL_HUB098","-0.3184525742464739406","0.75014166375962576527"
"viper","TCF7","MVL_HUB098","-0.1471518409380125347","0.88301217205408122357"
"viper","TCF7L2","MVL_HUB098","-0.5568488847652985907","0.57763068081000890075"
"viper","TEAD1","MVL_HUB098","-1.3788029423150547359","0.16795551929676064140"
"viper","TEAD2","MVL_HUB098","-1.1300092050577275060","0.25847234575487620933"
"viper","TEAD4","MVL_HUB098","3.4130328998108208083","0.00064244185868400259"
"viper","TEF","MVL_HUB098","1.3531789498411661565","0.17599846841966262923"
"viper","TET1","MVL_HUB098","1.1737201647045558683","0.24050713064497686311"
"viper","TFAM","MVL_HUB098","-0.9129069620914509464","0.36129147559891372499"
"viper","TFAP2A","MVL_HUB098","-1.1919713022552065329","0.23327249801696584020"
"viper","TFAP2B","MVL_HUB098","0.4449342253346995069","0.65636728813826206164"
"viper","TFAP2C","MVL_HUB098","-1.3633428871879409439","0.17277447164631429266"
"viper","TFAP4","MVL_HUB098","-1.8902847990647475562","0.05871988068261092819"
"viper","TFCP2","MVL_HUB098","-1.8462200509968711426","0.06486026071318726216"
"viper","TFDP1","MVL_HUB098","1.9071329523342084311","0.05650337306128092041"
"viper","TFDP3","MVL_HUB098","-0.4373483293003800898","0.66185875079035416668"
"viper","TFE3","MVL_HUB098","-2.5623336656715434145","0.01039713771122239422"
"viper","TGFB1I1","MVL_HUB098","-1.3977875937152051122","0.16217686098606926004"
"viper","TGIF1","MVL_HUB098","-1.0792523055045804004","0.28047526820518015045"
"viper","THAP11","MVL_HUB098","-2.7489318991100510914","0.00597898070807458600"
"viper","THRA","MVL_HUB098","-1.0717187905690126470","0.28384635829087828673"
"viper","THRB","MVL_HUB098","-2.7431380511842524683","0.00608550954146351315"
"viper","TLX1","MVL_HUB098","-1.1993804437627373360","0.23038004825925842423"
"viper","TLX3","MVL_HUB098","0.1483216356449183482","0.88208894142907112723"
"viper","TOX3","MVL_HUB098","2.5163719553670103046","0.01185699753986876187"
"viper","TP53","MVL_HUB098","-0.5201122114657297235","0.60298536766451404922"
"viper","TP63","MVL_HUB098","-1.6371607103723828658","0.10159689407365214697"
"viper","TP73","MVL_HUB098","-3.1207299185576165002","0.00180403407165682862"
"viper","TRIM28","MVL_HUB098","-0.6883440370804377872","0.49123615637313655657"
"viper","TRPS1","MVL_HUB098","0.9710982824933473978","0.33149933900409256360"
"viper","TSC22D1","MVL_HUB098","-1.8356907432373958944","0.06640340777934460037"
"viper","TTF1","MVL_HUB098","0.1257934455122823869","0.89989543028228979882"
"viper","TWIST1","MVL_HUB098","0.3423340225384225444","0.73209953431782870403"
"viper","TWIST2","MVL_HUB098","0.9559958988622635490","0.33907430647284364511"
"viper","UBTF","MVL_HUB098","-0.6704146911160958622","0.50259347199999160338"
"viper","USF1","MVL_HUB098","-1.0675445428358758537","0.28572601086574977991"
"viper","USF2","MVL_HUB098","0.1762372018956754327","0.86010759527968672078"
"viper","VDR","MVL_HUB098","0.2104910283751766364","0.83328445313876020606"
"viper","VENTX","MVL_HUB098","-0.2645770911178287332","0.79133527002665160488"
"viper","VHL","MVL_HUB098","-0.9998746246217861122","0.31737118600865499296"
"viper","VSX2","MVL_HUB098","-0.0008726850214093205","0.99930369818335507137"
"viper","WT1","MVL_HUB098","-2.7592844084140653038","0.00579280955911380072"
"viper","WWTR1","MVL_HUB098","-2.4575696937973945388","0.01398806664551411304"
"viper","XBP1","MVL_HUB098","-0.6628878311717073535","0.50740239587593127801"
"viper","YAP1","MVL_HUB098","-0.9378942580493629944","0.34829875430916712453"
"viper","YBX1","MVL_HUB098","-1.2325671856468880527","0.21773728592827587547"
"viper","YBX3","MVL_HUB098","-0.0668475844147250892","0.94670304121559600841"
"viper","YY1","MVL_HUB098","-0.4305661174432331428","0.66678388210527894664"
"viper","ZBED1","MVL_HUB098","1.3798779151352567052","0.16762423750813290613"
"viper","ZBTB14","MVL_HUB098","-3.2571311121855628379","0.00112544435521941591"
"viper","ZBTB16","MVL_HUB098","-0.5891998103150076771","0.55572724439513143668"
"viper","ZBTB17","MVL_HUB098","-2.5153566592789737832","0.01189120206096482002"
"viper","ZBTB33","MVL_HUB098","0.3302104045011516331","0.74124098571331242802"
"viper","ZBTB4","MVL_HUB098","-1.9339621310304420110","0.05311778404673650478"
"viper","ZBTB7A","MVL_HUB098","-0.8439265356266849594","0.39871045894515888541"
"viper","ZBTB7B","MVL_HUB098","-2.0119172758580829985","0.04422865796737433797"
"viper","ZEB1","MVL_HUB098","-1.8905819788943576398","0.05868016774971775151"
"viper","ZEB2","MVL_HUB098","-1.2859797012317504272","0.19845014599921087517"
"viper","ZFP42","MVL_HUB098","-1.8679318093032186709","0.06177157640875051425"
"viper","ZFPM1","MVL_HUB098","-1.6939922188796869840","0.09026676164813621228"
"viper","ZFPM2","MVL_HUB098","-1.2599947964652780108","0.20767123938397580307"
"viper","ZGLP1","MVL_HUB098","-1.8993573082620469616","0.05751751262652468610"
"viper","ZGPAT","MVL_HUB098","1.0347678564903197707","0.30077733764377428960"
"viper","ZHX2","MVL_HUB098","1.4243756610066069523","0.15433775592284648681"
"viper","ZIC1","MVL_HUB098","-0.7157967293005718101","0.47411687228933152571"
"viper","ZKSCAN7","MVL_HUB098","0.0715510891735880589","0.94295916543399660448"
"viper","ZMYND8","MVL_HUB098","-0.6016312974304387495","0.54741959098417614094"
"viper","ZNF143","MVL_HUB098","-0.5233470844976974012","0.60073274065218629225"
"viper","ZNF148","MVL_HUB098","-2.5463754857647162844","0.01088480356377830201"
"viper","ZNF236","MVL_HUB098","-0.8741535755833247379","0.38203462422456119230"
"viper","ZNF263","MVL_HUB098","0.9328078892685389700","0.35091916712947840429"
"viper","ZNF300","MVL_HUB098","1.0746285013363947591","0.28254108616152168176"
"viper","ZNF331","MVL_HUB098","0.0534555602847516104","0.95736893774748854646"
"viper","ZNF335","MVL_HUB098","0.7409450419744502137","0.45872676366179337970"
"viper","ZNF350","MVL_HUB098","-2.1369490780270412600","0.03260213359651287918"
"viper","ZNF354C","MVL_HUB098","0.8431657456668898432","0.39913575303637061076"
"viper","ZNF362","MVL_HUB098","-1.9698278905101509473","0.04885809895642577450"
"viper","ZNF382","MVL_HUB098","-2.4671227392441128501","0.01362036615124415269"
"viper","ZNF384","MVL_HUB098","-1.6962514491825773089","0.08983827075282652119"
"viper","ZNF395","MVL_HUB098","0.9343882163171358668","0.35010367394113550699"
"viper","ZNF436","MVL_HUB098","-1.5843260009088182549","0.11311955185200872620"
"viper","ZNF699","MVL_HUB098","-0.1823428129980907975","0.85531370191696953764"
"viper","ZNF76","MVL_HUB098","-1.5602698836251844838","0.11869611717595000833"
"viper","ZNF804A","MVL_HUB098","1.4582389815602943006","0.14477468251910732833"
"viper","ZNF91","MVL_HUB098","-1.3277260579188969736","0.18426862188365050743"
"viper","ZXDC","MVL_HUB098","-0.3653042256245641051","0.71488432446457406133"
